freq_your,freq_000,freq_remove,freq_dollar,freq_you,freq_free,freq_business,freq_hp,capital_total,freq_our,freq_exclamation,freq_receive,freq_hpl,freq_over,freq_order,freq_money,capital_longest,freq_internet,label
0.96,0.0,0.0,0.0,1.93,0.32,0.0,0.0,278,0.32,0.778,0.0,0.0,0.0,0.0,0.0,61,0.0,1
1.59,0.43,0.21,0.18,3.47,0.14,0.07,0.0,1028,0.14,0.372,0.21,0.0,0.28,0.0,0.43,101,0.07,1
0.51,1.16,0.19,0.184,1.36,0.06,0.06,0.0,2259,1.23,0.276,0.38,0.0,0.19,0.64,0.06,485,0.12,1
0.31,0.0,0.31,0.0,3.18,0.31,0.0,0.0,191,0.63,0.137,0.31,0.0,0.0,0.31,0.0,40,0.63,1
0.31,0.0,0.31,0.0,3.18,0.31,0.0,0.0,191,0.63,0.135,0.31,0.0,0.0,0.31,0.0,40,0.63,1
0.0,0.0,0.0,0.0,0.0,0.0,0.0,0.0,54,1.85,0.0,0.0,0.0,0.0,0.0,0.0,15,1.85,1
0.64,0.0,0.0,0.054,3.85,0.96,0.0,0.0,112,1.92,0.164,0.96,0.0,0.0,0.0,0.0,4,0.0,1
0.0,0.0,0.0,0.0,0.0,0.0,0.0,0.0,49,1.88,0.0,0.0,0.0,0.0,0.0,0.0,11,1.88,1
2.0,0.0,0.3,0.203,1.23,0.0,0.0,0.0,1257,0.61,0.181,0.76,0.0,0.0,0.92,0.15,445,0.0,1
0.71,0.19,0.38,0.081,1.67,0.0,0.0,0.0,749,0.19,0.244,0.0,0.0,0.32,0.06,0.0,43,0.0,1
0.96,0.0,0.96,0.0,3.84,0.0,0.0,0.0,21,0.0,0.462,0.96,0.0,0.0,0.0,0.0,6,0.0,1
0.77,0.0,0.25,0.0,1.16,0.0,0.0,0.0,184,0.38,0.663,0.12,0.0,0.25,0.0,0.0,11,0.0,1
1.04,0.0,0.0,0.0,2.09,0.34,0.0,0.0,261,0.34,0.786,0.0,0.0,0.0,0.0,0.0,61,0.0,1
0.9,0.0,0.9,0.0,2.72,0.0,0.0,0.0,25,0.9,0.0,0.9,0.0,0.0,0.0,0.0,7,0.0,1
2.85,0.35,0.0,0.0,3.21,5.35,0.0,0.0,205,0.71,0.357,0.0,0.0,0.35,0.0,0.0,24,0.35,1
1.27,0.0,0.42,0.063,1.7,1.27,0.0,0.0,249,1.27,0.572,0.0,0.0,0.0,0.0,0.42,55,0.0,1
2.83,0.0,0.0,0.0,1.88,0.0,0.0,0.0,107,0.94,0.428,0.0,0.0,0.0,0.0,0.0,31,0.0,1
2.11,0.7,0.0,0.37,0.0,0.0,0.0,0.0,461,0.0,1.975,0.0,0.0,0.0,0.0,0.0,95,0.0,1
0.92,0.0,0.18,0.0,3.15,0.0,0.37,0.0,70,1.11,0.455,0.0,0.0,0.0,0.0,0.0,4,0.0,1
1.91,0.31,0.0,0.496,2.22,0.63,0.31,0.0,186,1.59,0.055,0.0,0.0,0.31,0.31,0.63,91,0.0,1
0.0,0.0,0.0,0.0,0.0,0.0,0.0,0.0,23,0.0,0.729,0.0,0.0,0.0,0.0,0.0,9,0.0,1
1.57,0.05,0.15,0.046,2.09,0.0,0.02,0.0,2259,0.76,0.25,0.1,0.0,0.05,0.55,0.0,66,0.02,1
0.0,0.0,0.0,0.0,0.0,2.94,0.0,0.0,34,2.94,0.809,0.0,0.0,0.0,0.0,0.0,12,0.0,1
1.75,0.0,0.0,0.0,1.16,1.16,0.0,0.0,69,1.16,0.667,0.0,0.0,0.0,0.0,0.0,5,0.0,1
0.0,0.0,0.0,0.196,0.0,0.0,0.0,0.0,82,0.0,0.392,0.0,0.0,0.0,0.0,0.0,22,0.0,1
1.57,0.05,0.15,0.046,2.09,0.0,0.02,0.0,2258,0.76,0.25,0.1,0.0,0.05,0.55,0.0,66,0.02,1
0.0,0.0,0.0,0.196,0.0,0.0,0.0,0.0,82,0.0,0.392,0.0,0.0,0.0,0.0,0.0,22,0.0,1
0.0,0.0,1.66,0.0,3.33,0.0,0.0,0.0,47,0.0,0.368,0.0,0.0,0.0,0.0,3.33,12,0.0,1
0.0,0.0,0.0,0.0,0.0,3.33,0.0,0.0,36,0.0,0.352,0.0,0.0,0.0,0.0,0.0,11,0.0,1
1.3,0.0,0.65,0.0,1.3,0.65,1.3,0.0,129,0.65,0.091,0.65,0.0,0.0,0.0,0.65,66,0.0,1
0.0,0.0,0.0,0.0,3.52,0.0,1.17,0.0,59,0.0,0.886,0.0,0.0,0.0,0.0,0.0,10,0.0,1
0.0,0.0,0.0,0.0,0.0,3.03,0.0,0.0,43,0.0,2.112,0.0,0.0,0.0,0.0,0.0,11,0.0,1
2.7,0.0,0.0,0.091,3.51,0.27,0.0,0.0,89,1.89,0.0,0.0,0.0,0.27,0.0,0.27,11,0.0,1
0.0,0.0,0.0,0.302,4.83,0.0,0.0,0.0,17,0.0,0.0,0.0,0.0,0.0,0.0,0.0,5,0.0,1
0.68,0.0,0.0,0.0,2.04,0.0,0.0,0.68,264,0.0,0.0,1.36,0.0,0.0,0.0,0.0,30,0.0,1
0.0,0.0,0.0,0.0,5.12,0.0,0.0,0.0,25,0.0,1.543,0.0,0.0,0.0,0.0,0.0,6,0.0,1
0.0,0.0,0.0,0.0,0.0,2.94,0.0,0.0,29,2.94,0.873,0.0,0.0,0.0,0.0,0.0,12,0.0,1
2.43,0.48,0.48,0.244,2.43,0.48,0.97,0.0,239,1.46,0.488,0.0,0.0,0.0,0.0,0.0,78,0.0,1
0.97,0.0,0.0,0.0,1.46,0.48,0.0,0.0,186,0.48,0.963,0.0,0.0,0.0,0.0,0.0,61,0.0,1
1.25,0.0,0.0,0.0,2.08,0.41,0.0,0.0,285,0.41,0.75,0.0,0.0,0.0,0.0,0.0,121,0.0,1
0.61,0.3,0.0,0.207,2.76,0.0,0.0,0.0,226,0.61,0.207,0.0,0.0,0.92,0.0,0.61,30,2.45,1
0.0,0.0,0.0,0.0,0.0,2.94,0.0,0.0,28,2.94,0.671,0.0,0.0,0.0,0.0,0.0,12,0.0,1
0.0,0.0,0.0,0.0,0.0,2.94,0.0,0.0,28,2.94,0.711,0.0,0.0,0.0,0.0,0.0,12,0.0,1
0.92,0.0,0.18,0.0,3.15,0.0,0.37,0.0,68,1.11,0.426,0.0,0.0,0.0,0.0,0.0,4,0.0,1
0.26,0.0,0.26,0.036,1.82,0.26,1.56,0.0,339,0.52,0.813,0.26,0.0,0.0,0.0,0.0,38,0.52,1
1.51,0.0,0.0,0.068,4.07,0.0,0.0,0.0,774,0.45,1.318,0.0,0.0,0.0,0.6,0.3,130,1.81,1
1.09,0.84,0.06,0.167,4.54,0.0,0.72,0.0,442,1.57,0.01,0.06,0.0,0.36,0.06,0.06,12,0.06,1
1.99,0.49,0.0,0.0,3.48,4.97,0.99,0.0,94,0.0,0.17,0.99,0.0,0.99,0.0,0.0,8,0.0,1
1.46,1.05,0.05,0.756,3.22,0.25,0.43,0.0,3040,0.05,0.325,0.25,0.0,0.12,0.43,0.36,193,0.28,1
0.66,0.19,0.06,0.23,3.51,0.26,0.0,0.0,898,0.0,0.278,0.39,0.0,0.33,0.0,0.26,40,0.33,1
3.84,0.0,0.0,0.0,1.92,0.0,0.0,0.0,33,1.92,0.0,0.0,0.0,0.0,0.0,0.0,12,0.0,1
2.19,1.83,0.73,0.332,2.19,1.09,0.36,0.0,179,0.0,0.498,0.0,0.0,0.73,0.36,0.0,30,1.09,1
0.7,0.19,0.38,0.071,1.67,0.0,0.0,0.0,750,0.19,0.244,0.0,0.0,0.32,0.06,0.0,43,0.0,1
1.26,0.0,0.0,0.596,0.0,0.0,0.0,0.0,69,0.0,0.198,0.0,0.0,1.26,0.0,1.26,17,0.0,1
2.2,1.83,0.73,0.333,2.2,1.1,0.36,0.0,176,0.0,0.5,0.0,0.0,0.73,0.36,0.0,30,1.1,1
2.17,0.0,0.0,0.0,1.08,1.08,0.0,0.0,106,0.0,1.478,0.0,0.0,0.0,0.0,0.0,30,0.0,1
2.09,0.0,1.04,0.061,3.66,0.0,1.04,0.0,146,0.0,0.615,0.0,0.0,0.0,0.0,0.0,59,0.0,1
5.06,0.0,0.0,0.0,2.53,0.0,0.0,0.0,51,0.0,0.0,0.0,0.0,0.0,0.0,0.0,8,0.0,1
1.36,0.0,0.0,0.0,1.36,0.45,0.0,0.0,200,0.45,1.501,0.0,0.0,0.0,0.0,0.0,61,0.0,1
1.68,0.0,0.0,0.0,2.1,0.42,0.0,0.0,284,0.42,0.669,0.0,0.0,0.0,0.0,0.0,121,0.0,1
0.0,0.0,0.59,0.0,1.77,0.0,0.0,0.0,249,0.0,0.0,0.0,0.0,0.0,0.0,0.0,66,0.0,1
1.89,0.0,0.0,0.0,7.1,0.23,0.23,0.0,66,0.23,0.175,0.0,0.0,0.0,0.0,0.23,11,0.0,1
0.46,0.0,0.93,0.0,0.93,1.39,0.0,0.0,75,1.39,0.0,0.46,0.0,0.0,0.0,0.0,8,0.93,1
2.73,0.0,0.68,0.048,3.42,0.34,0.0,0.34,96,0.68,0.048,0.34,0.34,0.0,0.0,0.0,15,0.0,1
3.01,0.12,0.0,0.019,4.1,0.0,0.0,0.0,180,1.32,0.019,0.36,0.0,0.36,0.0,0.0,34,0.36,1
1.32,0.0,0.0,0.0,1.32,1.98,1.32,0.0,121,0.0,2.205,0.0,0.0,0.0,0.0,0.0,34,0.0,1
1.95,0.0,0.48,0.294,0.97,0.48,0.0,0.0,194,1.46,0.589,0.48,0.0,0.0,0.0,0.48,47,0.0,1
1.47,0.0,1.47,0.0,5.88,0.0,0.0,0.0,17,0.0,0.5,0.0,0.0,0.0,0.0,0.0,3,0.0,1
1.23,0.0,0.0,0.351,5.53,2.15,0.61,0.0,303,0.0,1.053,0.3,0.0,0.0,0.0,0.3,66,0.0,1
0.0,1.96,0.0,0.1,0.0,0.0,0.0,0.0,141,0.0,0.0,0.0,0.0,0.0,0.0,0.0,59,0.0,1
3.79,0.0,2.53,0.0,2.53,0.0,5.06,0.0,290,1.26,0.537,1.26,0.0,0.0,1.26,0.0,287,1.26,1
1.06,0.0,0.0,0.0,1.6,0.53,0.0,0.0,187,0.53,0.877,0.0,0.0,0.0,0.0,0.0,61,0.0,1
1.34,0.0,0.0,0.0,2.24,0.44,0.0,0.0,281,0.44,0.807,0.0,0.0,0.0,0.0,0.0,121,0.0,1
1.38,0.46,0.46,0.223,2.76,0.92,0.0,0.0,110,0.46,0.298,0.46,0.0,0.46,0.0,0.0,13,0.0,1
2.41,0.48,0.48,0.243,2.41,0.48,0.96,0.0,236,1.44,0.486,0.0,0.0,0.0,0.0,0.0,78,0.0,1
0.94,1.88,0.0,0.0,0.94,2.83,0.0,0.0,318,0.0,1.366,0.0,0.0,0.0,0.0,0.0,245,0.0,1
1.18,0.0,0.0,0.082,4.14,0.0,0.0,0.0,100,0.0,0.165,0.0,0.0,0.0,0.0,0.0,16,0.0,1
1.26,0.44,0.0,0.234,2.96,0.37,0.44,0.0,1066,0.18,0.437,0.25,0.0,0.12,0.75,0.75,45,0.25,1
0.62,0.62,0.2,0.0,2.09,0.83,0.2,0.0,175,1.67,0.132,0.2,0.0,0.2,0.0,0.0,15,0.0,1
0.0,0.0,0.0,0.338,5.26,0.0,0.0,0.0,10,0.0,0.0,0.0,0.0,0.0,0.0,0.0,5,0.0,1
1.11,0.0,0.0,0.0,5.55,0.0,0.0,0.0,114,0.0,1.431,0.0,0.0,0.0,0.0,0.0,29,0.0,1
1.9,0.0,0.23,0.0,2.38,0.23,0.95,0.0,519,0.0,0.197,0.0,0.0,0.0,0.0,0.47,280,0.0,1
0.0,0.72,0.0,0.0,1.45,2.91,0.0,0.0,61,0.0,0.495,0.72,0.0,0.0,0.0,0.0,8,1.45,1
1.28,1.28,0.0,0.0,2.56,1.28,0.0,0.0,43,1.28,0.724,0.0,0.0,1.28,0.0,0.0,9,0.0,1
0.0,0.0,0.0,0.0,0.0,0.0,0.0,0.0,118,0.0,0.834,0.0,0.0,0.0,0.0,0.0,27,0.0,1
1.4,0.0,0.46,0.214,0.93,1.86,0.0,0.0,213,1.4,0.571,0.46,0.0,0.0,0.0,0.46,64,1.86,1
2.3,0.0,0.0,0.061,2.69,0.38,0.0,0.0,158,1.15,0.061,0.0,0.0,0.76,0.0,0.38,20,0.0,1
1.58,0.0,0.0,0.0,3.96,0.79,1.58,0.0,107,0.0,0.268,0.0,0.0,0.0,0.0,0.0,26,0.0,1
1.21,0.0,0.0,0.085,1.14,0.2,0.0,0.0,845,0.4,0.096,0.0,0.0,0.0,0.67,0.06,144,0.0,1
0.0,0.0,0.0,0.0,0.0,0.0,0.0,0.0,38,0.0,0.0,0.0,0.0,0.0,0.0,0.0,23,0.0,1
1.68,0.0,1.12,0.333,3.93,0.56,2.8,0.0,194,2.24,1.083,0.0,0.0,0.0,0.0,0.0,140,0.0,1
1.5,1.05,0.05,0.764,3.25,0.26,0.44,0.0,3038,0.05,0.322,0.26,0.0,0.13,0.44,0.34,193,0.26,1
1.53,0.59,0.03,0.532,3.43,0.22,0.44,0.0,2453,0.14,0.613,0.29,0.0,0.03,0.56,0.63,763,0.14,1
1.53,0.59,0.03,0.531,3.43,0.22,0.44,0.0,2453,0.14,0.612,0.29,0.0,0.03,0.56,0.63,763,0.14,1
2.31,1.38,0.0,0.823,2.77,0.0,0.46,0.0,102,0.0,0.082,0.0,0.0,0.0,0.0,0.0,12,0.46,1
0.0,0.46,0.46,0.0,1.87,0.0,0.0,0.0,91,0.0,0.0,0.46,0.0,0.0,0.0,0.0,32,0.0,1
1.4,0.0,0.0,0.0,2.11,1.05,0.0,0.0,313,0.35,1.284,0.0,0.0,0.0,0.0,0.0,61,0.0,1
0.86,0.0,0.0,0.0,1.29,0.43,0.0,0.0,222,0.43,0.736,0.0,0.0,0.0,0.0,0.0,61,0.0,1
0.0,0.6,0.0,0.0,1.21,0.6,0.0,0.0,191,0.0,0.31,0.0,0.0,0.6,0.0,0.0,17,0.0,1
1.24,0.0,0.0,0.527,3.73,0.41,0.0,0.0,114,0.0,0.461,0.0,0.0,0.0,0.0,0.41,19,0.0,1
1.41,0.0,0.7,0.0,4.96,2.83,0.0,0.0,30,4.25,0.38,0.0,0.0,0.0,0.0,0.0,3,0.0,1
0.0,0.64,0.0,0.0,2.59,0.64,0.0,0.0,292,0.0,0.662,0.0,0.0,0.64,0.0,0.0,131,0.0,1
0.0,0.0,0.0,0.0,0.0,0.0,0.0,0.0,66,0.0,1.529,0.0,0.0,0.0,0.0,0.0,22,0.0,1
0.0,0.64,0.0,0.0,2.59,0.64,0.0,0.0,292,0.0,0.662,0.0,0.0,0.64,0.0,0.0,131,0.0,1
0.0,0.0,0.0,0.0,0.0,0.0,0.0,0.0,66,0.0,1.529,0.0,0.0,0.0,0.0,0.0,22,0.0,1
0.0,0.64,0.0,0.0,2.59,0.64,0.0,0.0,292,0.0,0.662,0.0,0.0,0.64,0.0,0.0,131,0.0,1
0.0,0.0,0.0,0.0,0.0,0.0,0.0,0.0,66,0.0,1.529,0.0,0.0,0.0,0.0,0.0,22,0.0,1
0.0,0.79,0.0,0.0,1.58,0.79,0.0,0.0,168,0.0,0.462,0.0,0.0,0.79,0.0,0.0,22,0.0,1
0.0,0.0,0.0,0.0,0.0,0.0,0.0,0.0,66,0.0,1.529,0.0,0.0,0.0,0.0,0.0,22,0.0,1
1.96,0.0,1.96,0.0,3.92,0.0,0.0,0.0,74,0.0,0.0,0.0,0.0,0.0,0.0,0.0,60,0.0,1
0.0,0.0,2.46,0.0,0.0,2.46,0.0,0.0,36,0.0,1.907,0.0,0.0,0.0,0.0,0.0,7,0.0,1
0.0,0.0,0.0,0.0,2.38,0.0,0.0,0.0,67,0.0,0.0,0.0,0.0,0.79,0.0,0.0,27,0.0,1
0.76,0.0,0.76,0.177,1.52,0.0,0.0,0.0,211,0.38,0.0,0.0,0.0,0.0,0.0,0.0,79,0.0,1
0.95,0.0,0.0,0.0,0.95,0.0,0.0,0.0,78,0.95,0.0,0.0,0.0,0.0,0.0,0.0,6,0.0,1
1.38,1.13,0.12,0.119,2.9,0.25,0.12,0.0,507,0.88,0.0,0.5,0.0,0.0,0.25,0.12,38,0.5,1
1.53,0.0,0.0,0.0,1.53,0.51,0.0,0.0,146,0.51,0.542,0.0,0.0,0.0,0.0,0.0,19,0.0,1
0.75,0.15,0.0,0.118,1.55,0.0,0.0,0.05,588,0.1,0.054,0.0,0.05,0.05,0.1,0.2,96,0.05,1
0.75,0.15,0.0,0.118,1.55,0.0,0.0,0.05,583,0.1,0.054,0.0,0.05,0.05,0.1,0.2,96,0.05,1
5.12,0.0,2.56,0.0,2.56,0.0,5.12,0.0,308,1.28,0.542,1.28,0.0,0.0,1.28,0.0,304,1.28,1
1.67,0.0,1.11,0.331,3.91,0.55,2.79,0.0,195,2.23,1.158,0.0,0.0,0.0,0.0,0.0,140,0.0,1
0.75,0.15,0.0,0.118,1.55,0.0,0.0,0.05,588,0.1,0.054,0.0,0.05,0.05,0.1,0.2,96,0.05,1
0.75,0.15,0.0,0.118,1.55,0.0,0.0,0.05,583,0.1,0.054,0.0,0.05,0.05,0.1,0.2,96,0.05,1
1.34,0.5,0.0,1.281,3.08,0.23,0.42,0.0,2413,0.15,0.335,0.3,0.0,0.03,0.57,0.5,595,0.19,1
0.64,0.0,0.16,0.024,0.16,0.16,0.0,0.0,982,0.32,0.271,0.16,0.0,0.0,0.0,0.0,149,0.0,1
0.61,0.61,0.3,0.322,0.3,0.0,0.0,0.0,278,0.92,0.092,0.0,0.0,0.0,0.0,0.0,49,0.0,1
3.69,0.0,0.33,0.054,2.18,0.0,1.68,0.0,657,0.33,1.194,0.33,0.0,0.16,0.16,0.33,101,0.84,1
3.03,0.0,0.0,0.178,4.04,0.0,0.0,0.0,164,1.51,0.089,0.5,0.0,0.0,0.0,0.0,53,0.0,1
1.19,0.0,0.59,0.0,4.76,0.0,0.0,0.0,170,0.0,0.427,0.0,0.0,0.0,0.0,0.59,33,0.0,1
2.0,0.0,0.4,0.212,4.0,0.0,1.6,0.0,114,1.6,0.706,0.0,0.0,0.0,0.0,0.0,13,1.2,1
2.48,0.82,0.0,0.149,7.05,0.41,0.0,0.0,450,0.0,0.97,0.0,0.0,0.41,0.0,0.41,335,0.0,1
1.52,0.38,0.38,0.179,3.04,0.38,0.76,0.0,285,0.76,0.598,0.0,0.0,0.0,0.0,0.0,78,0.0,1
2.0,0.0,0.4,0.0,4.0,0.4,0.0,0.0,95,0.4,0.121,0.4,0.0,0.4,0.0,0.4,12,0.4,1
1.12,0.0,0.0,0.0,2.25,0.56,0.0,0.0,144,0.56,0.606,0.0,0.0,0.0,0.0,0.0,19,0.0,1
0.47,0.64,0.16,0.174,1.6,0.0,0.16,0.0,174,1.44,0.299,0.0,0.0,0.16,0.0,0.0,24,0.0,1
0.0,2.53,0.0,0.431,0.0,0.0,0.0,0.0,76,0.0,0.215,0.0,0.0,0.0,0.0,0.0,25,0.0,1
0.78,0.19,0.0,0.16,0.59,0.98,0.19,0.0,730,0.19,0.16,0.39,0.0,0.0,0.0,0.0,31,0.19,1
0.78,0.19,0.0,0.16,0.59,0.98,0.19,0.0,730,0.19,0.16,0.39,0.0,0.0,0.0,0.0,31,0.19,1
0.33,1.66,0.0,0.541,2.33,0.66,0.66,0.0,304,0.66,0.12,0.0,0.0,0.66,0.0,0.33,21,0.0,1
1.49,0.0,0.0,0.0,0.0,2.98,0.0,1.49,11,1.49,0.0,0.0,1.49,0.0,0.0,0.0,2,0.0,1
0.82,0.0,0.0,0.0,1.65,0.82,0.0,0.0,69,1.65,0.0,0.0,0.0,0.0,0.82,0.0,11,0.0,1
0.33,1.66,0.0,0.541,2.33,0.66,0.66,0.0,304,0.66,0.12,0.0,0.0,0.66,0.0,0.33,21,0.0,1
0.0,0.0,1.58,0.279,1.58,0.0,0.0,0.0,36,0.0,0.558,0.0,0.0,0.0,0.0,0.0,23,0.0,1
1.34,0.5,0.0,1.281,3.08,0.23,0.42,0.0,2413,0.15,0.335,0.3,0.0,0.03,0.57,0.5,595,0.19,1
0.0,0.0,1.58,0.279,1.58,0.0,0.0,0.0,36,0.0,0.558,0.0,0.0,0.0,0.0,0.0,23,0.0,1
1.38,0.0,0.0,0.0,4.16,2.77,0.0,0.0,13,0.0,0.715,0.0,0.0,0.0,0.0,0.0,2,0.0,1
0.0,2.53,0.0,0.431,0.0,0.0,0.0,0.0,77,0.0,0.215,0.0,0.0,0.0,0.0,0.0,27,0.0,1
0.33,1.66,0.0,0.541,2.33,0.66,0.66,0.0,304,0.66,0.12,0.0,0.0,0.66,0.0,0.33,21,0.0,1
0.43,0.0,0.14,0.023,0.58,0.14,0.0,0.0,1001,0.29,0.865,0.29,0.0,0.0,0.0,0.0,132,0.0,1
1.09,0.0,0.0,0.126,0.72,0.0,0.0,0.0,123,0.0,0.063,0.0,0.0,0.0,0.0,0.72,35,0.0,1
2.44,0.0,0.0,0.121,2.17,0.81,1.63,0.0,131,0.81,0.565,0.27,0.0,0.81,0.54,0.27,18,2.98,1
1.17,0.0,0.0,0.0,3.13,0.0,1.17,0.0,114,0.0,0.261,0.0,0.0,0.39,0.0,1.56,19,0.0,1
1.69,0.0,1.12,0.33,3.95,0.56,2.82,0.0,190,2.25,1.32,0.0,0.0,0.0,0.0,0.0,140,0.0,1
1.35,0.0,0.0,0.0,4.05,0.0,0.67,0.0,33,2.7,0.2,0.0,0.0,0.0,0.0,0.0,3,0.0,1
0.62,0.0,0.0,0.0,1.24,0.62,0.0,0.0,120,0.62,1.055,0.0,0.0,0.0,0.0,0.0,16,0.0,1
0.67,0.0,0.0,0.0,2.02,0.33,0.0,0.0,203,0.33,0.484,0.0,0.0,0.0,0.0,0.0,19,0.0,1
2.38,0.0,0.0,0.0,4.76,4.76,0.0,0.0,38,0.0,0.0,0.0,0.0,0.0,0.0,0.0,11,0.0,1
3.94,0.0,1.31,0.117,1.31,0.0,1.31,0.0,291,1.31,0.117,0.0,0.0,0.0,1.31,0.0,186,1.31,1
0.9,0.0,0.45,0.0,1.81,0.45,0.45,0.0,117,1.36,0.135,0.0,0.0,0.45,0.0,0.0,46,0.0,1
0.85,0.0,0.0,0.0,0.85,0.0,1.7,0.0,200,0.85,1.088,0.0,0.0,0.85,0.0,0.42,107,0.0,1
0.27,0.0,0.0,0.185,0.27,0.0,0.0,0.0,607,0.27,0.0,0.0,0.0,0.0,0.0,0.0,99,0.0,1
0.43,0.0,0.0,0.146,0.21,0.43,0.0,0.21,642,0.43,0.146,0.0,0.21,0.0,0.0,0.0,99,0.0,1
2.31,1.38,0.0,0.816,2.77,0.0,0.46,0.0,102,0.0,0.081,0.0,0.0,0.0,0.0,0.0,12,0.46,1
1.31,0.0,0.0,0.0,3.66,0.87,0.29,0.0,437,0.29,0.265,0.29,0.0,0.29,0.0,0.0,38,0.29,1
1.03,0.0,0.34,0.0,1.03,0.68,0.0,0.0,119,0.0,0.0,0.0,0.0,0.0,0.0,0.0,13,0.0,1
2.31,1.38,0.0,0.816,2.77,0.0,0.46,0.0,102,0.0,0.081,0.0,0.0,0.0,0.0,0.0,12,0.46,1
1.86,0.0,0.62,0.0,5.59,0.0,1.24,0.0,111,0.0,0.517,0.0,0.0,0.0,0.0,0.62,22,0.0,1
0.0,0.0,1.05,0.0,0.0,0.0,0.0,0.0,108,2.1,0.0,0.0,0.0,0.0,0.0,0.0,34,0.0,1
1.06,0.0,0.0,0.0,1.77,0.35,0.0,0.0,260,0.35,0.7,0.0,0.0,0.0,0.0,0.0,61,0.0,1
0.76,0.0,0.15,0.024,0.15,0.15,0.0,0.0,944,0.3,0.567,0.15,0.0,0.0,0.0,0.0,132,0.0,1
1.15,0.0,0.57,0.0,4.62,0.0,0.0,0.0,172,0.0,0.518,0.0,0.0,0.0,0.0,0.57,33,0.0,1
1.05,0.0,0.26,0.0,1.32,0.79,0.0,0.0,566,0.26,0.31,0.26,0.0,0.0,0.52,0.52,71,0.0,1
3.17,0.34,0.08,0.013,1.2,0.0,0.17,0.0,574,0.42,0.095,0.0,0.0,0.08,0.08,0.08,48,0.42,1
1.5,0.0,0.0,0.0,2.5,0.5,0.0,0.0,172,0.5,0.892,0.0,0.0,0.0,0.0,0.0,19,0.0,1
0.54,0.0,0.0,0.0,1.64,0.54,0.0,0.0,130,0.54,1.443,0.0,0.0,0.0,0.0,0.0,16,0.0,1
0.78,0.78,0.0,0.0,3.12,0.0,0.78,0.0,49,0.0,0.889,0.78,0.0,0.78,0.0,0.0,15,2.34,1
1.02,1.02,0.0,0.0,4.08,0.0,0.0,0.0,85,0.0,0.968,1.02,0.0,0.0,0.0,0.0,18,2.04,1
0.0,0.0,0.0,0.0,0.0,0.0,0.0,0.0,11,0.0,0.0,0.0,0.0,0.0,0.0,0.0,2,0.0,1
1.79,0.0,0.0,0.145,4.03,0.44,0.0,0.0,152,0.89,0.944,0.0,0.0,0.0,0.0,0.44,28,0.0,1
1.32,0.0,0.0,0.0,2.64,0.33,0.0,0.0,326,0.33,0.583,0.0,0.0,0.0,0.0,0.0,121,0.0,1
1.02,1.02,0.0,0.0,4.08,0.0,0.0,0.0,85,0.0,0.969,1.02,0.0,0.0,0.0,0.0,18,2.04,1
0.77,0.34,0.08,0.258,3.01,0.08,0.0,0.0,694,0.08,0.258,0.34,0.0,0.43,0.08,0.34,300,0.25,1
0.78,0.34,0.08,0.259,3.03,0.08,0.0,0.0,537,0.08,0.259,0.34,0.0,0.43,0.08,0.34,62,0.26,1
0.87,0.0,0.0,0.0,0.87,0.0,1.74,0.0,179,0.87,0.835,0.0,0.0,0.87,0.0,0.43,107,0.0,1
1.78,0.0,0.0,0.144,4.46,0.44,0.0,0.0,153,0.89,1.083,0.0,0.0,0.0,0.0,0.44,28,0.0,1
0.0,0.0,0.0,0.0,2.53,0.0,0.0,0.0,68,0.0,0.118,0.0,0.0,0.0,0.0,0.0,7,0.0,1
0.0,0.0,0.0,0.0,0.0,0.0,0.0,0.0,7,0.0,1.754,0.0,0.0,0.0,0.0,0.0,1,0.0,1
0.53,0.23,0.0,0.14,1.19,0.05,0.0,0.0,303,0.11,0.032,0.0,0.0,0.05,0.11,0.23,14,0.05,1
0.0,0.0,3.12,0.0,6.25,3.12,0.0,0.0,66,6.25,0.0,0.0,0.0,0.0,0.0,0.0,60,0.0,1
1.59,0.53,0.0,0.186,6.91,1.59,0.53,0.0,240,0.53,0.28,0.0,0.0,0.53,0.0,0.53,85,0.0,1
1.4,0.0,0.93,0.0,1.87,0.46,0.46,0.0,96,1.4,0.135,0.0,0.0,0.46,0.0,0.0,46,0.0,1
2.82,0.56,1.12,0.0,2.25,2.25,0.0,0.0,51,0.56,0.0,0.56,0.0,0.56,0.0,0.0,5,1.12,1
5.29,0.0,0.0,0.069,5.29,0.0,0.66,0.0,164,0.66,0.83,0.0,0.0,0.0,0.0,1.32,43,0.0,1
2.41,0.0,0.0,0.0,0.8,1.61,0.0,0.0,101,0.8,1.192,0.0,0.0,0.0,0.0,0.0,12,0.0,1
0.58,0.0,0.14,0.046,0.43,0.14,0.0,0.0,979,0.29,0.585,0.14,0.0,0.0,0.0,0.0,132,0.0,1
3.17,0.34,0.08,0.013,1.2,0.0,0.17,0.0,574,0.42,0.095,0.0,0.0,0.08,0.08,0.08,48,0.42,1
0.81,0.0,0.0,0.147,1.63,0.0,0.0,0.0,63,0.0,0.294,0.0,0.0,0.0,0.0,0.0,11,0.0,1
1.08,1.62,1.08,0.252,4.32,0.54,0.54,0.0,181,0.54,1.18,0.0,0.0,0.0,0.0,0.0,68,0.0,1
3.17,0.34,0.08,0.013,1.2,0.0,0.17,0.0,574,0.42,0.108,0.0,0.0,0.08,0.08,0.08,48,0.42,1
1.07,1.61,1.07,0.253,4.3,0.53,0.53,0.0,180,0.53,1.183,0.0,0.0,0.0,0.0,0.0,68,0.0,1
1.03,0.0,0.51,0.0,1.03,2.07,0.0,0.0,91,0.0,0.067,0.0,0.0,0.0,0.0,0.0,17,0.0,1
1.64,0.0,1.09,0.321,3.84,0.54,3.29,0.0,212,2.19,1.045,0.0,0.0,0.0,0.0,0.0,140,0.0,1
1.15,0.38,0.0,0.184,2.7,0.38,0.77,0.0,255,1.15,0.985,0.0,0.0,0.0,0.0,0.0,78,0.0,1
1.17,0.39,0.0,0.186,2.73,0.39,0.78,0.0,256,1.17,0.869,0.0,0.0,0.0,0.0,0.0,78,0.0,1
4.76,0.0,0.86,0.0,1.29,0.0,0.86,0.0,144,0.43,0.915,0.0,0.0,0.0,0.0,1.29,47,0.0,1
0.68,1.6,0.0,0.112,1.83,0.0,0.91,0.0,363,0.68,0.187,0.22,0.0,0.45,0.0,0.0,30,0.45,1
1.12,0.0,0.0,0.0,2.25,0.56,0.0,0.0,137,0.56,0.615,0.0,0.0,0.0,0.0,0.0,19,0.0,1
0.55,0.0,0.0,0.0,1.67,0.55,0.0,0.0,121,0.55,0.893,0.0,0.0,0.0,0.0,0.0,16,0.0,1
4.6,0.0,0.0,0.068,5.26,0.0,0.0,0.0,165,0.65,0.816,0.0,0.0,0.0,0.0,1.31,43,0.0,1
1.23,0.0,0.61,0.0,2.46,0.0,1.23,0.0,81,0.0,0.353,0.0,0.0,0.0,0.0,0.0,13,0.0,1
3.33,0.44,0.44,0.15,3.33,0.44,0.0,0.0,1733,1.77,0.563,0.0,0.0,0.22,0.22,0.44,1038,0.44,1
0.94,0.34,0.08,0.223,3.0,0.08,0.0,0.0,537,0.08,0.287,0.34,0.0,0.42,0.08,0.34,62,0.25,1
2.08,0.0,1.04,0.0,2.08,2.08,0.0,0.0,61,0.0,0.0,0.0,0.0,0.0,0.0,0.0,11,0.0,1
5.33,0.0,1.33,1.417,1.33,0.0,0.0,0.0,233,0.0,0.202,0.0,0.0,0.0,0.0,0.0,223,0.0,1
1.08,1.62,1.08,0.253,4.32,0.54,0.54,0.0,180,0.54,1.182,0.0,0.0,0.0,0.0,0.0,68,0.0,1
0.62,0.0,0.0,0.0,3.12,0.0,1.25,0.0,57,2.5,0.08,0.0,0.0,0.0,0.0,0.0,18,0.0,1
2.72,0.0,0.0,0.165,3.63,0.9,0.0,0.0,94,0.0,0.165,0.0,0.0,0.0,0.0,0.0,41,0.0,1
0.02,0.37,0.0,0.022,0.05,0.05,0.22,0.0,965,0.25,0.0,0.0,0.0,0.2,0.15,0.02,20,0.02,1
0.02,0.37,0.0,0.022,0.05,0.05,0.22,0.0,965,0.25,0.0,0.0,0.0,0.2,0.15,0.02,20,0.02,1
1.16,0.89,0.53,0.185,2.5,0.62,0.08,0.0,1329,0.35,0.212,0.26,0.0,0.62,0.62,0.08,583,0.17,1
0.48,0.96,0.0,0.267,1.44,0.96,0.96,0.0,242,0.96,0.468,0.0,0.0,0.0,0.48,0.0,61,0.0,1
2.31,1.38,0.0,0.816,2.77,0.0,0.46,0.0,102,0.0,0.081,0.0,0.0,0.0,0.0,0.0,12,0.46,1
1.37,0.34,0.68,0.061,5.86,0.68,0.0,0.0,91,1.03,0.366,0.0,0.0,0.0,0.0,0.34,12,0.0,1
0.72,0.0,0.0,0.063,2.7,0.72,0.0,0.0,841,0.18,0.633,0.36,0.0,0.0,0.54,0.54,363,0.0,1
1.57,0.13,0.39,0.021,2.61,1.57,0.0,0.0,476,0.39,0.779,0.0,0.0,0.0,0.0,0.39,49,0.13,1
3.25,0.0,0.32,0.157,2.28,0.32,0.32,0.0,143,0.65,0.0,0.0,0.0,0.65,0.0,0.32,10,0.32,1
3.24,0.0,0.32,0.159,2.27,0.32,0.32,0.0,143,0.64,0.0,0.0,0.0,0.64,0.0,0.32,10,0.32,1
3.14,0.0,0.0,0.032,4.52,0.59,0.39,0.0,305,0.19,0.258,0.0,0.0,0.0,0.0,0.19,43,0.59,1
0.69,1.61,0.0,0.112,1.84,0.0,0.92,0.0,354,0.69,0.188,0.23,0.0,0.46,0.0,0.0,30,0.46,1
0.71,0.0,0.0,0.0,1.42,0.71,0.0,0.0,95,0.71,1.094,0.0,0.0,0.0,0.0,0.0,16,0.0,1
2.98,0.0,2.98,0.171,0.0,1.49,2.98,0.0,156,0.0,0.0,0.0,0.0,0.0,0.0,0.0,140,0.0,1
0.0,0.0,0.16,0.752,0.66,0.5,0.0,0.33,1087,0.33,0.884,0.16,0.0,0.0,0.5,0.0,47,0.0,1
1.1,0.0,0.0,0.0,2.2,0.55,0.0,0.0,145,0.55,0.683,0.0,0.0,0.0,0.0,0.0,19,0.0,1
0.98,0.0,0.16,0.08,0.32,0.16,0.0,0.0,955,0.32,0.773,0.16,0.0,0.0,0.0,0.0,132,0.0,1
0.36,0.0,0.0,0.0,0.72,0.0,0.72,0.0,88,1.81,0.0,0.0,0.0,0.0,0.0,0.0,13,0.0,1
2.54,0.0,1.69,0.278,0.84,10.16,0.84,0.0,519,0.0,1.113,0.0,0.0,0.0,0.84,0.84,418,0.0,1
0.64,0.0,0.0,0.0,1.29,0.0,0.0,0.0,32,0.0,0.0,0.0,0.0,0.0,0.0,0.0,3,0.0,1
0.64,0.0,0.0,0.0,1.29,0.0,0.0,0.0,32,0.0,0.0,0.0,0.0,0.0,0.0,0.0,3,0.0,1
3.14,0.34,0.08,0.013,1.2,0.0,0.17,0.0,1140,0.43,0.088,0.0,0.0,0.08,0.08,0.08,48,0.43,1
1.09,0.0,2.18,0.0,3.27,0.0,0.0,0.0,377,1.09,0.471,0.0,0.0,0.54,0.0,0.0,147,0.0,1
0.85,0.0,0.0,0.082,4.7,0.85,0.0,0.0,294,0.0,0.0,0.0,0.0,0.0,0.0,0.0,42,0.0,1
2.1,0.0,0.0,0.0,0.0,1.05,0.0,0.0,75,0.0,1.806,0.0,0.0,0.0,0.0,0.0,5,0.0,1
1.12,0.22,0.0,0.193,1.35,0.22,0.0,0.0,617,0.22,0.129,0.22,0.0,0.22,0.67,0.22,71,0.0,1
1.11,0.0,2.23,0.0,3.35,0.0,0.0,0.0,385,1.11,0.479,0.0,0.0,0.55,0.0,0.0,147,0.0,1
0.0,1.12,0.0,0.0,4.49,0.0,0.0,0.0,39,0.0,0.814,1.12,0.0,1.12,0.0,0.0,15,2.24,1
3.26,0.0,0.32,0.158,2.28,0.32,0.32,0.0,139,0.65,0.0,0.0,0.0,0.65,0.0,0.32,10,0.32,1
3.59,0.0,0.0,0.0,1.43,0.0,2.87,0.0,214,0.71,0.937,0.0,0.0,0.0,0.0,0.0,116,0.71,1
1.11,0.0,2.23,0.0,3.35,0.0,0.0,0.0,385,1.11,0.479,0.0,0.0,0.55,0.0,0.0,147,0.0,1
2.15,0.0,1.07,0.437,0.0,2.15,0.0,0.0,62,0.0,0.145,0.0,0.0,0.0,0.0,0.0,10,0.0,1
0.47,0.95,0.0,0.263,1.42,0.95,0.95,0.0,255,0.95,0.461,0.0,0.0,0.0,0.47,0.0,61,0.0,1
0.0,0.0,0.15,0.707,0.79,1.11,0.0,0.95,1128,0.31,0.862,0.15,0.0,0.0,0.63,0.0,51,0.0,1
0.39,0.0,0.0,0.0,0.39,0.0,0.0,3.58,130,0.0,0.0,0.0,0.39,0.0,0.0,0.0,21,0.0,1
1.53,0.0,0.0,0.829,2.3,0.0,0.0,0.0,157,0.0,2.766,0.0,0.0,2.3,0.0,0.0,25,0.0,1
0.73,0.08,0.08,0.097,3.5,0.48,0.08,0.0,1561,1.38,0.39,0.0,0.0,0.16,0.24,0.16,119,0.0,1
1.04,0.06,0.0,0.305,2.37,1.11,0.69,0.0,966,0.27,0.75,0.41,0.0,0.2,0.27,0.69,94,0.27,1
0.97,0.06,0.0,0.305,2.23,1.11,0.69,0.0,966,0.27,0.75,0.41,0.0,0.2,0.27,0.69,94,0.27,1
0.0,0.0,0.0,0.0,0.0,4.0,0.0,0.0,54,0.0,2.453,0.0,0.0,0.0,0.0,0.0,26,0.0,1
3.57,0.0,0.0,0.0,1.42,0.0,2.85,0.0,217,0.71,0.931,0.0,0.0,0.0,0.0,0.0,117,0.71,1
2.4,0.8,0.0,0.347,1.6,0.8,0.8,0.0,125,1.6,1.62,0.0,0.0,0.0,0.0,0.0,22,0.0,1
3.3,0.0,0.33,0.162,1.98,0.33,0.33,0.0,202,0.99,0.0,0.0,0.0,0.99,0.0,0.33,50,0.33,1
1.85,0.0,0.07,0.159,3.55,0.0,0.14,0.0,802,0.51,0.159,0.07,0.0,0.29,0.07,0.14,44,0.0,1
3.3,0.0,0.33,0.161,1.98,0.33,0.33,0.0,202,0.99,0.0,0.0,0.0,0.99,0.0,0.33,50,0.33,1
0.0,0.0,0.15,0.707,0.79,1.11,0.0,0.95,1128,0.31,0.862,0.15,0.0,0.0,0.63,0.0,51,0.0,1
0.93,0.31,0.0,0.0,2.48,0.31,0.0,0.0,155,1.24,0.043,0.0,0.0,0.62,0.0,0.0,14,0.0,1
0.86,0.0,0.17,0.083,0.17,0.17,0.0,0.0,963,0.34,0.665,0.17,0.0,0.0,0.0,0.0,132,0.0,1
1.58,0.0,0.0,0.135,3.17,0.79,0.79,0.0,114,0.0,0.271,0.0,0.0,0.0,0.0,0.0,26,0.0,1
0.88,0.0,0.0,0.127,2.35,0.14,0.0,0.0,400,0.0,0.204,0.14,0.0,0.0,1.17,0.44,73,0.0,1
3.33,0.0,0.0,0.0,2.22,0.0,0.0,0.0,91,1.11,0.784,0.0,0.0,0.0,0.0,0.0,39,0.0,1
1.5,0.0,0.0,0.203,2.5,0.25,0.5,0.0,129,0.0,0.203,0.0,0.0,0.25,0.0,0.25,34,0.25,1
2.92,0.0,1.16,0.09,2.92,0.58,0.0,0.0,75,2.33,0.09,0.58,0.0,0.0,0.0,0.0,9,0.0,1
0.88,0.0,0.0,0.127,2.35,0.14,0.0,0.0,400,0.0,0.204,0.14,0.0,0.0,1.17,0.44,73,0.0,1
0.88,0.0,0.0,0.127,2.35,0.14,0.0,0.0,400,0.0,0.204,0.14,0.0,0.0,1.17,0.44,73,0.0,1
0.0,0.0,0.58,0.0,1.76,0.58,0.0,0.0,86,1.17,0.829,0.0,0.0,0.0,0.0,0.0,8,0.0,1
1.01,0.0,0.0,0.124,3.29,0.0,0.5,0.0,210,0.75,0.041,0.0,0.0,0.0,0.25,0.0,32,0.0,1
0.0,0.0,3.12,0.0,6.25,0.0,0.0,0.0,66,6.25,0.0,0.0,0.0,0.0,0.0,0.0,60,0.0,1
1.14,0.0,2.28,0.0,3.42,0.0,0.0,0.0,373,1.14,0.487,0.0,0.0,0.57,0.0,0.0,147,0.0,1
0.7,0.35,0.17,0.057,0.88,0.0,0.17,0.0,417,0.0,0.085,0.35,0.0,0.0,0.0,0.0,39,0.52,1
0.47,0.95,0.0,0.267,1.42,0.95,0.95,0.0,256,0.95,0.401,0.0,0.0,0.0,0.47,0.0,61,0.0,1
1.14,0.0,2.28,0.0,3.42,0.0,0.0,0.0,373,1.14,0.487,0.0,0.0,0.57,0.0,0.0,147,0.0,1
0.51,0.0,0.17,0.0,0.34,0.17,0.0,0.0,942,0.34,0.315,0.17,0.0,0.0,0.0,0.0,149,0.0,1
1.14,0.0,2.28,0.0,3.42,0.0,0.0,0.0,373,1.14,0.487,0.0,0.0,0.57,0.0,0.0,147,0.0,1
1.63,0.0,3.27,0.18,0.0,1.63,1.63,0.0,163,0.0,0.54,0.0,0.0,0.0,0.0,0.0,140,0.0,1
0.0,0.0,0.14,0.784,0.58,0.87,0.0,0.0,1200,0.29,0.764,0.29,0.0,0.0,0.58,0.0,45,0.0,1
0.95,0.0,0.19,0.03,0.19,0.19,0.0,0.0,869,0.38,0.632,0.19,0.0,0.0,0.0,0.0,132,0.0,1
2.62,0.2,0.2,0.129,2.21,0.4,1.61,0.0,513,0.2,1.453,0.2,0.0,0.6,0.2,0.6,64,0.6,1
2.75,0.0,0.0,0.0,0.91,0.0,0.0,0.0,87,0.0,0.531,0.0,0.0,0.0,0.91,0.0,28,0.0,1
0.0,0.0,0.15,0.753,0.61,0.92,0.0,0.0,1128,0.3,0.732,0.3,0.0,0.0,0.61,0.0,45,0.0,1
0.0,0.0,0.0,0.0,1.56,0.52,0.0,0.0,131,0.52,0.867,0.0,0.0,0.0,0.0,0.0,20,0.0,1
1.28,0.0,0.0,0.0,2.14,0.42,0.0,0.0,117,0.42,1.117,0.0,0.0,0.0,0.0,0.0,7,0.0,1
1.15,0.84,0.06,0.167,4.48,0.0,0.72,0.0,442,1.57,0.01,0.06,0.0,0.36,0.06,0.06,12,0.06,1
2.92,0.0,0.2,0.065,2.4,0.1,1.14,0.1,817,0.2,0.785,0.31,0.1,0.1,0.1,0.2,92,0.62,1
0.9,0.0,5.4,0.21,1.8,5.4,0.0,0.0,347,0.0,0.841,0.0,0.0,0.0,0.0,0.0,295,0.0,1
4.12,0.0,0.17,0.057,1.97,0.0,1.79,0.0,599,0.53,1.158,0.35,0.0,0.17,0.17,0.35,63,0.89,1
0.77,0.08,0.08,0.103,3.43,0.51,0.08,0.0,1456,1.46,0.348,0.0,0.0,0.17,0.25,0.17,119,0.0,1
1.84,0.0,0.23,0.036,2.76,0.0,0.69,0.0,285,1.15,0.841,0.0,0.0,0.0,0.0,0.23,52,0.23,1
0.06,0.0,0.0,0.032,0.32,0.0,0.0,0.0,240,0.78,0.0,0.13,0.0,0.0,0.06,0.0,15,0.06,1
1.05,1.58,0.0,0.263,3.7,1.05,0.0,0.0,266,0.0,0.702,0.52,0.0,0.0,0.0,0.52,47,1.05,1
3.24,0.0,0.32,0.157,2.27,0.32,0.32,0.0,139,0.64,0.0,0.0,0.0,0.64,0.0,0.32,10,0.64,1
5.97,0.54,0.0,0.318,2.17,0.54,0.54,0.0,129,1.63,0.715,0.0,0.0,0.0,0.0,0.0,22,0.0,1
3.27,0.0,0.0,0.253,3.27,1.63,0.0,0.0,36,0.0,0.759,0.0,0.0,0.0,1.63,0.0,16,0.0,1
0.94,0.0,0.0,0.107,2.45,0.0,0.37,0.0,244,0.0,0.242,0.0,0.0,0.94,0.37,0.18,35,0.18,1
2.82,0.0,0.35,0.0,5.3,0.7,1.06,0.0,213,0.35,0.411,0.35,0.0,0.7,0.0,0.0,60,1.41,1
2.06,0.0,2.41,0.0,4.13,0.0,0.0,0.0,68,1.03,0.0,2.06,0.0,0.0,0.0,0.0,6,0.34,1
0.94,0.0,0.0,0.107,2.45,0.0,0.37,0.0,239,0.0,0.295,0.0,0.0,0.94,0.37,0.18,34,0.37,1
3.2,0.64,0.64,0.459,1.28,0.64,0.64,0.0,119,1.28,0.551,0.0,0.0,0.0,0.0,0.0,22,0.0,1
3.26,0.0,0.32,0.159,2.28,0.32,0.32,0.0,139,0.65,0.0,0.0,0.0,0.65,0.0,0.32,10,0.32,1
2.56,0.64,0.64,0.369,1.28,0.64,0.64,0.0,119,1.28,0.554,0.0,0.0,0.0,0.0,0.0,22,0.0,1
0.0,0.18,0.0,0.07,0.94,0.18,0.0,0.0,191,0.0,0.07,0.0,0.0,0.18,0.0,0.0,23,0.0,1
2.75,0.0,0.0,0.0,0.91,0.0,0.0,0.0,87,0.0,0.532,0.0,0.0,0.0,0.91,0.0,28,0.0,1
1.81,0.0,0.0,0.0,0.0,0.0,0.0,0.0,56,0.0,0.309,0.0,0.0,0.0,0.0,0.0,11,0.0,1
0.86,0.0,0.43,0.0,1.72,0.43,0.43,0.0,116,1.29,0.129,0.0,0.0,0.43,0.0,0.0,46,0.0,1
1.3,0.0,0.0,0.0,2.17,0.43,0.0,0.0,114,0.43,1.133,0.0,0.0,0.0,0.0,0.0,6,0.0,1
1.03,0.0,0.0,0.0,1.72,0.34,0.0,0.0,264,0.34,0.718,0.0,0.0,0.0,0.0,0.0,61,0.0,1
0.0,0.0,0.16,0.663,0.82,1.64,0.0,0.0,1116,0.16,0.906,0.16,0.0,0.0,0.65,0.0,52,0.0,1
1.09,0.85,0.06,0.167,4.49,0.0,0.72,0.0,442,1.57,0.01,0.06,0.0,0.36,0.06,0.06,12,0.06,1
0.58,0.11,0.11,0.094,0.58,0.46,0.23,0.0,389,0.58,0.322,0.23,0.0,0.34,0.34,0.0,48,0.0,1
0.0,0.0,0.0,0.0,2.46,0.0,0.0,0.0,19,0.0,1.284,1.23,0.0,0.0,0.0,0.0,5,0.0,1
0.0,0.0,0.91,0.269,0.0,0.0,0.0,0.0,87,0.91,0.672,0.0,0.0,0.0,0.0,0.0,31,0.0,1
5.26,0.0,0.0,0.199,1.31,0.0,0.0,0.0,53,0.0,0.0,0.0,0.0,0.0,0.0,1.31,25,0.0,1
0.93,0.0,0.0,0.107,2.44,0.0,0.37,0.0,251,0.0,0.268,0.0,0.0,0.93,0.37,0.18,42,0.18,1
0.94,0.0,0.0,0.107,2.45,0.0,0.37,0.0,244,0.0,0.241,0.0,0.0,0.94,0.37,0.18,35,0.18,1
3.25,0.0,0.32,0.157,2.28,0.32,0.32,0.0,139,0.65,0.0,0.0,0.0,0.65,0.0,0.32,10,0.32,1
0.0,0.0,0.0,0.0,0.0,0.0,0.0,0.0,217,0.0,0.511,0.0,0.0,0.0,0.0,0.0,27,0.67,1
1.24,0.0,0.0,0.0,2.49,0.31,0.0,0.0,349,0.31,1.152,0.0,0.0,0.0,0.0,0.0,121,0.0,1
0.0,0.0,0.0,0.0,0.0,0.0,0.0,0.0,19,0.0,0.0,0.0,0.0,0.0,0.0,0.0,4,0.0,1
0.0,0.0,0.0,0.0,0.0,0.0,0.0,0.0,217,0.0,0.511,0.0,0.0,0.0,0.0,0.0,27,0.67,1
0.0,0.0,0.0,0.0,0.0,0.0,0.0,0.0,19,0.0,0.0,0.0,0.0,0.0,0.0,0.0,4,0.0,1
0.17,0.0,0.17,0.681,1.04,1.74,0.0,0.17,967,0.17,0.754,0.17,0.0,0.0,0.69,0.0,52,0.0,1
4.0,1.0,1.0,0.137,2.0,0.0,2.0,0.0,33,2.0,0.275,0.0,0.0,0.0,0.0,1.0,11,0.0,1
2.1,0.0,0.0,0.175,3.15,1.05,1.05,0.0,107,0.0,0.351,0.0,0.0,0.0,0.0,0.0,28,0.0,1
0.0,0.0,0.16,0.67,0.98,2.13,0.0,0.49,1030,0.32,0.693,0.16,0.0,0.0,0.65,0.0,52,0.0,1
0.0,0.0,0.0,0.0,3.07,0.0,0.0,0.0,127,0.0,1.434,1.53,0.0,0.0,0.0,0.0,75,0.0,1
5.26,0.0,0.0,0.201,1.31,0.0,0.0,0.0,54,0.0,0.0,0.0,0.0,0.0,0.0,1.31,25,0.0,1
3.84,0.0,0.0,0.23,3.84,1.28,0.0,0.0,72,0.0,0.23,0.0,0.0,0.0,0.0,0.0,41,0.0,1
0.47,0.0,0.94,0.0,0.94,0.0,0.47,0.0,77,0.0,0.217,0.0,0.0,0.0,0.0,0.0,11,0.0,1
0.25,0.25,0.0,0.209,2.81,0.0,0.25,0.0,211,0.51,0.209,0.25,0.0,0.51,0.25,0.76,75,0.0,1
1.46,0.36,0.0,0.181,1.09,0.36,0.73,0.0,356,0.36,0.604,0.0,0.0,0.0,0.0,0.0,58,0.0,1
2.58,0.64,0.0,0.37,1.93,1.29,0.64,0.0,122,1.93,0.462,0.0,0.0,0.0,0.0,0.0,22,0.0,1
0.43,0.0,0.0,0.062,0.43,0.43,0.0,0.0,65,0.0,0.31,0.0,0.0,0.0,0.0,0.0,8,1.29,1
3.84,0.0,0.0,0.23,3.84,1.28,0.0,0.0,72,0.0,0.23,0.0,0.0,0.0,0.0,0.0,41,0.0,1
0.0,0.0,0.6,0.0,1.82,0.0,0.0,0.0,38,0.0,0.0,0.6,0.0,0.6,0.0,0.0,11,0.0,1
3.25,0.0,0.32,0.159,2.28,0.32,0.32,0.0,139,0.65,0.0,0.0,0.0,0.65,0.0,0.32,10,0.32,1
5.19,0.0,0.0,0.198,1.29,0.0,0.0,0.0,55,0.0,0.0,0.0,0.0,0.0,0.0,1.29,25,0.0,1
3.84,0.0,0.0,0.23,3.84,1.28,0.0,0.0,72,0.0,0.23,0.0,0.0,0.0,0.0,0.0,41,0.0,1
2.54,0.63,0.63,0.3,1.27,0.63,0.63,0.0,118,1.27,0.501,0.0,0.0,0.0,0.0,0.0,22,0.0,1
2.61,0.65,0.0,0.463,1.96,1.3,0.65,0.0,122,1.3,0.834,0.0,0.0,0.0,0.0,0.0,22,0.0,1
0.58,0.0,0.0,1.121,0.19,0.0,0.0,0.19,2043,1.16,0.0,0.0,0.0,0.0,0.58,0.0,2042,0.0,1
0.43,0.0,0.0,0.062,0.43,0.43,0.0,0.0,65,0.0,0.31,0.0,0.0,0.0,0.0,0.0,8,1.29,1
0.23,0.0,0.0,0.038,0.4,0.08,0.23,0.0,1254,0.16,0.406,0.0,0.0,0.0,0.0,0.0,67,0.0,1
2.58,0.64,0.0,0.37,1.93,1.29,0.64,0.0,122,1.93,0.462,0.0,0.0,0.0,0.0,0.0,22,0.0,1
0.43,0.0,0.0,0.062,0.43,0.43,0.0,0.0,65,0.0,0.31,0.0,0.0,0.0,0.0,0.0,8,1.29,1
1.46,0.36,0.0,0.181,1.09,0.36,0.73,0.0,356,0.36,0.604,0.0,0.0,0.0,0.0,0.0,58,0.0,1
0.0,0.0,0.0,0.0,0.0,0.0,0.0,2.06,51,0.0,0.0,0.0,0.0,0.0,0.0,0.0,10,0.0,1
3.84,0.0,0.0,0.23,3.84,1.28,0.0,0.0,72,0.0,0.23,0.0,0.0,0.0,0.0,0.0,41,0.0,1
3.25,0.0,0.32,0.158,2.28,0.32,0.32,0.0,139,0.65,0.0,0.0,0.0,0.65,0.0,0.32,10,0.32,1
1.09,0.85,0.06,0.167,4.49,0.0,0.72,0.0,441,1.57,0.01,0.06,0.0,0.36,0.06,0.06,12,0.06,1
5.26,0.0,0.0,0.201,1.31,0.0,0.0,0.0,54,0.0,0.0,0.0,0.0,0.0,0.0,1.31,25,0.0,1
0.45,0.45,0.45,0.127,0.91,0.0,0.45,0.0,161,0.0,0.063,0.0,0.0,0.0,0.45,0.0,46,0.91,1
0.0,0.0,1.16,0.0,3.48,4.65,2.32,0.0,21,0.0,0.0,0.0,0.0,0.0,0.0,0.0,1,0.0,1
0.0,0.0,1.25,0.0,3.75,6.25,0.0,0.0,19,0.0,0.0,0.0,0.0,0.0,0.0,0.0,1,0.0,1
0.17,0.0,0.0,0.017,0.07,0.05,0.1,0.02,3271,0.02,0.107,0.0,0.0,0.0,0.0,0.0,489,0.05,1
0.0,0.0,0.0,0.0,0.0,0.0,0.0,0.0,2,0.0,5.0,0.0,0.0,0.0,0.0,0.0,1,0.0,1
1.94,0.0,0.0,0.0,4.36,0.48,0.0,0.0,81,0.48,2.443,0.0,0.0,0.0,0.0,0.0,8,0.0,1
1.19,0.0,0.0,0.036,3.81,0.23,0.0,0.0,543,0.23,1.018,0.23,0.0,0.0,0.23,0.0,97,0.0,1
3.25,0.0,0.32,0.158,2.28,0.32,0.32,0.0,139,0.65,0.0,0.0,0.0,0.65,0.0,0.32,10,0.32,1
0.0,0.0,0.0,0.0,0.0,0.0,0.0,0.0,6,7.69,0.0,0.0,0.0,0.0,0.0,0.0,1,0.0,1
1.19,0.0,0.0,0.036,3.81,0.23,0.0,0.0,543,0.23,1.018,0.23,0.0,0.0,0.23,0.0,97,0.0,1
2.0,0.0,1.0,0.0,5.0,0.0,0.0,0.0,89,0.0,0.11,0.0,0.0,0.0,0.0,0.0,62,0.0,1
1.3,0.23,0.05,0.259,1.53,0.76,0.11,0.0,660,0.23,0.102,0.65,0.0,0.17,0.0,0.05,8,0.0,1
3.24,0.0,0.32,0.157,2.27,0.32,0.32,0.0,139,0.64,0.0,0.0,0.0,0.64,0.0,0.32,10,0.32,1
0.67,0.0,0.0,0.11,0.67,0.0,0.0,0.0,132,0.67,0.332,0.0,0.0,0.0,0.0,0.0,12,0.0,1
0.17,0.0,0.0,0.017,0.07,0.05,0.1,0.02,3271,0.02,0.107,0.0,0.0,0.0,0.0,0.0,489,0.05,1
0.0,0.0,0.0,0.114,0.67,0.0,0.0,0.0,139,0.67,0.802,0.0,0.0,0.0,0.0,0.0,20,0.0,1
0.2,0.0,0.0,0.338,0.2,0.2,0.0,0.0,2205,0.0,0.831,0.0,0.0,0.0,0.2,0.4,2204,0.0,1
0.0,0.0,0.0,0.103,1.22,0.61,0.0,0.0,178,1.22,0.517,0.0,0.0,0.0,0.0,0.0,28,0.0,1
3.7,0.0,1.48,0.0,2.22,0.74,0.74,0.0,61,1.48,0.108,0.74,0.0,0.74,0.0,0.0,12,0.0,1
0.0,0.0,0.0,0.0,0.0,0.0,0.0,0.0,136,0.45,0.153,0.0,0.0,0.0,0.0,0.0,11,0.0,1
1.36,0.46,0.0,0.479,3.12,0.23,0.42,0.0,2218,0.15,0.319,0.31,0.0,0.03,0.58,0.46,116,0.35,1
1.77,0.0,0.35,0.0,4.25,0.7,0.0,0.0,183,0.7,0.397,0.7,0.0,0.0,0.0,0.0,58,0.35,1
1.21,0.0,0.0,0.0,3.65,2.43,0.0,0.0,31,1.21,0.0,0.0,0.0,0.0,0.0,0.0,1,0.0,1
5.26,0.0,0.0,0.199,1.31,0.0,0.0,0.0,53,0.0,0.0,0.0,0.0,0.0,0.0,1.31,25,0.0,1
1.8,0.72,0.0,0.202,4.44,0.6,0.24,0.0,479,1.44,0.101,0.72,0.0,0.0,0.24,0.96,54,0.0,1
0.89,0.44,0.0,0.0,4.46,0.0,0.0,0.0,37,1.78,0.0,0.0,0.0,0.44,0.0,0.0,5,0.44,1
0.42,0.85,0.25,0.114,1.62,0.25,0.08,0.0,1402,0.85,0.42,0.17,0.0,1.02,0.59,0.08,669,0.17,1
0.93,0.0,0.0,0.0,2.8,0.46,0.0,0.0,120,0.46,0.663,0.0,0.0,0.0,0.0,0.0,20,0.0,1
0.0,0.0,0.14,0.745,0.57,0.86,0.0,0.0,1315,0.14,0.826,0.14,0.0,0.0,0.57,0.0,72,0.0,1
1.1,0.85,0.0,0.169,4.4,0.0,0.73,0.0,444,1.59,0.01,0.06,0.0,0.36,0.06,0.06,12,0.06,1
1.1,0.85,0.0,0.169,4.4,0.0,0.73,0.0,451,1.59,0.01,0.06,0.0,0.36,0.06,0.06,12,0.06,1
1.26,0.44,0.0,0.236,2.98,0.38,0.44,0.0,1059,0.19,0.429,0.25,0.0,0.12,0.76,0.76,45,0.25,1
0.89,0.08,0.08,0.109,3.58,0.53,0.08,0.0,1277,1.52,0.369,0.0,0.0,0.17,0.35,0.17,119,0.0,1
0.42,1.1,0.0,0.101,1.86,0.08,0.0,0.0,1834,1.52,0.356,0.25,0.0,0.33,0.67,0.08,669,0.08,1
0.96,0.0,0.48,0.0,3.36,0.0,0.96,0.0,95,0.48,0.163,0.0,0.0,0.48,0.0,0.0,17,0.0,1
0.0,0.0,0.0,0.0,0.0,0.0,0.0,0.0,19,0.0,0.0,0.0,0.0,0.0,0.0,0.0,15,0.0,1
2.97,1.78,0.0,0.42,2.97,0.0,0.59,0.0,72,0.59,0.105,0.0,0.0,0.0,0.0,0.0,12,0.59,1
1.21,0.0,0.6,0.304,3.65,0.0,0.0,0.0,74,1.21,0.101,0.0,0.0,0.0,0.0,0.6,30,0.0,1
1.26,0.44,0.0,0.235,2.98,0.38,0.44,0.0,1070,0.19,0.428,0.25,0.0,0.12,0.76,0.76,45,0.25,1
0.0,0.0,0.0,0.326,0.0,0.0,0.0,0.0,78,0.0,0.163,0.0,0.0,0.0,0.0,0.0,21,0.0,1
0.66,0.0,0.33,0.0,2.64,1.65,0.0,0.0,141,0.33,0.537,0.0,0.0,0.0,0.0,0.0,9,0.33,1
1.35,0.0,0.67,0.0,3.37,0.0,0.67,0.0,189,0.0,0.286,0.0,0.0,0.0,0.0,0.67,39,2.02,1
1.28,0.46,0.0,0.134,3.49,0.0,0.46,0.0,655,0.46,0.23,0.11,0.0,0.46,0.93,0.46,144,0.11,1
0.62,0.0,0.0,0.0,2.79,0.31,0.62,0.0,115,1.55,0.0,0.0,0.0,0.0,0.0,0.0,22,0.0,1
2.88,0.0,0.96,0.0,2.88,0.0,0.0,0.0,13,0.96,0.616,0.96,0.0,0.0,0.0,0.0,3,0.0,1
1.4,0.35,0.7,0.061,5.96,0.7,0.0,0.0,94,1.05,0.367,0.0,0.0,0.0,0.0,0.35,12,0.0,1
1.1,0.0,0.0,0.0,3.31,0.55,0.0,0.0,75,0.55,0.524,0.0,0.0,0.0,0.0,0.0,7,0.0,1
1.75,0.0,0.0,0.0,1.75,0.0,2.93,0.0,113,0.29,0.0,0.29,0.0,0.0,0.0,0.0,6,0.29,1
3.57,0.0,0.0,0.0,0.89,0.0,0.0,0.0,105,0.0,0.52,0.0,0.0,0.0,0.89,0.0,46,0.0,1
0.89,0.08,0.08,0.109,3.58,0.53,0.08,0.0,1278,1.52,0.369,0.0,0.0,0.17,0.35,0.17,119,0.0,1
3.48,0.0,0.0,0.082,1.16,1.74,0.0,0.0,102,3.48,0.165,0.0,0.0,0.0,0.58,0.58,12,0.58,1
0.4,0.0,0.0,0.019,0.43,0.37,0.1,0.0,3550,0.1,0.034,0.1,0.0,0.03,0.0,0.0,113,0.0,1
0.0,0.0,0.0,0.683,0.42,0.0,0.0,0.0,301,0.84,2.636,0.0,0.0,0.0,0.0,0.0,36,0.42,1
0.51,0.0,0.25,0.0,2.29,0.25,0.0,0.0,153,0.25,0.354,0.0,0.0,0.51,0.0,0.0,14,0.0,1
0.42,0.85,0.25,0.114,1.61,0.25,0.08,0.0,1407,0.85,0.394,0.17,0.0,1.02,0.59,0.08,669,0.17,1
0.6,0.0,0.12,0.0,0.36,0.12,0.0,0.0,1234,0.24,0.34,0.12,0.0,0.0,0.0,0.0,158,0.0,1
1.31,0.43,0.0,0.216,2.62,0.43,0.87,0.0,320,0.87,0.577,0.0,0.0,0.0,0.0,0.0,90,0.0,1
1.02,0.0,0.0,0.153,2.35,0.0,0.0,0.0,368,0.0,0.153,0.14,0.0,0.0,1.02,0.44,73,0.0,1
2.02,0.14,0.14,0.08,2.89,0.0,0.0,0.0,1222,0.28,0.269,0.0,0.0,0.0,0.0,0.0,74,0.0,1
2.51,0.62,0.62,0.273,1.25,0.62,0.62,0.0,121,1.25,0.456,0.0,0.0,0.0,0.0,0.0,22,0.0,1
3.87,0.0,0.33,0.054,2.02,0.0,1.68,0.0,621,0.33,1.118,0.33,0.0,0.16,0.16,0.33,63,0.84,1
2.0,0.14,0.14,0.072,2.86,0.0,0.0,0.0,1229,0.28,0.241,0.14,0.0,0.0,0.0,0.0,37,0.0,1
2.11,0.15,0.0,0.076,2.56,0.0,0.0,0.0,1216,0.15,0.255,0.0,0.0,0.0,0.0,0.0,37,0.0,1
1.35,0.51,0.0,0.51,3.03,0.21,0.43,0.0,2333,0.14,0.443,0.29,0.0,0.03,0.54,0.54,739,0.18,1
1.36,0.0,0.0,0.519,1.36,0.68,2.73,0.0,228,0.0,1.143,0.0,0.0,0.68,0.68,0.0,75,1.36,1
1.1,0.0,0.0,0.193,1.76,0.55,0.0,0.0,389,0.22,0.367,0.0,0.0,0.0,0.44,0.22,75,0.0,1
2.97,0.0,0.49,0.165,2.47,0.49,0.99,0.0,225,1.48,0.497,0.0,0.0,0.0,0.0,0.0,78,0.0,1
0.0,0.0,0.0,0.0,4.71,0.94,0.0,0.0,52,0.94,3.571,0.0,0.0,0.0,0.0,0.0,7,0.0,1
1.46,1.03,0.02,0.847,3.23,0.16,0.33,0.0,3210,0.09,0.382,0.23,0.0,0.11,0.42,0.51,193,0.21,1
1.1,0.0,0.0,0.193,1.76,0.55,0.0,0.0,389,0.22,0.367,0.0,0.0,0.0,0.44,0.22,75,0.0,1
0.0,0.0,1.56,0.0,0.0,1.56,0.0,0.0,34,0.0,0.7,0.0,0.0,0.0,0.0,0.0,12,0.0,1
2.22,0.0,2.22,0.0,3.33,3.33,0.0,0.0,35,1.11,0.146,0.0,0.0,0.0,0.0,0.0,5,0.0,1
1.73,0.0,0.86,0.0,3.46,2.16,0.0,0.0,353,0.43,0.801,0.43,0.0,0.0,0.0,0.0,41,0.0,1
4.56,0.0,0.0,0.0,2.28,1.36,0.0,0.0,126,1.82,0.0,0.0,0.0,0.45,0.0,0.0,12,0.0,1
1.52,0.76,0.5,0.412,2.03,0.0,0.0,0.0,249,0.76,0.412,0.0,0.0,0.0,0.0,0.0,19,0.5,1
0.0,0.0,0.0,0.0,5.79,1.44,0.0,0.0,21,0.0,0.277,0.0,0.0,0.0,0.0,0.0,3,0.0,1
1.52,0.76,0.5,0.412,2.03,0.0,0.0,0.0,249,0.76,0.412,0.0,0.0,0.0,0.0,0.0,19,0.5,1
1.07,0.0,0.0,0.0,1.79,0.35,0.0,0.0,261,0.35,1.257,0.0,0.0,0.35,0.0,0.0,61,0.0,1
5.88,0.0,0.0,0.0,5.88,0.0,0.0,0.0,9,0.0,0.0,0.0,0.0,0.0,0.0,0.0,4,0.0,1
1.8,0.72,0.0,0.222,4.44,0.6,0.24,0.0,483,1.44,0.101,0.72,0.0,0.0,0.24,0.96,54,0.0,1
0.0,0.0,0.0,0.0,0.88,0.0,0.0,0.0,229,0.88,0.935,0.0,0.0,0.0,0.0,0.0,51,0.0,1
0.24,0.0,0.12,0.094,2.41,0.12,0.0,0.0,389,0.6,0.056,0.12,0.0,0.12,0.0,0.0,14,0.0,1
2.63,0.0,0.0,0.0,1.31,0.0,0.0,0.0,36,1.31,1.007,0.0,0.0,0.0,0.0,0.0,8,0.0,1
3.61,0.0,0.0,0.21,1.2,0.0,0.0,0.0,38,0.0,0.421,0.0,0.0,1.2,0.0,3.61,17,0.0,1
0.0,1.07,0.0,0.38,0.0,0.0,0.0,0.0,72,0.0,0.19,0.0,0.0,0.0,0.0,0.0,16,1.07,1
1.92,0.0,0.0,0.0,1.92,0.0,3.84,0.0,23,0.0,1.336,0.0,0.0,0.0,0.0,0.0,3,0.0,1
1.69,1.39,0.0,0.133,3.19,0.09,0.79,0.0,2541,0.29,0.334,0.29,0.0,0.09,0.59,0.99,1171,0.59,1
0.0,0.0,0.0,3.125,0.0,0.0,0.0,0.0,41,0.0,0.0,0.0,0.0,0.0,0.0,0.0,10,0.0,1
0.27,0.0,0.13,0.0,0.69,0.0,0.0,0.0,144,0.0,0.0,0.0,0.0,0.0,0.0,0.0,20,0.13,1
1.25,0.0,0.0,0.0,2.51,0.31,0.0,0.0,278,0.31,0.777,0.0,0.0,0.0,0.0,0.0,61,0.0,1
0.52,0.0,0.26,0.0,0.0,0.26,0.0,0.0,1078,0.26,0.369,0.0,0.0,0.0,0.0,0.0,104,0.0,1
1.12,0.0,0.0,0.196,1.79,0.56,0.0,0.0,389,0.22,0.373,0.0,0.0,0.0,0.44,0.22,75,0.0,1
0.73,0.0,0.0,0.041,2.33,0.24,0.24,0.0,254,1.34,0.041,0.36,0.0,0.12,0.0,0.0,69,0.12,1
0.73,0.0,0.0,0.041,2.33,0.24,0.24,0.0,254,1.34,0.041,0.36,0.0,0.12,0.0,0.0,69,0.12,1
2.51,0.0,0.31,0.046,0.31,0.94,0.0,0.0,421,0.0,0.89,0.31,0.0,0.0,0.31,0.31,138,0.0,1
1.03,0.0,0.0,0.177,1.54,0.0,0.0,0.0,100,0.51,0.8,0.0,0.0,0.0,0.0,0.51,12,0.0,1
2.88,1.44,0.0,0.336,2.88,0.0,0.48,0.0,80,0.48,0.084,0.0,0.0,0.0,0.0,0.0,12,0.48,1
6.45,0.0,0.0,0.0,3.22,6.45,0.0,0.0,2,0.0,0.0,0.0,0.0,0.0,0.0,0.0,1,0.0,1
4.48,0.0,0.0,0.0,2.24,1.34,0.0,0.0,144,1.79,0.0,0.0,0.0,0.44,0.0,0.0,12,0.0,1
0.17,0.35,0.35,0.171,0.53,0.35,0.0,0.0,229,0.17,0.057,0.17,0.0,0.0,0.0,0.0,34,0.35,1
0.0,0.0,0.0,0.251,0.86,1.72,0.0,0.0,91,0.0,0.251,0.0,0.0,0.0,0.0,0.0,12,0.0,1
0.0,0.0,0.0,0.186,0.0,0.0,1.26,0.0,84,0.0,0.186,0.0,0.0,0.0,0.0,0.0,23,2.53,1
0.42,0.0,0.42,0.0,0.84,0.0,0.0,0.0,493,0.42,0.187,0.0,0.0,0.42,0.0,0.0,74,0.0,1
0.45,0.0,0.45,0.0,0.9,0.0,0.0,0.0,477,0.45,0.203,0.0,0.0,0.45,0.0,0.0,72,0.0,1
0.0,0.0,1.0,0.0,3.01,0.0,0.0,0.0,94,0.0,0.176,0.0,0.0,0.0,0.0,0.0,20,0.0,1
0.0,0.0,0.0,0.0,4.44,0.0,0.0,0.0,180,0.0,1.385,0.0,0.0,0.0,0.0,0.0,169,0.0,1
0.0,0.0,0.0,0.0,5.0,1.25,0.0,0.0,36,2.5,0.0,0.0,0.0,0.0,0.0,0.0,4,0.0,1
0.0,1.08,0.0,0.389,0.0,0.0,0.0,0.0,72,0.0,0.0,0.0,0.0,0.0,0.0,0.0,16,1.08,1
1.38,0.0,0.0,0.0,0.0,0.0,0.0,0.0,59,0.0,0.486,0.0,0.0,0.0,0.0,0.0,11,0.0,1
2.0,0.31,0.0,3.305,4.53,0.0,0.52,0.0,1016,1.26,0.141,0.21,0.0,0.1,0.42,1.47,193,0.0,1
0.95,0.23,0.0,0.04,3.8,0.0,0.0,0.71,189,0.23,0.0,2.61,0.0,0.47,0.0,0.0,55,0.47,1
1.56,0.0,0.09,0.085,3.69,0.0,0.0,0.0,1171,0.09,0.341,0.09,0.0,0.0,0.55,0.36,103,0.0,1
0.0,0.0,0.0,0.0,3.22,0.0,0.0,0.0,23,0.0,0.546,0.0,0.0,0.0,0.0,0.0,9,0.0,1
0.0,0.0,0.0,0.0,4.34,0.0,0.0,0.0,15,0.0,2.631,0.0,0.0,0.0,0.0,0.0,5,0.0,1
0.0,0.0,0.0,0.0,4.34,0.0,0.0,0.0,15,0.0,5.844,0.0,0.0,0.0,0.0,0.0,5,0.0,1
0.0,0.0,0.0,0.0,3.33,0.0,0.0,0.0,23,0.0,1.081,0.0,0.0,0.0,0.0,0.0,9,0.0,1
0.64,0.0,0.0,0.0,3.24,2.59,0.0,0.0,105,0.64,0.574,0.0,0.0,0.0,0.0,0.0,30,0.0,1
3.73,0.0,0.0,0.0,0.93,0.0,0.0,0.0,65,0.0,0.536,0.0,0.0,0.0,0.93,0.0,23,0.0,1
3.24,0.0,0.64,0.156,2.27,0.32,0.32,0.0,157,0.64,0.0,0.0,0.0,0.64,0.0,0.32,19,0.32,1
0.0,1.08,0.0,0.383,0.0,0.0,0.0,0.0,79,0.0,0.191,0.0,0.0,0.0,0.0,0.0,23,1.08,1
0.0,0.0,0.0,0.0,3.7,0.0,0.0,0.0,24,0.0,3.448,0.0,0.0,0.0,0.0,0.0,11,0.0,1
0.0,1.08,0.0,0.383,0.0,0.0,0.0,0.0,79,0.0,0.191,0.0,0.0,0.0,0.0,0.0,23,1.08,1
0.0,0.05,0.0,0.053,0.0,0.0,0.75,1.16,910,0.0,0.0,0.11,0.0,0.05,0.0,0.0,32,0.34,1
1.32,0.0,0.0,0.0,1.32,0.0,0.0,0.44,58,0.88,0.291,0.44,0.44,0.0,0.0,0.0,3,0.0,1
1.23,0.0,0.2,0.065,2.89,0.61,0.0,0.0,301,0.82,0.816,0.41,0.0,0.61,0.2,0.2,45,0.0,1
0.0,0.0,0.0,0.0,0.0,0.0,0.0,0.0,2,0.0,4.347,0.0,0.0,0.0,0.0,0.0,1,0.0,1
0.0,0.75,0.1,0.065,0.0,0.0,0.1,0.0,329,0.1,0.016,0.0,0.0,0.1,0.1,0.0,29,0.53,1
1.8,0.0,0.0,0.225,3.6,1.14,1.3,0.0,595,0.32,0.902,0.16,0.0,0.16,0.65,0.49,47,0.49,1
1.66,0.39,0.09,0.151,1.66,0.87,0.19,0.0,1458,0.39,0.318,0.39,0.0,0.09,0.19,0.19,494,0.0,1
6.66,0.0,0.0,0.0,0.0,0.0,3.33,0.0,26,0.0,0.396,0.0,0.0,0.0,3.33,0.0,11,3.33,1
1.72,0.4,0.1,0.156,1.72,0.91,0.2,0.0,1428,0.4,0.297,0.4,0.0,0.1,0.2,0.2,494,0.0,1
2.22,0.0,0.0,0.0,5.18,0.0,2.22,0.0,289,1.11,1.096,0.0,0.0,0.74,0.0,0.0,107,2.96,1
0.42,0.85,0.25,0.114,1.61,0.25,0.08,0.0,1407,0.85,0.394,0.17,0.0,1.02,0.59,0.08,669,0.17,1
0.77,2.05,0.0,0.173,1.79,0.0,0.0,0.51,287,0.25,0.26,0.0,0.51,1.28,0.77,0.0,16,0.0,1
1.05,2.1,1.05,0.171,3.15,0.0,0.0,0.0,41,1.05,0.171,0.0,0.0,2.1,0.0,0.0,6,0.0,1
0.61,0.51,0.1,0.162,1.94,1.94,0.92,0.0,1890,1.02,0.518,0.1,0.0,0.3,0.0,0.1,283,0.4,1
1.72,0.4,0.1,0.156,1.72,0.91,0.2,0.0,1428,0.4,0.297,0.4,0.0,0.1,0.2,0.2,494,0.0,1
0.44,0.0,0.44,0.0,0.88,0.0,0.0,0.0,474,0.44,0.19,0.0,0.0,0.44,0.0,0.0,72,0.0,1
1.66,0.1,0.1,0.264,3.43,0.1,0.1,0.0,702,0.31,0.611,0.1,0.0,0.0,0.2,1.04,69,0.0,1
0.0,0.0,0.0,0.634,0.0,0.0,0.0,0.0,61,0.0,0.422,0.0,0.0,0.0,0.0,0.0,17,0.0,1
0.0,0.0,0.0,0.0,4.0,0.0,0.0,0.0,26,0.0,0.0,0.0,0.0,0.0,0.0,0.0,11,0.0,1
1.56,0.0,0.0,0.111,5.32,2.5,0.0,0.0,92,0.0,0.111,0.31,0.0,0.62,0.0,0.62,6,2.82,1
2.05,0.47,0.11,0.338,3.93,0.05,0.11,0.0,1460,0.17,0.492,0.11,0.0,0.17,0.05,0.29,87,0.05,1
1.35,0.51,0.0,0.509,2.99,0.21,0.43,0.0,2340,0.14,0.478,0.29,0.0,0.03,0.54,0.58,611,0.18,1
0.0,0.0,0.0,0.0,0.0,0.0,0.0,0.0,33,0.0,0.0,0.0,0.0,0.0,0.0,0.0,16,0.0,1
0.0,1.12,0.0,0.408,0.0,0.0,0.0,0.0,82,0.0,0.408,0.0,0.0,0.0,0.0,0.0,25,1.12,1
2.41,3.38,0.0,0.761,2.41,0.0,0.48,0.0,165,0.48,0.084,0.0,0.0,0.0,0.0,0.0,46,0.48,1
0.42,0.85,0.25,0.114,1.61,0.25,0.08,0.0,1410,0.85,0.394,0.17,0.0,1.02,0.59,0.08,669,0.17,1
1.14,0.0,0.0,0.0,0.95,0.76,0.0,0.0,381,0.19,0.264,0.0,0.0,0.0,0.19,0.0,93,0.19,1
2.5,1.42,0.0,0.233,2.85,0.0,0.71,0.0,140,1.07,0.233,0.0,0.0,0.0,0.0,0.0,25,0.35,1
0.31,0.31,0.31,0.173,1.9,0.0,0.0,0.0,279,0.0,0.13,0.0,0.0,0.0,0.0,0.0,60,0.0,1
0.94,0.53,0.06,0.151,4.1,0.4,0.06,0.0,1045,0.13,1.06,0.33,0.0,0.2,0.0,0.26,123,0.33,1
1.18,0.0,0.0,0.129,1.18,3.54,0.0,0.0,364,0.39,0.843,0.78,0.0,0.0,0.0,0.0,42,0.0,1
0.0,1.85,0.0,0.367,0.0,0.0,0.92,0.0,71,0.0,0.919,0.0,0.0,0.0,0.0,0.0,16,4.62,1
1.64,0.45,0.16,0.493,3.74,0.0,0.0,0.04,1991,0.12,0.507,0.08,0.04,0.2,0.0,0.53,133,0.2,1
0.43,0.0,0.0,0.151,6.14,0.0,0.0,0.0,117,0.0,0.0,0.43,0.0,0.0,0.43,0.87,33,0.0,1
2.65,1.59,0.0,0.466,2.65,0.0,0.53,0.0,131,0.53,0.093,0.0,0.0,0.0,0.0,0.0,60,0.53,1
2.03,0.61,0.0,0.069,2.64,0.0,0.7,0.0,3116,0.35,0.556,0.17,0.0,0.0,0.61,0.7,1170,0.52,1
2.05,0.68,0.0,1.961,2.9,0.17,0.17,0.0,660,1.7,0.387,0.0,0.0,0.34,0.85,1.36,183,0.0,1
1.06,0.0,0.0,0.0,1.6,0.0,0.53,0.0,43,0.0,0.311,0.0,0.0,0.0,0.0,0.0,11,0.0,1
1.52,0.06,0.06,0.101,3.5,0.59,0.19,0.0,1280,0.0,0.101,0.72,0.0,0.19,0.72,0.06,79,0.33,1
0.0,0.0,0.0,0.626,0.0,0.0,0.0,0.0,61,0.0,0.208,0.0,0.0,0.0,0.0,0.0,17,0.0,1
0.0,1.05,0.52,0.0,2.63,1.05,0.0,0.0,120,0.0,0.291,0.0,0.0,1.05,0.0,0.0,43,0.0,1
1.55,0.0,0.0,0.0,2.79,0.0,0.31,0.0,110,0.0,0.057,0.31,0.0,0.0,0.0,0.0,18,0.0,1
0.64,0.0,0.0,0.111,3.87,0.0,0.0,0.0,63,0.0,1.116,0.0,0.0,1.29,0.0,0.0,12,0.64,1
0.64,0.0,0.0,0.11,3.84,0.0,0.0,0.0,64,0.0,1.103,0.0,0.0,1.28,0.0,0.0,12,0.64,1
1.09,0.62,0.31,4.017,2.19,0.15,0.15,0.0,259,0.62,0.378,0.0,0.0,0.0,1.09,0.0,23,0.0,1
0.35,0.59,0.23,0.191,1.9,2.13,0.95,0.0,1509,1.18,0.42,0.11,0.0,0.47,0.0,0.11,283,0.35,1
3.38,0.36,0.0,0.031,2.01,0.0,0.0,0.0,535,0.36,0.249,0.0,0.0,0.09,0.09,0.09,69,0.18,1
2.35,1.41,0.0,0.41,2.83,0.0,0.47,0.0,137,0.47,0.082,0.0,0.0,0.0,0.0,0.0,60,0.47,1
0.88,0.0,0.0,0.128,2.36,0.0,0.0,0.0,368,0.0,0.153,0.14,0.0,0.0,1.03,0.44,73,0.0,1
1.63,0.0,0.0,0.0,0.81,0.0,0.0,0.0,151,0.81,0.125,0.0,0.0,0.0,0.0,0.0,26,0.0,1
0.88,0.0,0.0,0.128,2.36,0.0,0.0,0.0,368,0.0,0.153,0.14,0.0,0.0,1.03,0.44,73,0.0,1
1.45,0.37,0.13,0.5,3.2,0.27,0.43,0.0,2220,0.13,0.456,0.3,0.0,0.03,0.54,0.6,129,0.1,1
0.61,0.61,0.0,0.223,2.45,0.0,0.61,0.0,490,0.4,0.382,0.0,0.0,0.2,0.0,0.0,55,0.0,1
1.14,2.85,0.0,0.74,5.14,0.0,0.0,0.0,116,0.0,0.211,0.0,0.0,0.0,0.0,0.0,32,0.57,1
1.18,2.95,0.0,0.763,5.32,0.0,0.0,0.0,114,0.0,0.109,0.0,0.0,0.0,0.0,0.0,32,0.59,1
0.0,0.6,0.0,0.121,1.21,0.0,0.0,0.0,261,0.81,0.121,0.2,0.0,1.01,0.0,0.4,10,0.0,1
0.38,0.19,0.77,0.216,0.77,0.19,0.58,0.0,113,1.55,0.185,0.0,0.0,0.19,0.19,0.0,11,0.0,1
0.0,0.0,0.0,0.632,0.0,0.0,0.0,0.0,60,0.0,0.21,0.0,0.0,0.0,0.0,0.0,15,0.0,1
0.0,0.0,0.0,0.61,0.0,0.0,0.0,0.0,62,0.0,0.203,0.0,0.0,0.0,0.0,0.0,17,0.0,1
0.0,0.74,0.1,0.065,0.0,0.0,0.1,0.0,381,0.21,0.016,0.0,0.0,0.1,0.1,0.0,29,0.53,1
2.72,0.0,0.9,0.0,1.81,0.0,0.9,0.0,64,0.0,0.537,0.0,0.0,0.0,0.0,0.9,19,0.0,1
1.02,0.0,1.02,0.17,3.06,2.04,0.0,0.0,25,0.0,0.0,0.0,0.0,0.0,0.0,0.0,4,0.0,1
1.12,0.0,0.56,0.0,1.97,1.41,0.28,0.0,555,0.0,0.153,0.28,0.0,0.0,0.0,0.0,394,0.0,1
1.85,0.46,0.0,0.5,1.85,0.92,0.46,0.0,126,0.0,0.142,0.0,0.0,0.0,0.0,0.0,10,0.0,1
1.28,0.14,0.0,0.118,3.86,0.14,0.42,0.0,250,1.43,0.094,0.0,0.0,0.28,0.0,0.42,27,0.14,1
2.91,0.0,0.0,0.0,4.95,0.0,0.87,0.0,46,0.87,0.0,0.29,0.0,0.0,0.0,0.0,4,1.16,1
2.23,0.0,0.0,0.353,1.67,0.0,0.0,0.0,108,2.23,0.088,0.55,0.0,0.55,0.0,0.55,11,0.55,1
0.0,0.0,0.0,0.0,12.5,0.0,0.0,0.0,2,0.0,0.0,0.0,0.0,0.0,0.0,12.5,1,0.0,1
1.63,0.0,0.0,0.0,0.81,0.0,0.0,0.0,151,0.81,0.121,0.0,0.0,0.0,0.0,0.0,26,0.0,1
0.0,0.0,0.0,0.0,4.41,0.0,0.0,0.0,21,0.0,0.0,0.0,0.0,0.0,0.0,1.47,12,0.0,1
1.34,0.0,1.07,0.0,3.5,0.0,0.0,0.0,339,1.61,0.324,0.0,0.0,0.0,0.26,0.26,52,0.26,1
0.67,0.0,0.67,0.048,2.02,0.0,0.67,0.0,59,0.0,0.0,0.0,0.0,0.0,0.33,0.0,6,0.33,1
0.4,0.0,0.4,0.0,2.04,0.0,0.0,0.0,118,0.4,0.11,0.0,0.0,0.0,0.0,0.0,11,0.0,1
3.09,0.2,0.0,0.132,1.65,0.41,1.03,0.0,565,0.41,1.689,0.2,0.0,0.61,0.2,0.61,102,0.82,1
3.63,0.0,0.9,0.0,2.72,0.0,0.9,0.0,18,0.0,0.774,0.0,0.0,0.0,0.0,0.0,1,3.63,1
1.33,0.0,0.0,0.0,3.33,0.0,0.0,0.0,32,2.0,0.111,0.0,0.0,0.0,0.0,0.0,7,0.66,1
1.34,0.5,0.0,0.505,2.96,0.21,0.43,0.0,2426,0.14,0.439,0.28,0.0,0.03,0.54,0.54,798,0.18,1
2.83,0.28,0.0,0.042,0.84,0.0,1.41,0.0,386,0.28,1.289,0.28,0.0,0.84,0.28,0.84,47,0.84,1
2.06,0.0,0.0,0.113,3.47,0.16,0.24,0.0,441,0.0,0.213,0.16,0.0,0.16,0.16,0.66,76,0.16,1
2.38,0.0,0.34,0.0,4.76,2.04,0.0,0.0,328,0.68,0.215,0.0,0.0,0.34,0.0,0.34,56,0.0,1
0.51,0.12,0.0,0.299,1.93,0.77,0.9,0.0,981,0.0,1.082,0.64,0.0,0.38,0.0,1.03,146,0.0,1
1.96,0.0,0.0,0.092,1.56,0.78,0.0,0.0,222,1.17,0.0,0.0,0.0,0.0,0.0,0.78,20,0.0,1
0.49,0.0,0.0,0.0,0.82,0.66,0.33,0.0,549,1.48,0.616,0.0,0.0,0.0,0.49,0.0,128,0.0,1
1.36,0.68,0.0,0.232,3.4,0.0,0.0,0.0,96,0.0,0.232,0.68,0.0,0.0,0.0,0.68,19,1.36,1
3.21,0.0,0.64,0.156,2.25,0.32,0.32,0.0,149,0.64,0.0,0.0,0.0,0.64,0.32,0.32,19,0.32,1
1.36,0.0,1.36,0.0,2.73,1.82,0.45,0.0,158,0.91,0.368,0.0,0.0,0.0,0.0,0.0,17,0.0,1
1.25,0.0,1.25,0.0,5.0,2.5,0.0,0.0,134,0.0,0.225,0.62,0.0,0.0,0.0,0.0,29,0.0,1
1.25,0.0,1.25,0.0,5.0,2.5,0.0,0.0,134,0.0,0.223,0.62,0.0,0.0,0.0,0.0,29,0.0,1
0.0,0.0,0.0,0.0,0.0,0.0,0.0,0.0,44,0.0,0.0,0.0,0.0,0.0,0.0,0.0,13,0.0,1
0.0,0.0,2.1,0.0,4.21,0.0,0.0,0.0,62,0.0,0.0,0.0,0.0,0.0,0.0,0.0,15,0.0,1
0.49,0.0,0.0,0.0,0.24,0.24,0.0,0.0,400,0.24,0.0,0.0,0.0,0.0,0.24,0.0,209,0.0,1
1.1,0.63,0.05,0.535,2.9,0.11,0.23,0.0,2771,0.14,0.363,0.31,0.0,0.17,0.46,0.52,159,0.14,1
0.0,0.0,0.0,0.0,2.53,0.0,0.0,0.0,94,0.0,0.649,0.0,0.0,0.0,0.0,0.0,46,0.0,1
0.0,0.0,0.0,0.189,0.0,0.0,0.0,0.0,81,0.0,0.189,0.0,0.0,0.0,0.0,0.0,25,3.12,1
1.33,0.0,0.0,0.0,2.66,0.0,0.0,0.0,92,0.0,0.699,0.0,0.0,0.0,0.0,0.0,46,0.0,1
2.01,0.0,0.25,0.034,4.03,0.5,1.0,0.0,231,0.25,0.375,0.5,0.0,0.25,0.0,0.0,60,0.5,1
1.03,0.0,0.0,0.176,3.62,1.03,0.0,0.0,83,0.0,0.176,0.0,0.0,0.0,0.0,0.51,26,0.0,1
1.38,0.0,0.19,0.308,2.56,0.98,0.0,0.0,632,0.0,0.745,0.0,0.0,0.98,1.38,1.38,76,0.19,1
1.38,0.0,0.19,0.31,2.56,0.98,0.0,0.0,632,0.0,0.749,0.0,0.0,0.98,1.38,1.38,76,0.19,1
1.38,0.0,0.19,0.306,2.56,0.98,0.0,0.0,632,0.0,0.741,0.0,0.0,0.98,1.38,1.38,76,0.19,1
0.0,0.0,2.1,0.0,4.21,0.0,0.0,0.0,62,0.0,0.0,0.0,0.0,0.0,0.0,0.0,15,0.0,1
0.0,0.0,0.0,0.338,0.0,0.0,0.0,0.0,85,0.0,0.0,0.0,0.0,0.0,0.0,0.0,29,0.0,1
2.77,0.13,0.27,0.177,3.88,0.0,0.0,0.0,757,0.55,1.316,0.0,0.0,0.27,1.1,0.55,232,0.13,1
0.0,0.46,0.0,0.023,0.93,0.0,0.0,0.0,2761,0.0,0.095,0.0,0.0,0.0,0.0,0.0,1505,0.15,1
3.27,0.36,0.0,0.03,2.0,0.0,0.0,0.0,542,0.36,0.242,0.0,0.0,0.09,0.09,0.09,69,0.18,1
2.65,0.13,0.27,0.182,3.91,0.0,0.0,0.0,726,0.55,1.294,0.0,0.0,0.27,1.11,0.55,232,0.13,1
1.38,0.0,0.19,0.31,2.56,0.98,0.0,0.0,632,0.0,0.749,0.0,0.0,0.98,1.38,1.38,76,0.19,1
0.28,0.0,0.0,0.0,0.28,0.0,0.28,0.0,1319,0.28,0.0,0.0,0.0,0.86,0.0,0.0,772,0.0,1
1.45,0.0,0.0,0.0,3.63,1.81,0.0,0.0,94,0.36,0.125,0.0,0.0,0.0,0.36,0.0,5,0.0,1
1.89,0.0,0.23,0.108,2.83,0.23,0.7,0.0,178,1.18,0.072,0.0,0.0,0.0,0.7,0.47,20,0.0,1
0.0,0.0,0.0,0.0,0.0,0.0,0.0,0.0,48,0.0,0.277,0.0,0.0,0.0,0.0,0.0,13,0.0,1
1.51,0.0,0.0,0.0,7.57,0.0,0.0,0.0,36,0.0,0.0,0.0,0.0,0.0,0.0,0.0,15,0.0,1
1.08,0.0,1.08,0.0,3.26,2.17,0.0,0.0,53,0.0,0.334,0.54,0.0,0.0,0.0,0.0,5,0.0,1
1.36,0.11,0.56,0.134,2.38,0.22,0.11,0.0,385,1.92,0.574,0.22,0.0,0.0,0.0,0.22,94,0.45,1
0.0,0.0,0.0,0.0,4.76,0.68,0.68,0.0,124,0.0,1.255,0.0,0.0,0.0,0.0,0.0,21,0.0,1
0.0,0.55,0.11,0.12,0.0,0.0,0.22,0.0,302,0.22,0.034,0.0,0.0,0.22,0.11,0.0,14,0.0,1
0.0,0.0,0.76,0.0,0.76,0.0,0.0,0.0,309,0.0,0.274,0.0,0.0,0.0,0.0,0.0,110,0.0,1
1.71,1.82,0.0,0.236,3.07,0.11,0.68,0.0,1592,0.45,0.388,0.34,0.0,0.11,0.79,1.14,164,0.57,1
1.88,0.0,0.0,0.0,3.77,0.0,0.0,0.0,30,0.0,0.0,0.0,0.0,1.88,0.0,0.0,16,0.0,1
0.64,0.0,1.28,0.17,1.28,0.64,0.0,0.0,111,1.28,0.085,0.0,0.0,0.0,0.0,0.0,18,0.0,1
0.0,0.0,0.0,0.0,2.24,0.0,0.0,0.0,74,0.0,3.333,0.0,0.0,1.12,0.0,0.0,12,0.0,1
2.72,0.0,0.9,0.0,1.81,0.0,0.9,0.0,62,0.0,0.546,0.0,0.0,0.0,0.0,0.9,19,0.0,1
1.5,1.09,0.05,0.626,3.3,0.21,0.38,0.0,3269,0.05,0.322,0.27,0.0,0.16,0.46,0.35,193,0.24,1
2.76,1.18,0.79,0.183,2.37,0.0,0.39,0.0,75,0.0,0.612,0.0,0.0,0.39,0.0,0.79,13,0.0,1
0.0,0.0,0.0,0.0,4.06,0.0,0.58,0.0,58,0.0,0.192,0.58,0.0,0.0,0.58,0.0,10,0.58,1
3.8,0.0,0.0,0.055,2.07,0.0,1.73,0.0,621,0.34,1.718,0.34,0.0,0.17,0.17,0.34,63,0.86,1
2.58,0.77,0.0,0.403,4.9,0.77,1.55,0.0,358,0.25,0.359,0.0,0.0,0.25,0.0,0.25,56,0.0,1
1.86,0.62,0.0,0.107,0.62,1.24,0.62,0.0,150,1.24,0.321,0.0,0.0,0.62,0.0,0.0,30,0.0,1
0.0,0.0,0.0,0.0,0.0,0.0,0.0,0.0,87,0.0,0.0,0.0,0.0,0.0,0.0,0.0,42,2.94,1
0.84,0.84,0.84,0.0,3.36,0.84,0.0,0.0,125,0.0,0.519,0.84,0.0,0.0,0.0,0.0,43,0.0,1
1.43,0.0,0.0,0.0,4.31,1.43,0.0,0.0,72,0.0,0.132,0.0,0.0,0.0,0.0,0.71,16,0.71,1
3.38,0.36,0.0,0.03,2.01,0.0,0.0,0.0,528,0.36,0.246,0.0,0.0,0.09,0.09,0.09,69,0.18,1
1.25,0.45,0.0,0.132,3.53,0.0,0.45,0.0,666,0.45,0.265,0.11,0.0,0.45,1.02,0.45,144,0.11,1
2.2,2.2,0.44,0.361,1.76,0.0,0.0,0.0,133,0.44,0.433,0.0,0.0,1.32,0.0,0.0,16,0.0,1
0.7,0.6,0.5,0.152,1.31,0.1,0.0,0.0,1351,0.8,0.474,0.3,0.0,0.8,0.8,0.1,669,0.0,1
1.25,0.45,0.0,0.132,3.53,0.0,0.45,0.0,666,0.45,0.265,0.11,0.0,0.45,1.02,0.45,144,0.11,1
1.51,0.38,0.0,0.585,3.06,0.23,0.54,0.0,2184,0.19,0.438,0.34,0.0,0.11,0.58,0.46,153,0.07,1
0.9,0.45,0.0,0.07,4.52,0.45,0.9,0.0,114,0.45,2.115,0.0,0.0,0.0,0.0,0.0,14,0.0,1
1.12,0.0,0.0,0.176,1.79,0.56,0.0,0.0,391,0.22,0.392,0.0,0.0,0.0,0.44,0.22,75,0.0,1
1.88,0.0,0.0,0.0,3.77,0.0,0.0,0.0,30,0.0,0.0,0.0,0.0,1.88,0.0,0.0,16,0.0,1
0.63,0.0,0.0,0.109,3.82,0.0,0.0,0.0,69,0.0,1.096,0.0,0.0,1.27,0.0,0.0,12,0.63,1
0.0,2.24,0.0,0.0,3.37,0.0,0.0,0.0,53,0.0,0.218,0.0,0.0,0.0,0.0,0.0,11,0.0,1
0.0,1.36,0.0,0.0,2.04,0.0,0.0,0.0,261,0.0,0.125,0.0,0.0,0.0,0.0,0.0,37,0.0,1
0.94,0.0,0.47,0.0,1.88,0.94,0.0,0.0,54,1.41,0.218,0.47,0.0,0.0,0.0,0.0,6,0.0,1
1.47,0.0,0.0,0.0,7.35,0.0,0.0,0.0,36,0.0,0.0,0.0,0.0,0.0,0.0,0.0,15,0.0,1
1.75,0.09,0.19,0.224,3.71,0.0,0.0,0.0,870,1.07,0.404,0.09,0.0,0.19,0.87,0.29,49,0.97,1
2.47,0.0,0.0,0.0,1.65,0.0,0.82,0.0,50,0.82,0.113,0.0,0.0,0.0,0.0,0.0,4,1.65,1
0.89,0.39,0.0,0.247,4.09,0.09,0.0,0.0,365,0.0,0.19,0.29,0.0,0.0,0.29,0.49,19,0.09,1
0.0,0.0,1.37,0.309,0.34,0.0,0.0,0.0,270,0.0,0.206,0.0,0.0,0.68,0.0,0.0,69,0.68,1
0.0,0.0,0.0,0.0,0.85,0.0,0.0,0.0,106,0.0,0.0,0.0,0.0,0.0,0.0,0.0,51,0.0,1
2.95,1.47,0.36,0.888,2.21,0.36,0.0,0.0,177,0.0,0.414,0.36,0.0,1.1,0.0,0.0,33,0.0,1
1.25,0.0,0.62,0.0,3.76,1.56,0.31,0.0,134,0.62,0.77,0.62,0.0,0.62,0.0,0.0,11,0.31,1
2.03,0.0,0.4,0.384,2.34,0.1,0.0,0.0,1043,0.61,0.928,0.1,0.0,0.3,1.42,0.3,56,0.1,1
1.63,0.0,0.0,0.0,6.55,0.0,0.0,0.0,13,0.0,0.0,0.0,0.0,0.0,0.0,0.0,1,0.0,1
1.47,0.38,0.03,0.528,3.18,0.24,0.45,0.0,2184,0.14,0.452,0.28,0.0,0.03,0.56,0.63,260,0.1,1
1.49,0.0,0.0,0.0,7.46,0.0,0.0,0.0,35,0.0,0.0,0.0,0.0,0.0,0.0,0.0,15,0.0,1
0.71,0.0,0.17,0.027,0.17,0.17,0.0,0.0,956,0.35,0.167,0.17,0.0,0.0,0.0,0.0,149,0.0,1
0.97,0.0,0.0,0.0,1.62,0.32,0.0,0.0,291,0.32,1.065,0.0,0.0,0.0,0.0,0.0,61,0.0,1
2.83,0.28,0.0,0.043,0.84,0.0,1.41,0.0,386,0.28,1.294,0.28,0.0,0.84,0.28,0.84,47,0.84,1
1.29,0.0,0.0,0.0,2.59,0.32,0.0,0.0,334,0.32,0.531,0.0,0.0,0.0,0.0,0.0,121,0.0,1
1.5,0.17,0.0,0.182,3.01,0.58,0.05,0.0,1107,0.63,0.127,0.34,0.0,0.17,0.75,0.34,131,0.0,1
3.82,0.0,1.27,0.089,4.45,0.0,0.63,0.0,157,0.0,0.983,0.0,0.0,1.27,0.0,0.0,59,0.63,1
2.2,2.2,0.44,0.358,1.76,0.0,0.0,0.0,137,0.44,0.43,0.0,0.0,1.32,0.0,0.0,16,0.0,1
1.26,0.0,0.0,0.472,3.79,0.42,0.0,0.0,108,0.0,0.472,0.0,0.0,0.0,0.0,0.42,19,0.0,1
4.41,0.0,2.94,0.141,0.0,0.0,2.94,0.0,280,0.0,0.425,1.47,0.0,0.0,1.47,0.0,279,1.47,1
1.14,0.0,0.57,0.289,4.57,0.0,0.0,0.57,293,0.57,0.072,0.0,0.57,0.0,0.0,0.0,114,0.0,1
0.0,0.0,1.78,0.0,6.25,0.0,0.0,0.0,84,0.0,1.344,0.89,0.0,0.0,0.0,0.0,16,0.0,1
0.0,0.0,4.08,0.0,2.04,0.0,0.0,0.0,46,0.0,0.257,0.0,0.0,0.0,0.0,2.04,26,0.0,1
4.41,0.0,2.94,0.142,0.0,0.0,1.47,0.0,277,0.0,0.427,1.47,0.0,0.0,1.47,0.0,274,1.47,1
2.17,0.0,0.0,0.0,2.17,6.52,0.0,0.0,91,0.0,1.149,0.0,0.0,0.0,0.0,0.0,33,0.0,1
0.52,0.0,0.13,0.0,0.39,0.13,0.0,0.0,1235,0.26,0.366,0.13,0.0,0.0,0.0,0.0,149,0.0,1
1.94,0.0,1.94,0.13,1.94,2.91,3.88,0.0,94,0.0,0.52,0.0,0.0,0.0,0.0,1.94,26,0.0,1
0.0,0.0,0.86,0.063,0.43,0.0,0.0,0.0,159,0.43,0.0,0.0,0.0,0.0,1.3,0.0,30,0.0,1
3.08,0.44,0.0,0.297,3.96,0.0,0.0,0.0,165,0.0,0.669,0.0,0.0,0.0,0.0,0.0,82,0.0,1
1.3,0.0,0.0,0.0,2.61,0.32,0.0,0.0,312,0.32,0.477,0.0,0.0,0.0,0.0,0.0,121,0.0,1
2.67,0.0,0.0,0.0,1.78,0.0,0.0,0.0,238,0.89,1.336,0.0,0.0,0.0,0.0,0.0,51,0.0,1
0.99,0.66,0.66,0.464,2.64,0.66,0.99,0.0,513,0.0,0.406,0.0,0.0,0.0,0.0,0.0,43,0.0,1
0.94,0.0,0.94,1.305,4.71,0.0,0.0,0.0,36,0.0,0.163,0.0,0.0,0.0,0.0,0.94,20,0.0,1
1.1,0.36,1.1,0.062,2.58,0.36,1.84,0.0,300,0.36,0.435,0.0,0.0,0.36,0.0,1.1,190,0.0,1
2.0,0.0,0.33,0.159,1.0,0.33,0.66,0.0,161,1.33,0.372,0.33,0.0,0.33,0.33,0.0,14,0.0,1
0.6,0.0,0.15,0.02,0.15,0.15,0.0,0.0,1057,0.3,0.352,0.15,0.0,0.0,0.0,0.0,149,0.0,1
0.0,0.0,0.0,0.099,4.59,0.0,0.57,0.0,70,0.0,0.396,0.0,0.0,0.0,0.0,0.57,11,0.57,1
2.09,0.0,1.04,0.062,3.66,0.0,1.04,0.0,160,0.0,0.621,0.0,0.0,0.0,0.0,0.0,59,0.0,1
0.0,0.0,0.0,0.0,4.76,0.0,0.0,0.0,3,0.0,0.0,0.0,0.0,0.0,0.0,0.0,1,0.0,1
0.84,0.0,0.14,0.0,0.42,0.14,0.0,0.0,991,0.28,0.583,0.14,0.0,0.0,0.0,0.0,132,0.0,1
1.54,1.09,0.04,0.672,3.49,0.21,0.36,0.0,3243,0.04,0.308,0.21,0.0,0.23,0.38,0.36,193,0.32,1
1.4,0.0,0.7,0.0,3.16,0.0,1.05,0.0,262,0.7,0.23,0.0,0.0,0.35,0.7,1.05,60,0.0,1
0.92,1.23,0.61,0.182,2.47,0.0,0.3,0.0,243,1.54,0.728,0.0,0.0,0.92,0.3,0.0,60,0.92,1
0.28,0.0,0.0,0.0,1.13,0.28,0.0,0.0,118,0.56,0.046,0.0,0.0,0.0,0.0,0.0,6,0.56,1
1.4,0.0,0.0,0.0,2.46,0.35,0.0,0.0,350,0.35,0.897,0.0,0.0,0.0,0.0,0.0,121,0.0,1
2.01,0.0,0.0,0.054,4.6,0.24,1.13,0.0,606,1.13,0.337,0.08,0.0,0.08,0.16,0.32,79,0.0,1
1.44,0.13,0.13,0.022,3.14,0.26,0.0,0.0,1096,0.39,0.022,0.0,0.0,0.0,0.0,0.26,107,0.0,1
1.29,2.59,0.0,0.0,1.29,2.59,0.0,0.0,125,0.0,1.098,0.0,0.0,1.29,0.0,0.0,36,0.0,1
1.24,0.0,0.0,0.894,3.55,0.0,0.09,0.0,640,0.48,0.246,0.0,0.0,0.38,0.0,0.0,70,0.0,1
0.68,0.0,0.0,0.106,0.34,0.0,0.0,0.34,1328,1.02,0.902,0.0,0.0,0.0,0.68,0.0,1327,0.0,1
1.61,0.0,0.8,0.0,1.61,0.8,0.8,0.0,81,0.8,0.269,0.0,0.0,0.0,0.0,0.0,19,0.0,1
0.0,0.0,0.0,0.0,6.66,0.0,0.0,0.0,31,3.33,1.111,0.0,0.0,0.0,0.0,0.0,10,0.0,1
0.02,0.0,0.0,0.0,0.14,0.0,0.0,0.0,9088,0.16,0.03,0.02,0.0,0.18,0.0,0.04,154,0.0,1
1.23,0.41,0.82,0.114,2.46,0.0,0.41,0.0,189,0.41,0.513,0.0,0.0,0.0,0.0,0.0,44,0.0,1
0.0,0.42,0.0,0.161,4.2,0.42,0.0,0.0,111,0.42,0.644,0.0,0.0,0.42,0.0,0.0,14,0.0,1
1.92,0.0,0.4,0.39,2.22,0.1,0.0,0.0,1044,0.6,0.991,0.1,0.0,0.2,1.41,0.3,56,0.1,1
0.02,0.0,0.0,0.0,0.14,0.0,0.0,0.0,9090,0.16,0.034,0.02,0.0,0.18,0.0,0.04,154,0.0,1
1.32,0.34,0.0,0.166,3.47,0.32,0.54,0.0,3498,0.0,0.64,0.39,0.0,0.32,0.29,0.84,117,0.04,1
1.29,0.0,0.0,0.0,1.29,0.0,0.0,0.0,67,0.0,0.061,0.0,0.0,0.0,0.0,0.0,13,0.0,1
1.02,0.0,0.0,0.063,2.86,0.0,0.61,0.0,156,0.0,0.158,0.0,0.0,1.02,0.4,0.2,31,0.2,1
0.77,0.0,0.0,0.0,2.32,0.77,0.0,0.0,518,1.55,0.671,0.0,0.0,0.0,0.0,0.77,515,0.0,1
0.48,0.4,0.0,0.202,0.88,0.0,0.0,0.0,1481,0.16,0.233,0.0,0.0,0.24,0.24,0.72,102,0.0,1
1.49,0.55,0.07,0.077,2.76,0.47,0.31,0.0,707,0.63,1.132,0.07,0.0,0.23,0.0,0.31,77,0.23,1
1.43,0.38,0.03,0.543,3.19,0.24,0.45,0.0,2207,0.14,0.453,0.28,0.0,0.03,0.56,0.63,286,0.1,1
1.41,0.29,0.03,0.141,3.05,0.54,0.36,0.0,1613,0.25,0.337,0.1,0.0,0.18,0.4,0.76,181,1.01,1
0.0,0.0,2.22,0.439,0.0,0.0,0.0,0.0,24,0.0,0.0,0.0,0.0,0.0,0.0,0.0,11,0.0,1
1.59,0.31,0.31,0.0,3.19,0.0,0.63,0.0,86,1.91,0.323,0.63,0.0,0.0,0.0,0.0,18,0.31,1
4.51,0.0,0.0,0.0,4.26,1.5,0.0,0.0,86,0.0,0.0,0.25,0.0,0.0,0.0,0.0,3,0.5,1
0.0,0.0,0.0,0.0,1.49,2.23,0.0,0.0,86,0.0,0.109,0.0,0.0,0.0,0.0,0.0,24,0.74,1
1.29,2.59,0.0,0.0,1.29,2.59,0.0,0.0,125,0.0,1.098,0.0,0.0,1.29,0.0,0.0,36,0.0,1
1.72,0.86,0.0,0.0,2.58,0.0,0.0,0.0,199,0.0,3.851,0.0,0.0,0.0,0.0,0.0,70,0.0,1
0.0,0.0,0.59,0.105,0.59,0.0,0.0,0.0,127,0.59,0.052,0.0,0.0,0.0,0.0,0.0,27,0.0,1
0.7,0.6,0.5,0.158,1.31,0.1,0.0,0.0,1351,0.8,0.49,0.3,0.0,0.8,0.8,0.1,669,0.0,1
0.99,0.49,0.66,0.049,2.81,0.82,0.33,0.0,727,1.65,0.248,0.16,0.0,0.33,0.0,0.33,350,0.0,1
1.06,0.8,0.0,0.217,2.4,0.0,0.26,0.0,1112,0.0,0.593,0.0,0.0,0.8,0.8,0.93,525,0.8,1
0.7,0.6,0.5,0.158,1.31,0.1,0.0,0.0,1351,0.8,0.49,0.3,0.0,0.8,0.8,0.1,669,0.0,1
1.58,0.52,0.05,0.388,3.16,0.0,0.0,0.0,1589,0.15,0.406,0.1,0.0,0.15,0.0,0.31,116,0.1,1
1.84,0.0,0.2,0.396,2.15,0.1,0.0,0.0,1028,0.51,0.974,0.1,0.0,0.2,1.43,0.3,56,0.1,1
0.0,0.0,0.0,0.0,0.0,0.0,0.0,0.0,472,0.0,0.0,0.0,0.0,0.0,0.0,0.0,49,0.0,1
2.15,0.0,0.0,0.0,2.15,0.71,0.0,0.0,105,0.71,0.128,0.0,0.0,0.0,0.0,0.0,11,0.0,1
1.3,0.0,0.98,0.674,0.98,0.49,0.65,0.0,640,1.3,0.179,0.0,0.0,0.0,0.32,0.0,113,0.98,1
2.02,0.0,0.4,0.397,2.22,0.1,0.0,0.0,1046,0.6,0.977,0.1,0.0,0.2,1.41,0.3,56,0.1,1
0.0,0.0,4.0,0.0,0.0,0.0,0.0,0.0,49,0.0,0.0,0.0,0.0,0.0,0.0,0.0,19,0.0,1
1.27,3.38,0.42,0.39,2.11,0.0,0.0,0.0,977,0.84,0.244,0.42,0.0,1.27,0.0,0.0,363,0.0,1
1.29,0.0,0.23,0.107,3.76,0.11,0.0,0.0,509,0.0,0.287,0.11,0.0,0.11,0.35,0.0,64,0.0,1
1.87,0.0,1.12,0.223,4.49,0.37,0.0,0.0,93,0.0,0.223,0.74,0.0,0.74,0.0,0.74,10,0.0,1
0.99,0.0,0.49,0.077,1.98,0.49,0.99,0.0,499,0.99,0.847,0.0,0.0,0.0,0.0,0.49,114,0.99,1
1.45,0.29,0.03,0.141,3.05,0.54,0.36,0.0,1621,0.25,0.343,0.1,0.0,0.18,0.4,0.76,181,1.01,1
0.95,0.0,0.0,0.452,0.0,0.47,0.47,0.0,723,0.0,0.169,0.47,0.0,0.95,0.47,0.47,259,0.0,1
0.63,0.31,0.0,0.206,1.26,0.0,0.0,0.0,292,0.0,0.206,0.0,0.0,0.63,0.31,0.0,76,1.58,1
1.41,0.0,1.41,0.145,1.41,0.47,0.0,0.0,194,0.47,0.145,0.47,0.0,0.0,0.0,0.0,54,0.0,1
1.3,0.0,0.98,0.673,0.98,0.49,0.65,0.0,640,1.3,0.179,0.0,0.0,0.0,0.32,0.0,113,0.98,1
1.41,0.0,1.41,0.288,1.41,0.47,0.0,0.0,191,0.47,0.144,0.47,0.0,0.0,0.0,0.0,54,0.0,1
1.96,0.0,1.96,0.0,1.96,0.0,0.0,0.0,45,0.0,0.334,0.0,0.0,0.0,0.0,1.96,22,0.0,1
1.65,0.0,0.7,0.037,2.12,1.65,0.7,0.0,576,0.7,1.362,0.0,0.0,0.0,0.0,0.23,111,0.23,1
1.94,0.0,0.38,0.0,3.5,0.38,0.0,0.0,104,0.38,0.122,0.38,0.0,0.38,0.0,0.38,12,0.38,1
0.66,0.0,0.33,0.101,0.33,0.0,0.0,0.33,1349,0.99,0.859,0.0,0.0,0.0,0.66,0.0,1146,0.0,1
0.65,0.0,0.32,0.101,0.32,0.0,0.0,0.32,1349,0.98,0.858,0.0,0.0,0.0,0.65,0.0,1146,0.0,1
1.03,0.0,0.41,0.034,2.06,0.2,0.0,0.0,247,1.03,0.238,0.0,0.0,0.0,0.0,0.0,32,0.2,1
0.7,0.6,0.5,0.158,1.31,0.1,0.0,0.0,1351,0.8,0.49,0.3,0.0,0.8,0.8,0.1,669,0.0,1
1.16,0.91,0.49,0.224,2.32,0.82,0.16,0.0,1339,0.41,0.25,0.24,0.0,0.58,0.66,0.16,581,0.33,1
1.16,0.91,0.49,0.224,2.32,0.82,0.16,0.0,1339,0.41,0.25,0.24,0.0,0.58,0.66,0.16,581,0.33,1
2.8,0.0,0.0,0.171,3.73,0.0,0.0,0.0,38,0.93,0.343,0.0,0.0,0.93,0.0,0.0,15,0.93,1
2.94,1.3,0.0,0.83,1.96,0.32,0.0,0.0,228,0.0,0.276,0.32,0.0,0.65,0.0,0.0,33,0.0,1
1.96,0.0,0.39,0.0,3.52,0.39,0.0,0.0,97,0.39,0.124,0.39,0.0,0.39,0.0,0.39,12,0.39,1
0.0,0.0,0.0,0.0,0.0,0.0,0.0,0.0,38,0.0,0.0,0.0,0.0,0.0,0.0,0.0,3,0.0,1
0.73,0.36,1.47,0.061,2.2,0.36,0.0,0.0,264,0.0,0.367,0.36,0.0,0.36,0.0,0.0,36,0.0,1
0.72,0.0,0.0,0.0,0.96,0.0,0.0,0.0,141,0.72,0.328,0.0,0.0,0.0,0.48,0.0,48,0.0,1
1.09,0.74,0.05,0.161,4.14,0.0,0.69,0.0,521,1.44,0.01,0.05,0.0,0.34,0.05,0.05,51,0.05,1
3.93,0.32,0.0,0.411,3.6,0.65,0.0,0.0,222,0.98,0.529,0.0,0.0,0.0,0.0,0.65,132,0.0,1
1.14,0.35,0.57,0.103,1.5,0.14,0.07,0.0,1295,0.35,0.309,0.07,0.0,0.71,1.14,0.21,117,0.14,1
1.42,1.06,0.17,0.216,1.24,0.0,0.17,0.0,895,0.89,0.278,0.17,0.0,0.17,0.0,0.0,58,0.0,1
2.3,0.38,0.0,0.0,4.03,0.0,0.19,0.0,312,1.15,0.349,0.0,0.0,0.38,0.19,0.0,105,0.19,1
0.0,0.0,0.72,0.124,0.0,1.45,0.0,0.0,114,2.91,0.124,0.0,0.0,0.0,0.0,0.0,12,0.0,1
0.67,0.0,0.0,0.0,0.89,0.0,0.0,0.0,163,0.67,0.305,0.0,0.0,0.0,0.44,0.0,48,0.0,1
0.0,2.7,0.0,0.0,1.35,1.35,0.0,1.35,92,0.0,1.836,0.0,1.35,0.0,0.0,0.0,19,0.0,1
0.8,0.0,0.26,0.04,2.15,0.0,0.0,0.26,164,0.8,0.0,0.0,0.26,0.0,0.0,0.0,21,0.26,1
4.48,0.0,0.0,0.0,2.24,1.34,0.0,0.0,124,1.79,0.0,0.0,0.0,0.44,0.0,0.0,11,0.0,1
0.34,0.0,0.34,0.056,0.68,0.68,0.34,0.0,158,0.0,0.224,0.0,0.0,0.0,0.0,0.0,17,0.0,1
0.52,0.0,1.05,0.0,1.05,0.52,0.0,0.52,110,1.58,0.0,0.52,0.52,0.0,0.0,0.0,23,0.0,1
0.0,0.0,0.43,0.0,0.87,0.0,0.0,0.0,482,0.43,0.065,0.0,0.0,0.43,0.0,0.0,89,0.0,1
0.0,0.27,0.13,0.0,0.0,0.0,0.27,0.0,204,0.27,0.021,0.0,0.0,0.27,0.13,0.0,12,0.0,1
1.68,0.24,0.24,0.828,1.92,1.68,0.72,0.0,429,0.0,0.677,0.24,0.0,0.48,0.0,0.0,52,0.0,1
0.64,0.55,0.73,0.135,1.38,0.09,0.0,0.0,1478,0.73,0.432,0.27,0.0,0.73,0.83,0.18,696,0.09,1
0.0,0.0,0.0,0.0,12.5,0.0,0.0,0.0,2,0.0,0.0,0.0,0.0,0.0,0.0,0.0,1,0.0,1
0.34,0.0,0.34,0.056,0.68,0.68,0.34,0.0,158,0.0,0.225,0.0,0.0,0.0,0.0,0.0,17,0.0,1
1.36,0.0,0.51,0.0,4.96,0.34,0.17,0.0,224,0.34,0.126,0.0,0.0,0.0,0.0,0.0,40,0.0,1
2.01,0.0,0.57,0.0,4.32,1.72,0.0,0.0,349,0.57,0.19,0.0,0.0,0.28,0.0,0.28,56,0.0,1
0.0,0.0,7.27,0.0,0.0,0.0,0.0,0.0,44,0.0,0.291,0.0,0.0,0.0,0.0,0.0,8,0.0,1
1.51,0.75,0.5,0.432,2.02,0.0,0.0,0.0,247,0.75,0.432,0.0,0.0,0.0,0.0,0.0,19,0.25,1
3.26,0.0,0.32,0.0,2.61,0.98,0.0,0.0,234,0.65,0.103,0.65,0.0,0.32,0.0,0.65,137,0.32,1
1.51,0.0,0.16,0.105,2.52,0.0,0.0,0.0,260,0.5,0.079,0.0,0.0,0.0,0.0,0.16,32,0.16,1
1.48,0.0,0.16,0.101,2.47,0.0,0.0,0.0,264,0.49,0.076,0.0,0.0,0.0,0.0,0.16,32,0.16,1
1.55,0.0,0.17,0.106,2.59,0.0,0.0,0.0,260,0.51,0.079,0.0,0.0,0.0,0.0,0.17,32,0.17,1
2.95,1.47,0.36,0.932,2.21,0.36,0.0,0.0,173,0.0,0.435,0.36,0.0,1.1,0.0,0.0,33,0.0,1
1.13,0.13,0.06,0.192,3.6,0.0,0.0,0.0,813,0.13,0.41,0.33,0.0,0.53,0.0,0.26,268,0.2,1
0.56,0.0,0.0,0.0,1.69,0.0,0.0,0.0,237,0.0,0.394,0.0,0.0,0.0,0.0,0.0,22,0.0,1
1.52,0.0,0.16,0.107,2.37,0.0,0.0,0.0,258,0.5,0.08,0.0,0.0,0.0,0.0,0.16,32,0.16,1
1.92,0.0,0.38,0.0,3.46,0.38,0.0,0.0,101,0.76,0.117,0.38,0.0,0.38,0.0,0.0,12,0.38,1
2.8,0.0,0.0,0.0,2.8,0.0,0.0,0.0,166,0.93,0.0,0.0,0.0,0.0,0.0,0.0,73,0.0,1
0.56,0.0,0.0,0.046,0.85,0.0,3.4,0.0,452,3.69,0.371,0.0,0.0,0.56,0.56,0.28,97,0.56,1
2.83,0.0,0.0,0.0,2.83,0.0,0.0,0.0,158,0.94,0.0,0.0,0.0,0.0,0.0,0.0,65,0.0,1
2.21,0.17,0.08,0.162,4.16,0.35,0.08,0.0,753,0.53,0.339,0.08,0.0,0.08,0.97,1.5,74,0.08,1
0.94,0.0,0.47,0.0,1.88,0.94,0.0,0.0,54,1.41,0.224,0.47,0.0,0.0,0.0,0.0,6,0.0,1
1.78,0.0,0.0,0.483,6.25,0.89,0.0,0.0,42,0.89,1.129,0.0,0.0,0.0,0.0,0.0,10,0.0,1
0.37,0.18,0.18,0.027,0.74,0.0,0.0,0.0,363,0.55,0.0,0.0,0.0,0.37,0.0,0.0,11,0.18,1
1.04,0.75,0.05,0.163,4.24,0.0,0.69,0.0,460,1.45,0.02,0.05,0.0,0.34,0.05,0.05,12,0.05,1
0.0,0.0,0.0,0.0,0.77,1.16,0.0,0.0,506,0.0,0.215,0.0,0.0,0.0,0.0,0.0,43,0.0,1
3.09,0.0,0.44,0.0,4.42,0.0,0.44,0.0,131,1.32,0.301,0.0,0.0,0.0,0.0,0.44,19,0.0,1
1.99,0.0,0.24,0.035,3.99,0.49,0.99,0.0,228,0.24,0.315,0.49,0.0,0.24,0.0,0.0,60,0.49,1
0.0,0.0,0.0,0.0,0.0,0.52,0.0,0.0,75,0.52,0.077,0.0,0.0,0.0,0.0,0.0,11,0.0,1
0.64,0.0,0.0,0.117,3.87,0.0,0.0,0.0,63,0.0,1.179,0.0,0.0,1.29,0.0,0.0,12,0.64,1
2.1,2.53,0.42,1.457,2.95,1.68,0.0,0.0,179,2.53,0.072,0.42,0.0,0.42,0.0,0.0,12,0.0,1
1.32,0.0,0.0,0.128,0.88,0.88,0.0,0.0,113,3.98,0.064,0.0,0.0,0.44,0.0,0.0,23,0.44,1
2.46,0.49,0.98,0.0,1.47,0.0,0.0,0.0,197,0.49,0.0,0.0,0.0,0.0,0.49,0.0,12,0.0,1
0.68,0.59,0.49,0.145,1.28,0.09,0.0,0.09,1415,0.78,0.393,0.29,0.09,0.78,0.78,0.09,669,0.0,1
1.47,0.0,1.47,0.248,0.0,0.0,0.0,0.0,63,0.0,0.0,0.0,0.0,0.0,0.0,0.0,12,0.0,1
1.11,0.76,0.0,0.165,4.17,0.0,0.7,0.0,453,1.47,0.01,0.05,0.0,0.35,0.05,0.05,12,0.05,1
0.0,0.0,0.0,0.0,9.09,0.0,0.0,0.0,24,0.0,0.0,0.0,0.0,0.0,0.0,0.0,14,0.0,1
3.35,0.36,0.0,0.031,1.99,0.0,0.0,0.0,528,0.36,0.253,0.0,0.0,0.09,0.09,0.09,69,0.18,1
0.0,0.55,0.11,0.124,0.0,0.0,0.22,0.0,305,0.22,0.035,0.0,0.0,0.22,0.11,0.0,14,0.0,1
1.29,0.0,0.64,0.345,3.89,0.0,0.0,0.0,55,0.64,0.921,0.0,0.0,0.0,0.0,0.0,11,0.0,1
1.9,0.0,0.0,0.0,0.47,0.0,0.0,0.0,464,0.0,0.267,0.0,0.0,0.0,0.0,0.47,45,0.0,1
0.0,0.54,0.1,0.118,0.0,0.0,0.21,0.0,306,0.21,0.033,0.0,0.0,0.21,0.1,0.0,14,0.0,1
3.27,0.36,0.0,0.031,2.0,0.0,0.0,0.0,542,0.36,0.252,0.0,0.0,0.09,0.09,0.09,69,0.18,1
3.27,0.36,0.0,0.031,2.0,0.0,0.0,0.0,542,0.36,0.252,0.0,0.0,0.09,0.09,0.09,69,0.18,1
1.08,0.0,1.08,0.0,3.26,2.17,0.0,0.0,53,0.0,0.347,0.54,0.0,0.0,0.0,0.0,5,0.0,1
2.28,0.65,0.65,0.173,2.61,0.0,0.65,0.0,141,0.98,0.288,0.0,0.0,0.32,0.0,0.0,28,0.0,1
1.38,0.0,0.19,0.317,2.56,0.98,0.0,0.0,632,0.0,0.766,0.0,0.0,0.98,1.38,1.38,76,0.19,1
0.62,0.0,0.31,0.0,0.93,0.0,0.0,0.0,507,0.0,0.61,0.0,0.0,0.0,0.0,0.31,51,0.62,1
0.84,0.0,0.0,0.229,2.02,0.5,0.0,0.0,888,0.0,0.613,0.0,0.0,0.67,1.34,1.17,151,0.16,1
2.8,0.0,0.0,0.056,1.79,0.11,0.22,0.11,532,0.56,0.056,0.11,0.11,0.0,1.01,0.0,53,0.0,1
0.0,0.0,0.72,0.0,1.45,0.0,0.0,0.0,92,1.45,0.134,0.0,0.0,0.72,0.0,0.0,14,0.0,1
3.36,0.36,0.0,0.031,2.0,0.0,0.0,0.0,530,0.36,0.237,0.0,0.0,0.09,0.09,0.09,69,0.18,1
1.1,0.82,0.82,0.188,2.75,0.82,0.27,0.0,298,1.37,0.235,0.0,0.0,0.0,0.0,0.27,124,0.0,1
3.34,0.0,0.37,0.0,1.85,1.11,0.0,0.0,172,1.85,0.0,0.0,0.0,0.37,0.0,0.0,12,0.0,1
1.36,0.68,0.0,0.238,3.4,0.0,0.0,0.0,96,0.0,0.238,0.68,0.0,0.0,0.0,0.68,19,1.36,1
1.26,0.0,1.01,0.0,1.77,1.26,0.25,0.0,646,0.5,0.189,0.76,0.0,0.0,0.0,0.0,447,0.0,1
1.87,0.0,0.07,0.071,3.29,0.0,0.07,0.0,974,0.52,0.119,0.22,0.0,0.0,0.67,0.22,74,0.0,1
0.42,0.85,0.25,0.118,1.61,0.25,0.08,0.0,1412,0.85,0.408,0.17,0.0,1.02,0.59,0.08,669,0.17,1
2.56,0.0,0.0,0.0,1.28,0.0,0.0,0.0,80,0.0,0.61,0.0,0.0,0.0,1.28,0.0,28,0.0,1
1.12,0.0,0.56,0.0,1.97,1.41,0.28,0.0,555,0.0,0.158,0.28,0.0,0.0,0.0,0.0,394,0.0,1
0.0,0.0,0.0,0.0,2.45,0.0,0.0,0.0,152,0.0,0.124,0.0,0.0,0.0,0.0,2.45,14,0.0,1
0.68,0.0,0.0,0.105,0.34,0.0,0.0,0.34,1331,1.02,0.898,0.0,0.0,0.0,0.68,0.0,1325,0.0,1
0.0,0.0,0.0,0.665,0.0,0.0,0.0,0.0,61,0.0,0.221,0.0,0.0,0.0,0.0,0.0,15,0.0,1
0.51,0.51,1.02,1.212,0.51,0.0,0.0,0.0,281,0.51,0.071,0.0,0.0,0.51,0.0,0.0,130,0.0,1
5.36,0.0,0.0,0.173,1.95,0.48,0.0,0.0,735,0.48,1.739,0.0,0.0,0.0,0.0,0.0,636,0.48,1
0.68,0.0,0.0,0.105,0.34,0.0,0.0,0.34,1330,1.02,0.898,0.0,0.0,0.0,0.68,0.0,1325,0.0,1
3.36,0.36,0.0,0.031,2.0,0.0,0.0,0.0,530,0.36,0.237,0.0,0.0,0.09,0.09,0.09,69,0.18,1
0.42,0.85,0.25,0.118,1.61,0.25,0.08,0.0,1412,0.85,0.408,0.17,0.0,1.02,0.59,0.08,669,0.17,1
2.32,0.0,0.0,0.0,3.48,0.0,0.0,0.0,131,0.0,0.0,0.0,0.0,0.0,0.0,2.32,42,0.0,1
2.7,0.0,0.0,0.0,2.7,0.0,0.0,0.0,80,0.0,0.636,0.0,0.0,0.0,1.35,0.0,28,0.0,1
0.0,0.78,0.0,0.184,0.0,0.0,0.0,0.0,253,0.0,0.0,0.0,0.0,0.0,0.0,0.0,31,0.0,1
1.3,0.39,0.03,2.33,3.0,0.25,0.39,0.0,2370,0.14,0.458,0.28,0.0,0.1,0.54,0.57,266,0.07,1
1.74,0.0,0.11,0.056,3.72,0.0,0.11,0.0,675,0.46,0.131,0.0,0.0,0.11,1.04,0.81,74,0.23,1
3.02,0.0,0.33,0.0,2.68,1.0,0.33,0.0,275,0.33,0.16,0.67,0.0,0.33,0.0,0.67,139,0.33,1
5.23,0.0,0.0,0.168,1.9,0.47,0.0,0.0,742,0.47,1.687,0.0,0.0,0.0,0.0,0.0,634,0.47,1
5.14,0.0,0.0,0.168,1.86,0.46,0.0,0.0,742,0.46,1.683,0.0,0.0,0.0,0.0,0.0,634,0.46,1
3.38,0.36,0.0,0.032,2.01,0.0,0.0,0.0,535,0.36,0.257,0.0,0.0,0.09,0.09,0.09,69,0.18,1
1.47,0.0,0.73,0.0,1.47,2.2,0.0,0.0,125,0.0,0.088,0.0,0.0,0.0,0.0,0.0,29,0.0,1
0.0,0.0,0.63,0.0,0.63,0.63,0.0,0.0,356,0.0,0.979,0.0,0.0,0.0,0.0,0.0,68,0.0,1
1.48,0.0,0.74,0.0,1.48,2.22,0.0,0.0,125,0.0,0.088,0.0,0.0,0.0,0.0,0.0,29,0.0,1
1.66,1.9,0.0,0.254,3.21,0.11,0.59,0.0,1514,0.47,0.418,0.23,0.0,0.11,0.71,1.07,148,0.59,1
0.0,0.73,0.73,0.109,1.47,0.73,0.0,0.0,52,0.0,0.875,0.0,0.0,0.73,0.0,0.0,12,0.0,1
0.0,0.0,0.0,0.0,2.04,1.36,0.0,0.0,132,0.0,1.001,0.0,0.0,0.0,0.0,0.0,32,0.0,1
1.42,0.37,0.13,0.519,3.19,0.27,0.44,0.0,2213,0.13,0.445,0.3,0.0,0.03,0.54,0.61,136,0.1,1
1.35,0.0,0.0,0.278,5.77,0.33,0.0,0.0,268,1.01,0.123,0.16,0.0,0.0,0.0,0.84,46,0.0,1
2.38,0.0,0.0,0.0,0.0,0.0,7.14,0.0,159,2.38,0.396,0.0,0.0,0.0,2.38,0.0,149,2.38,1
3.38,0.36,0.0,0.015,1.27,0.0,0.09,0.0,566,0.36,0.03,0.0,0.0,0.09,0.09,0.09,48,0.36,1
2.65,1.59,0.0,0.478,2.65,0.0,0.53,0.0,131,0.53,0.095,0.0,0.0,0.0,0.0,0.0,60,0.53,1
2.64,1.58,0.0,0.475,2.64,0.0,0.52,0.0,131,0.52,0.095,0.0,0.0,0.0,0.0,0.0,60,0.52,1
2.56,1.53,0.0,0.473,2.56,0.0,0.0,0.0,131,0.51,0.094,0.0,0.0,0.0,0.0,0.0,60,0.51,1
0.31,0.52,0.0,0.182,1.69,2.0,0.84,0.0,1726,1.05,0.384,0.1,0.0,0.42,0.0,0.1,299,0.31,1
3.33,0.0,1.11,0.138,3.33,2.22,0.0,0.0,54,0.0,0.138,1.11,0.0,0.0,0.0,0.0,11,0.0,1
3.95,0.15,0.15,0.127,2.05,0.0,1.58,0.0,650,0.47,1.3,0.31,0.0,0.47,0.15,0.47,97,0.79,1
1.83,0.0,0.91,0.0,4.58,0.91,0.0,0.0,54,0.0,0.455,0.0,0.0,0.0,0.0,0.0,10,0.0,1
3.95,0.15,0.15,0.127,2.05,0.0,1.58,0.0,650,0.47,1.3,0.31,0.0,0.47,0.15,0.47,97,0.79,1
3.24,0.0,0.64,0.166,2.27,0.32,0.32,0.0,157,0.64,0.0,0.0,0.0,0.64,0.0,0.32,19,0.32,1
1.26,0.0,1.26,0.215,0.0,0.0,0.0,0.0,60,1.26,0.0,0.0,0.0,0.0,0.0,0.0,13,0.0,1
1.72,0.4,0.1,0.16,1.72,0.91,0.2,0.0,1426,0.4,0.336,0.4,0.0,0.1,0.2,0.2,494,0.0,1
0.0,0.0,0.0,0.0,0.0,0.0,0.0,0.0,3315,0.09,0.016,0.0,0.0,0.0,0.0,0.0,135,0.0,1
0.0,1.12,0.0,0.424,0.0,0.0,0.0,0.0,82,0.0,0.424,0.0,0.0,0.0,0.0,0.0,25,1.12,1
2.36,0.0,1.18,0.0,4.14,0.0,2.95,0.0,182,0.0,0.421,0.0,0.0,0.0,0.59,0.0,46,0.59,1
0.0,0.0,4.54,0.0,0.0,0.0,0.0,0.0,18,0.0,0.0,0.0,0.0,0.0,0.0,0.0,9,0.0,1
1.04,0.52,0.52,0.106,1.3,0.13,0.06,0.0,1342,0.39,0.287,0.06,0.0,0.65,1.04,0.19,117,0.19,1
2.46,0.0,0.0,0.0,6.17,0.0,0.0,0.0,106,0.0,0.843,0.0,0.0,0.0,0.0,0.0,19,0.0,1
3.0,0.0,0.0,1.223,0.75,0.0,1.5,0.0,537,0.75,2.224,0.0,0.0,0.0,0.75,0.0,412,0.0,1
3.03,0.0,0.0,1.237,0.75,0.0,0.75,0.0,529,0.75,2.249,0.0,0.0,0.0,0.75,0.0,404,0.0,1
1.25,1.14,0.2,0.175,2.08,0.0,0.2,0.0,1287,0.31,0.334,0.2,0.0,1.14,1.04,0.2,689,0.62,1
0.0,0.0,0.0,0.0,6.17,0.0,0.0,0.0,134,0.0,1.235,0.0,0.0,0.0,0.0,0.0,10,0.0,1
0.0,0.0,0.0,0.662,0.0,0.0,0.0,0.0,61,0.0,0.441,0.0,0.0,0.0,0.0,0.0,17,0.0,1
3.5,0.0,0.31,0.0,2.54,0.95,0.63,0.0,274,0.31,0.102,0.63,0.0,0.31,0.0,0.63,138,0.31,1
0.0,0.0,0.0,0.0,1.02,2.04,0.0,0.0,59,0.0,0.174,0.0,0.0,0.0,0.0,0.0,7,0.0,1
0.0,0.0,0.0,0.0,0.98,1.96,0.0,0.0,59,0.0,0.173,0.0,0.0,0.0,0.0,0.0,7,0.0,1
1.17,0.0,0.0,0.132,1.17,3.51,0.0,0.0,364,0.39,0.864,0.78,0.0,0.0,0.0,0.0,44,0.0,1
0.0,0.0,0.0,0.0,0.0,1.42,0.0,0.0,35,0.0,0.0,0.0,0.0,0.0,0.0,0.0,5,0.0,1
1.66,0.39,0.09,0.155,1.66,0.87,0.19,0.0,1458,0.39,0.326,0.39,0.0,0.09,0.19,0.19,494,0.0,1
0.0,0.73,0.1,0.064,0.0,0.0,0.1,0.0,339,0.1,0.016,0.0,0.0,0.1,0.1,0.0,29,0.52,1
0.28,0.38,0.04,0.099,0.24,0.0,0.14,0.0,521,0.09,0.007,0.0,0.0,0.24,0.24,0.14,14,0.04,1
2.83,0.09,0.0,0.014,2.73,1.18,0.27,0.0,875,0.82,0.611,0.09,0.0,0.36,0.27,0.27,127,0.36,1
2.61,0.0,0.74,0.552,3.35,0.0,0.37,0.0,79,1.11,0.368,0.74,0.0,0.0,0.0,0.37,7,0.0,1
1.38,0.0,1.38,0.235,0.0,0.0,0.0,0.0,94,0.0,0.235,0.0,0.0,0.0,0.0,0.0,41,0.0,1
1.48,0.0,0.0,0.175,0.74,3.34,0.0,0.0,425,0.37,0.878,0.37,0.0,0.0,0.0,0.37,58,0.0,1
1.48,0.0,0.0,0.175,0.74,3.34,0.0,0.0,425,0.37,0.878,0.37,0.0,0.0,0.0,0.37,58,0.0,1
0.0,0.0,0.0,0.0,3.7,0.0,0.0,0.0,24,0.0,4.733,0.0,0.0,0.0,0.0,0.0,11,0.0,1
0.0,0.34,0.17,0.0,0.0,0.0,0.0,0.0,145,0.17,0.0,0.0,0.0,0.0,0.17,0.0,10,0.34,1
1.03,0.74,0.05,0.161,4.2,0.0,0.69,0.0,536,1.43,0.02,0.05,0.0,0.34,0.05,0.05,51,0.05,1
0.2,0.2,0.83,0.146,1.04,0.0,0.0,1.46,364,1.46,0.182,0.0,1.46,0.0,0.2,0.0,26,0.0,1
1.49,0.0,0.37,0.505,3.73,0.37,1.49,0.0,267,0.37,1.199,0.0,0.0,0.37,0.37,0.0,64,0.74,1
3.37,0.22,0.0,0.148,1.57,0.45,1.35,0.0,564,0.22,1.599,0.22,0.0,0.67,0.22,0.67,102,0.67,1
1.43,0.0,0.09,0.124,2.01,0.19,0.0,0.0,368,0.09,0.088,0.0,0.0,0.28,0.38,0.19,50,0.09,1
0.44,0.0,0.0,0.187,0.66,0.0,0.0,0.0,264,0.88,0.0,0.0,0.0,0.22,0.0,0.0,21,0.0,1
0.0,0.0,0.0,0.0,4.34,0.0,0.0,0.0,15,0.0,7.843,0.0,0.0,0.0,0.0,0.0,5,0.0,1
0.0,0.0,0.0,0.0,4.76,0.0,0.0,0.0,5,0.0,0.0,0.0,0.0,0.0,0.0,0.0,1,0.0,1
0.73,0.0,0.0,0.0,5.14,2.94,0.0,0.0,48,0.0,0.0,1.47,0.0,0.0,0.0,0.0,8,2.2,1
5.55,0.0,0.0,0.249,1.85,0.46,0.0,0.0,748,0.46,1.663,0.0,0.0,0.0,0.0,0.0,636,0.46,1
5.18,0.0,0.0,0.168,1.88,0.47,0.0,0.0,744,0.47,1.687,0.0,0.0,0.0,0.0,0.0,636,0.47,1
0.0,0.0,0.9,0.612,5.45,0.0,0.0,0.0,162,0.9,2.143,0.0,0.0,0.0,0.0,0.0,54,0.0,1
1.87,0.0,0.07,0.071,3.3,0.0,0.07,0.0,972,0.52,0.131,0.22,0.0,0.0,0.67,0.22,74,0.0,1
6.41,0.0,0.0,0.204,1.28,0.0,0.0,0.0,57,0.0,0.0,0.0,0.0,0.0,0.0,1.28,25,0.0,1
0.0,0.0,0.49,0.0,1.47,2.94,0.0,0.0,571,0.0,0.862,0.0,0.0,0.0,0.0,0.0,272,0.0,1
5.26,0.0,0.0,0.168,1.91,0.47,0.0,0.0,744,0.47,1.683,0.0,0.0,0.0,0.0,0.0,636,0.47,1
5.18,0.0,0.0,0.168,1.88,0.47,0.0,0.0,744,0.47,1.68,0.0,0.0,0.0,0.0,0.0,636,0.47,1
4.48,0.0,0.0,0.0,2.24,1.34,0.0,0.0,144,1.79,0.0,0.0,0.0,0.44,0.0,0.0,12,0.0,1
4.46,0.0,0.0,0.0,2.23,1.33,0.0,0.0,144,1.78,0.0,0.0,0.0,0.44,0.0,0.0,12,0.0,1
0.68,0.0,0.0,0.105,0.34,0.0,0.0,0.34,1334,1.02,0.899,0.0,0.0,0.0,0.68,0.0,1333,0.0,1
0.0,1.08,0.0,0.389,0.0,0.0,0.0,0.0,73,0.0,0.0,0.0,0.0,0.0,0.0,0.0,16,1.08,1
2.75,0.0,0.0,0.0,0.91,0.0,0.0,0.0,87,0.0,0.572,0.0,0.0,0.0,0.91,0.0,28,0.0,1
4.0,0.0,0.0,0.0,2.66,1.33,0.0,0.0,44,0.0,1.326,0.0,0.0,0.0,0.0,0.0,11,0.0,1
0.73,0.0,0.0,0.059,3.69,0.36,0.0,0.0,211,0.73,0.238,0.0,0.0,0.0,0.0,0.36,29,0.0,1
0.0,0.0,0.0,0.0,0.0,0.0,0.96,0.0,178,0.0,0.0,0.0,0.0,0.32,0.0,0.0,14,0.0,1
1.25,0.34,0.03,0.573,2.99,0.24,0.41,0.0,2224,0.13,0.425,0.27,0.0,0.1,0.52,0.59,131,0.06,1
0.62,0.0,0.0,0.111,3.76,0.31,0.0,0.0,125,0.94,0.055,0.31,0.0,0.0,0.0,0.62,32,0.0,1
0.56,0.56,0.56,0.0,2.84,3.97,0.0,0.0,409,1.13,0.768,0.0,0.0,0.56,0.0,0.0,296,0.0,1
0.0,0.14,0.0,0.022,0.0,0.14,0.0,0.0,294,0.29,0.0,0.0,0.0,0.0,0.0,0.0,11,0.0,1
3.04,0.0,0.0,0.291,2.49,1.1,0.27,0.0,291,0.0,0.582,0.55,0.0,0.55,0.0,0.27,35,0.27,1
5.26,0.0,0.0,0.21,1.31,0.0,0.0,0.0,54,0.0,0.0,0.0,0.0,0.0,0.0,1.31,25,0.0,1
5.26,0.0,0.0,0.21,1.31,0.0,0.0,0.0,54,0.0,0.0,0.0,0.0,0.0,0.0,1.31,25,0.0,1
4.65,0.0,2.32,0.35,4.65,0.0,0.0,0.0,33,0.0,0.701,0.0,0.0,0.0,0.0,0.0,6,0.0,1
1.7,0.0,0.85,0.0,3.41,0.42,0.0,0.0,363,0.42,0.819,0.42,0.0,0.0,0.0,0.0,42,0.0,1
1.04,0.0,1.04,0.0,2.08,0.0,0.0,0.0,20,3.12,0.263,0.0,0.0,0.0,0.0,0.0,4,0.0,1
0.79,0.69,0.0,0.09,1.6,0.04,0.39,0.0,9163,0.14,0.356,0.14,0.0,0.04,0.29,0.47,1171,0.29,1
1.52,0.76,0.5,0.433,2.03,0.0,0.0,0.0,249,0.76,0.433,0.0,0.0,0.0,0.0,0.0,19,0.5,1
0.0,0.0,0.0,0.182,0.0,0.0,1.25,0.0,78,0.0,0.0,0.0,0.0,0.0,0.0,0.0,21,2.5,1
1.06,0.0,0.0,0.188,1.7,0.53,0.0,0.0,447,0.21,0.358,0.0,0.0,0.0,0.42,0.21,75,0.0,1
1.5,0.0,0.75,0.0,2.63,1.87,0.37,0.0,508,0.0,0.242,0.0,0.0,0.0,0.0,0.0,332,0.0,1
0.98,0.0,1.96,0.0,0.98,0.98,0.0,0.0,52,0.0,1.011,0.0,0.0,0.0,0.0,0.0,12,0.0,1
1.35,0.51,0.0,0.523,3.0,0.21,0.43,0.0,2333,0.14,0.454,0.29,0.0,0.03,0.54,0.54,739,0.18,1
2.04,0.0,0.0,0.149,2.66,0.0,0.0,0.0,909,0.0,0.298,0.0,0.0,0.4,1.43,0.61,376,0.2,1
0.0,0.0,0.0,0.341,0.0,0.0,0.0,0.0,80,0.0,0.17,0.0,0.0,0.0,0.0,0.0,24,0.0,1
5.26,0.0,0.0,0.21,1.31,0.0,0.0,0.0,54,0.0,0.0,0.0,0.0,0.0,0.0,1.31,25,0.0,1
2.18,0.0,1.63,0.171,4.91,0.54,2.73,0.0,70,0.0,0.0,0.54,0.0,0.54,0.0,0.0,32,0.0,1
1.3,0.0,0.0,0.524,1.3,0.65,2.61,0.0,249,0.0,1.154,0.0,0.0,0.65,0.65,0.0,78,1.3,1
0.0,2.35,2.35,0.336,2.35,1.17,0.0,0.0,119,0.0,0.168,0.0,0.0,0.0,2.35,0.0,17,0.0,1
3.25,0.0,0.32,0.169,2.28,0.32,0.32,0.0,139,0.65,0.0,0.0,0.0,0.65,0.0,0.32,10,0.32,1
0.0,0.51,0.0,0.174,0.0,0.25,0.0,0.0,937,0.0,0.174,0.0,0.0,0.0,0.0,0.0,126,0.0,1
0.74,0.0,0.0,0.0,2.47,0.99,0.24,0.0,175,0.49,0.478,0.24,0.0,0.0,0.0,0.0,44,0.24,1
3.24,0.0,0.32,0.168,2.27,0.32,0.32,0.0,139,0.64,0.0,0.0,0.0,0.64,0.0,0.32,10,0.64,1
3.24,0.0,0.32,0.168,2.27,0.32,0.32,0.0,139,0.64,0.0,0.0,0.0,0.64,0.0,0.32,10,0.64,1
2.34,0.78,0.0,0.339,1.56,0.78,0.78,0.0,113,1.56,0.792,0.0,0.0,0.0,0.0,0.0,22,0.0,1
0.4,0.8,0.0,0.133,0.4,0.0,0.0,0.0,603,0.0,0.601,0.0,0.0,0.0,0.0,0.0,108,0.4,1
2.36,0.78,0.0,0.341,1.57,1.57,0.78,0.0,115,1.57,0.682,0.0,0.0,0.0,0.0,0.0,22,0.0,1
4.16,0.0,0.0,0.138,6.06,0.75,0.37,0.0,93,1.51,0.415,0.75,0.0,0.0,0.0,0.0,11,0.37,1
0.96,0.0,0.96,0.074,3.36,1.44,0.0,0.0,150,0.96,0.149,0.48,0.0,0.0,0.0,0.0,44,0.0,1
0.0,0.0,0.43,0.0,0.87,0.0,0.0,0.0,495,0.43,0.395,0.0,0.0,0.43,0.0,0.0,72,0.43,1
2.36,0.78,0.0,0.341,1.57,1.57,0.78,0.0,115,1.57,0.682,0.0,0.0,0.0,0.0,0.0,22,0.0,1
0.81,0.0,0.0,0.0,2.43,0.81,0.0,0.0,113,2.43,0.121,0.0,0.0,0.0,0.0,0.0,43,0.0,1
1.32,0.46,0.0,0.524,3.11,0.23,0.38,0.0,2227,0.15,0.36,0.31,0.0,0.03,0.58,0.38,122,0.19,1
1.31,1.31,0.87,0.218,4.38,0.0,0.43,0.0,134,0.87,1.021,0.0,0.0,0.0,0.0,0.0,59,0.0,1
3.7,0.0,0.0,0.0,4.93,1.23,1.23,0.0,71,0.0,0.234,0.0,0.0,0.0,0.0,0.0,41,0.0,1
1.58,0.0,1.58,0.0,3.17,1.58,0.0,0.0,46,1.58,0.371,0.0,0.0,0.0,0.0,0.0,21,0.0,1
3.6,0.0,0.0,0.0,0.9,0.0,0.0,0.0,87,0.0,0.559,0.0,0.0,0.0,0.9,0.0,28,0.0,1
0.32,0.0,0.0,0.061,0.98,0.0,0.0,0.0,434,0.0,0.185,0.0,0.0,0.0,0.0,0.0,124,0.0,1
0.47,0.0,0.94,0.0,1.89,0.0,0.0,0.0,102,0.94,0.0,0.0,0.0,0.0,0.0,0.0,11,0.0,1
2.75,0.0,0.0,0.0,0.91,0.0,0.0,0.0,87,0.0,0.565,0.0,0.0,0.0,0.91,0.0,28,0.0,1
0.92,0.0,0.0,0.079,1.15,0.17,0.0,0.0,1312,0.34,0.089,0.0,0.0,0.0,0.57,0.05,95,0.0,1
0.92,0.0,0.0,0.079,1.04,0.17,0.0,0.0,1310,0.34,0.089,0.0,0.0,0.0,0.57,0.05,95,0.0,1
1.73,0.0,0.86,0.0,3.47,0.86,0.0,0.0,55,0.0,0.457,0.0,0.0,0.0,0.0,0.0,10,0.0,1
1.73,0.0,0.86,0.0,3.47,0.86,0.0,0.0,55,0.0,0.759,0.0,0.0,0.0,0.0,0.0,10,0.0,1
0.0,0.0,0.0,0.059,0.38,0.0,0.0,0.38,1180,1.14,1.008,0.0,0.0,0.0,0.38,0.0,1177,0.0,1
0.0,0.0,0.0,0.059,0.38,0.0,0.0,0.38,1180,1.14,1.005,0.0,0.0,0.0,0.38,0.0,1177,0.0,1
0.0,0.0,0.0,0.059,0.38,0.0,0.0,0.38,1178,1.14,1.008,0.0,0.0,0.0,0.38,0.0,1177,0.0,1
0.0,0.0,0.0,0.0,0.0,0.0,0.0,0.0,339,0.21,0.034,0.0,0.0,0.0,0.0,0.0,15,0.0,1
0.0,0.0,0.0,0.0,0.0,0.0,0.0,0.0,277,0.2,0.034,0.0,0.0,0.0,0.0,0.0,15,0.0,1
0.65,0.0,1.31,0.0,3.28,0.0,0.0,0.0,71,0.65,0.522,0.0,0.0,0.0,0.0,0.65,11,0.0,1
0.0,0.0,0.0,0.0,0.0,0.0,0.0,0.0,339,0.21,0.034,0.0,0.0,0.0,0.0,0.0,15,0.0,1
0.0,0.0,0.0,0.0,0.0,0.0,0.0,0.0,277,0.2,0.034,0.0,0.0,0.0,0.0,0.0,15,0.0,1
3.0,0.0,0.3,0.0,2.4,0.9,0.6,0.0,281,0.3,0.144,0.6,0.0,0.3,0.0,0.6,139,0.3,1
3.24,0.0,0.32,0.166,2.27,0.32,0.32,0.0,139,0.64,0.0,0.0,0.0,0.64,0.0,0.32,10,0.32,1
0.42,0.85,0.25,0.118,1.62,0.25,0.08,0.0,1402,0.85,0.435,0.17,0.0,1.02,0.59,0.08,669,0.17,1
0.91,0.0,0.45,0.0,1.83,2.75,0.0,0.0,621,0.0,2.077,0.0,0.0,0.0,0.0,0.0,338,0.0,1
1.03,0.0,1.03,0.0,2.06,2.06,0.0,0.0,139,3.09,0.0,0.0,0.0,0.0,0.0,0.0,65,1.03,1
1.04,0.0,1.04,0.0,2.08,2.08,0.0,0.0,139,3.12,0.0,0.0,0.0,0.0,0.0,0.0,65,1.04,1
1.03,0.0,1.03,0.0,2.06,2.06,0.0,0.0,139,3.09,0.0,0.0,0.0,0.0,0.0,0.0,65,1.03,1
0.46,0.0,0.0,0.0,1.86,1.4,0.0,0.0,139,2.8,0.74,0.0,0.0,0.0,0.0,0.0,21,0.0,1
0.0,0.0,1.21,0.0,4.87,1.21,0.0,0.0,57,0.0,0.0,0.0,0.0,0.0,0.0,0.0,15,0.0,1
2.63,0.0,0.0,0.099,1.31,1.97,0.0,0.0,101,2.63,0.198,0.0,0.0,0.0,0.0,0.65,12,0.65,1
0.26,0.0,0.0,0.043,1.05,0.0,0.0,0.0,885,0.0,0.175,0.26,0.0,0.0,0.0,0.0,69,0.0,1
0.74,0.74,0.74,0.118,4.47,0.74,3.73,0.0,44,0.0,0.355,0.74,0.0,0.0,0.0,0.0,7,0.0,1
5.19,0.0,0.0,0.208,1.29,0.0,0.0,0.0,53,0.0,0.0,0.0,0.0,0.0,0.0,1.29,25,0.0,1
0.17,0.0,0.0,0.018,0.07,0.05,0.1,0.02,3271,0.02,0.112,0.0,0.0,0.0,0.0,0.0,489,0.05,1
0.66,0.0,0.0,0.118,0.66,0.0,0.0,0.0,132,0.66,0.355,0.0,0.0,0.0,0.0,0.0,12,0.0,1
0.67,0.0,0.0,0.118,0.67,0.0,0.0,0.0,132,0.67,0.356,0.0,0.0,0.0,0.0,0.0,12,0.0,1
0.0,0.0,1.07,0.0,1.07,0.0,0.0,0.0,119,0.53,0.0,0.0,0.0,0.0,0.0,0.0,14,0.0,1
0.27,0.0,0.0,0.047,1.09,0.27,0.0,0.0,273,0.0,0.142,0.0,0.0,0.0,0.0,0.0,13,0.0,1
0.0,0.0,1.07,0.0,1.07,0.0,0.0,0.0,119,0.53,0.0,0.0,0.0,0.0,0.0,0.0,14,0.0,1
0.92,0.76,0.0,0.289,1.84,0.0,0.0,0.0,446,0.0,0.52,0.0,0.0,0.46,0.0,1.23,84,0.15,1
1.19,0.0,0.0,0.037,3.81,0.23,0.0,0.0,543,0.23,1.046,0.23,0.0,0.0,0.23,0.0,97,0.0,1
1.9,0.0,0.23,0.0,3.8,0.0,0.71,0.0,242,0.23,0.238,0.0,0.0,0.23,0.0,0.71,38,0.0,1
1.19,0.0,0.0,0.037,3.81,0.23,0.0,0.0,543,0.23,1.046,0.23,0.0,0.0,0.23,0.0,97,0.0,1
2.02,0.0,0.0,0.191,0.86,0.57,1.15,0.0,622,0.28,1.147,0.0,0.0,0.0,0.0,0.0,489,0.57,1
0.9,0.9,0.9,0.13,5.4,0.9,4.5,0.0,43,0.0,0.391,0.9,0.0,0.0,0.0,0.0,7,0.0,1
0.74,0.74,0.74,0.118,4.47,0.74,3.73,0.0,43,0.0,0.355,0.74,0.0,0.0,0.0,0.0,7,0.0,1
1.46,0.16,0.0,0.107,0.81,1.95,0.0,0.0,1038,0.16,0.134,0.32,0.0,0.16,1.3,0.81,57,1.14,1
0.27,0.27,0.0,0.504,1.08,1.08,0.0,0.0,578,0.0,0.458,0.0,0.0,0.0,0.0,0.54,64,0.54,1
1.71,1.28,0.21,0.271,0.64,0.0,0.21,0.0,869,0.85,0.465,0.0,0.0,0.21,0.0,0.0,58,0.0,1
3.22,0.64,0.64,0.313,1.29,0.64,0.64,0.0,113,1.29,0.522,0.0,0.0,0.0,0.0,0.0,22,0.0,1
2.18,0.0,1.63,0.171,4.91,0.54,2.73,0.0,70,0.0,0.0,0.54,0.0,0.54,0.0,0.0,32,0.0,1
4.68,0.0,0.0,0.073,4.16,0.0,0.0,0.0,103,0.0,0.367,0.0,0.0,0.0,0.52,0.0,27,0.0,1
0.94,0.0,0.0,0.112,2.65,0.0,0.37,0.0,237,0.0,0.31,0.0,0.0,0.94,0.37,0.18,34,0.18,1
1.07,0.0,0.0,0.088,3.22,0.0,0.0,0.0,332,0.53,0.265,0.0,0.0,0.0,0.0,0.0,67,0.0,1
5.26,0.0,0.0,0.213,1.31,0.0,0.0,0.0,53,0.0,0.0,0.0,0.0,0.0,0.0,1.31,25,0.0,1
0.0,0.0,0.0,0.0,3.36,0.0,0.0,0.0,273,0.0,0.587,0.0,0.0,0.84,0.0,0.0,35,0.0,1
2.05,1.36,0.68,0.2,2.73,1.36,0.0,0.0,137,0.0,1.706,0.0,0.0,0.0,0.0,0.0,38,0.0,1
1.16,0.0,1.16,0.0,2.32,1.93,0.0,0.0,556,0.0,0.198,0.38,0.0,0.0,0.0,0.0,332,0.0,1
2.73,0.0,0.27,0.0,2.46,0.82,0.54,0.0,276,0.27,0.13,0.54,0.0,0.27,0.0,0.54,139,0.27,1
1.25,0.94,0.0,0.438,3.14,1.25,0.62,0.0,319,0.31,0.39,0.0,0.0,0.0,0.31,0.0,61,0.0,1
2.19,0.0,0.0,0.0,3.29,1.09,1.09,0.0,96,0.0,0.371,0.0,0.0,0.0,0.0,0.0,28,0.0,1
0.7,0.6,0.5,0.158,1.31,0.1,0.0,0.0,1351,0.8,0.491,0.3,0.0,0.8,0.8,0.1,669,0.0,1
0.81,0.0,0.0,0.0,3.27,0.0,0.81,0.0,189,0.81,0.26,0.0,0.0,0.0,0.0,0.0,86,0.0,1
3.1,0.0,0.0,0.201,1.86,0.62,0.0,0.0,271,0.0,1.105,0.0,0.0,0.0,0.0,0.0,155,0.0,1
0.41,0.0,0.0,0.062,0.41,0.41,0.0,0.0,65,0.0,0.312,0.0,0.0,0.0,0.0,0.0,8,1.25,1
0.82,0.0,1.65,0.0,2.47,2.47,0.0,0.0,445,2.06,0.199,0.0,0.0,0.0,0.0,0.0,226,0.82,1
0.82,0.0,1.65,0.0,2.47,2.47,0.0,0.0,445,2.06,0.199,0.0,0.0,0.0,0.0,0.0,226,0.82,1
0.82,0.0,1.65,0.0,2.47,2.47,0.0,0.0,445,2.06,0.199,0.0,0.0,0.0,0.0,0.0,226,0.82,1
3.89,0.0,0.0,0.0,3.89,1.29,0.0,0.0,79,0.0,0.236,0.0,0.0,0.0,0.0,0.0,41,0.0,1
5.4,0.0,0.0,0.162,1.8,0.45,0.0,0.0,767,0.45,1.626,0.0,0.0,0.0,0.0,0.0,706,0.45,1
4.97,0.0,0.0,0.244,1.8,0.45,0.0,0.0,773,0.45,1.631,0.0,0.0,0.0,0.0,0.0,708,0.45,1
5.04,0.0,0.0,0.245,1.83,0.45,0.0,0.0,773,0.45,1.633,0.0,0.0,0.0,0.0,0.0,708,0.45,1
2.06,0.0,0.41,0.132,1.23,2.47,1.65,0.0,301,0.41,0.53,1.65,0.0,0.0,0.41,0.82,76,0.82,1
1.08,0.0,0.0,1.313,3.75,0.0,0.09,0.0,757,0.39,5.848,0.0,0.0,0.19,0.09,0.09,54,0.0,1
5.26,0.0,0.0,0.212,1.31,0.0,0.0,0.0,53,0.0,0.0,0.0,0.0,0.0,0.0,1.31,25,0.0,1
5.26,0.0,0.0,0.212,1.31,0.0,0.0,0.0,53,0.0,0.0,0.0,0.0,0.0,0.0,1.31,25,0.0,1
1.2,0.0,0.0,0.141,2.7,0.3,0.0,0.0,201,0.0,0.189,0.0,0.0,0.6,0.6,0.6,31,0.0,1
0.94,1.41,0.94,0.221,4.24,0.0,0.47,0.0,219,0.94,1.254,0.0,0.0,0.0,0.0,0.0,91,0.0,1
2.53,0.0,0.0,0.467,1.08,0.36,0.36,0.0,736,0.0,1.203,0.36,0.0,0.36,0.72,0.0,393,0.36,1
1.47,0.0,0.0,0.254,2.94,7.35,0.0,0.0,107,0.0,1.272,0.0,0.0,0.0,0.0,4.41,63,0.0,1
1.47,0.0,0.0,0.254,2.94,7.35,0.0,0.0,109,0.0,1.272,0.0,0.0,0.0,0.0,4.41,63,0.0,1
1.03,0.0,0.51,0.0,3.1,0.0,1.03,0.0,94,0.51,0.18,0.0,0.0,0.51,0.0,0.0,17,0.0,1
1.01,0.0,0.5,0.0,3.04,0.0,1.01,0.0,95,0.5,0.178,0.0,0.0,0.5,0.0,0.0,17,0.0,1
2.6,0.0,0.0,0.471,1.48,0.37,0.37,0.0,736,0.0,1.211,0.37,0.0,0.37,0.74,0.0,393,0.37,1
1.08,0.0,0.0,1.311,3.75,0.0,0.09,0.0,757,0.39,5.84,0.0,0.0,0.19,0.09,0.09,54,0.0,1
2.53,0.0,0.0,0.467,1.08,0.36,0.36,0.0,736,0.0,1.203,0.36,0.0,0.36,0.72,0.0,393,0.36,1
0.9,0.15,0.0,0.05,2.26,0.0,0.3,0.0,427,0.9,0.376,0.0,0.0,0.15,0.9,0.3,49,0.0,1
0.45,0.0,0.0,0.0,1.51,0.0,0.0,0.0,208,0.75,0.087,0.0,0.0,0.0,0.0,0.3,18,0.0,1
2.48,0.0,0.06,0.041,3.82,0.0,0.06,0.0,1030,0.44,0.133,0.25,0.0,0.0,0.57,0.19,74,0.0,1
0.0,0.0,0.0,0.0,0.91,0.0,0.0,0.0,75,0.0,0.573,0.0,0.0,0.0,0.0,0.0,18,0.0,1
0.92,0.0,0.0,0.079,1.09,0.17,0.0,0.0,1310,0.34,0.099,0.0,0.0,0.0,0.57,0.05,95,0.0,1
3.57,0.0,0.0,0.0,3.57,1.19,0.0,1.19,95,0.0,0.204,0.0,1.19,0.0,0.0,0.0,41,0.0,1
1.34,0.44,0.44,0.896,2.24,0.44,0.89,0.0,325,1.34,0.482,0.0,0.0,0.0,0.0,0.44,78,0.0,1
2.32,0.0,0.0,0.403,2.32,0.77,0.77,0.0,109,0.77,0.672,0.0,0.0,0.0,0.0,0.0,29,0.0,1
1.12,0.84,0.14,0.342,1.82,0.0,0.28,0.0,1622,0.0,0.045,0.84,0.0,0.0,0.42,0.28,79,0.0,1
0.7,0.6,0.5,0.158,1.31,0.1,0.0,0.0,1351,0.8,0.49,0.3,0.0,0.8,0.8,0.1,669,0.0,1
2.4,0.0,0.0,0.0,2.4,0.8,0.8,0.0,107,0.8,0.823,0.0,0.0,0.0,0.0,0.0,29,0.0,1
3.27,0.0,0.0,0.266,3.27,1.63,0.0,0.0,36,0.0,0.8,0.0,0.0,0.0,1.63,0.0,16,0.0,1
1.39,0.0,0.69,0.0,3.49,0.0,0.0,0.0,183,1.39,0.196,0.0,0.0,0.0,0.0,0.0,57,0.0,1
1.04,1.57,0.0,0.269,3.66,1.04,0.0,0.0,272,0.0,0.539,0.52,0.0,0.0,0.0,0.52,47,1.04,1
3.25,0.0,0.32,0.166,2.28,0.32,0.32,0.0,139,0.65,0.0,0.0,0.0,0.65,0.0,0.32,10,0.32,1
3.25,0.0,0.32,0.166,2.28,0.32,0.32,0.0,139,0.65,0.0,0.0,0.0,0.65,0.0,0.32,10,0.32,1
0.42,0.85,0.25,0.118,1.62,0.25,0.08,0.0,1414,0.85,0.486,0.17,0.0,1.02,0.59,0.08,669,0.17,1
1.11,0.82,0.05,0.167,4.21,0.0,0.64,0.0,462,1.52,0.01,0.05,0.0,0.35,0.05,0.05,13,0.05,1
0.81,0.27,0.0,0.051,4.87,0.0,0.27,0.0,374,0.0,0.874,0.0,0.0,0.0,0.0,0.0,61,0.0,1
1.76,0.0,0.0,0.132,3.53,0.44,0.0,0.0,442,0.0,0.663,0.0,0.0,0.44,1.32,1.32,123,0.0,1
1.14,0.0,0.0,0.0,3.44,4.59,0.0,0.0,110,2.29,1.939,0.0,0.0,0.0,0.0,0.0,30,0.0,1
3.57,3.57,0.0,0.606,0.0,0.0,0.0,0.0,28,0.0,0.606,0.0,0.0,0.0,0.0,0.0,10,0.0,1
0.54,0.0,0.0,0.0,2.7,0.0,1.08,0.0,82,2.16,0.0,0.0,0.0,0.0,0.0,0.0,19,0.54,1
2.75,0.0,0.0,0.0,0.91,0.0,0.0,0.0,87,0.0,0.567,0.0,0.0,0.0,0.91,0.0,28,0.0,1
1.41,0.35,0.7,0.063,6.0,0.7,0.0,0.0,95,1.06,0.381,0.0,0.0,0.0,0.0,0.35,12,0.0,1
2.73,0.0,2.73,0.0,4.1,0.0,0.0,0.0,89,0.68,1.244,0.0,0.0,0.0,0.0,0.68,9,0.0,1
0.83,0.0,0.55,0.0,0.55,0.0,1.11,0.0,1130,0.27,0.301,0.0,0.0,0.0,0.27,0.0,694,0.27,1
0.67,0.09,0.09,0.047,0.77,0.0,0.19,0.0,432,0.58,0.559,0.29,0.0,0.29,0.38,0.0,23,0.0,1
0.0,0.0,1.61,0.0,0.0,1.61,0.0,0.0,37,0.0,0.804,0.0,0.0,0.0,0.0,0.0,17,0.0,1
0.97,0.0,0.97,0.167,0.0,0.97,0.0,0.97,77,0.97,0.0,0.0,0.97,0.0,0.0,0.0,13,0.0,1
1.12,0.0,2.25,0.0,3.38,0.0,0.0,0.0,375,1.12,0.503,0.0,0.0,0.56,0.0,0.0,148,0.0,1
2.03,0.0,0.4,0.397,2.23,0.1,0.0,0.0,1042,0.61,0.976,0.1,0.0,0.3,1.42,0.3,56,0.1,1
2.41,0.8,0.0,0.36,1.61,0.8,0.8,0.0,124,1.61,1.562,0.0,0.0,0.0,0.0,0.0,22,0.0,1
5.26,0.0,0.0,0.212,1.31,0.0,0.0,0.0,53,0.0,0.0,0.0,0.0,0.0,0.0,1.31,25,0.0,1
1.47,0.0,1.47,0.169,0.0,1.47,1.47,0.0,170,0.0,0.508,0.0,0.0,0.0,0.0,0.0,140,0.0,1
0.92,0.0,0.0,0.079,1.04,0.17,0.0,0.0,1313,0.34,0.099,0.0,0.0,0.0,0.57,0.05,95,0.0,1
0.81,0.0,0.81,0.123,1.22,0.0,0.0,0.0,302,0.81,0.0,0.0,0.0,0.0,0.0,0.0,23,0.0,1
1.74,0.0,0.58,0.271,2.62,0.0,0.87,0.0,162,0.87,0.0,0.0,0.0,0.0,0.0,0.0,14,0.0,1
1.08,0.84,0.06,0.169,4.41,0.0,0.72,0.0,447,1.57,0.01,0.06,0.0,0.36,0.06,0.06,12,0.06,1
0.2,0.03,0.0,0.011,0.45,0.03,0.0,1.18,2510,0.1,0.029,0.0,1.22,0.0,0.17,0.0,26,0.17,1
1.24,0.0,0.0,0.549,3.73,0.41,0.0,0.0,114,0.0,0.481,0.0,0.0,0.0,0.0,0.41,19,0.0,1
0.57,0.16,0.08,0.082,1.87,0.08,0.0,0.0,2923,0.08,0.55,0.08,0.0,0.16,0.0,0.24,339,0.08,1
2.03,0.0,0.4,0.397,2.23,0.1,0.0,0.0,1045,0.6,0.977,0.1,0.0,0.3,1.42,0.3,56,0.1,1
1.13,0.9,0.45,0.15,1.58,0.22,0.0,0.0,1324,0.0,0.037,0.22,0.0,0.0,0.0,0.0,114,0.0,1
5.26,0.0,0.0,0.212,1.31,0.0,0.0,0.0,53,0.0,0.0,0.0,0.0,0.0,0.0,1.31,25,0.0,1
0.0,0.4,0.0,0.0,1.22,0.4,0.0,0.0,261,0.0,0.198,0.0,0.0,0.4,0.0,0.0,18,0.0,1
2.29,0.0,0.38,0.0,3.43,0.38,0.0,0.0,104,0.38,0.121,0.38,0.0,0.38,0.0,0.38,12,0.38,1
0.0,0.0,1.78,0.0,0.0,0.0,0.0,0.0,16,0.0,0.544,0.0,0.0,0.0,0.0,0.0,5,0.0,1
1.23,0.06,0.0,0.092,1.16,0.0,0.2,0.0,703,0.61,0.472,0.27,0.0,0.13,0.75,0.0,104,0.0,1
1.36,0.0,1.36,0.17,0.0,1.36,1.36,0.0,160,0.0,0.17,0.0,0.0,0.0,0.0,0.0,128,0.0,1
1.53,0.0,0.0,0.868,2.3,0.0,0.0,0.0,157,0.0,2.894,0.0,0.0,2.3,0.0,0.0,25,0.0,1
1.63,0.0,0.0,0.0,3.27,0.81,0.0,0.0,65,2.45,0.258,0.0,0.0,0.0,0.0,0.0,20,0.0,1
3.87,0.0,0.33,0.056,2.02,0.0,1.68,0.0,621,0.33,1.151,0.33,0.0,0.16,0.16,0.33,63,0.84,1
1.08,0.0,0.0,0.979,3.75,0.0,0.09,0.0,740,0.39,5.213,0.0,0.0,0.19,0.09,0.19,54,0.0,1
0.0,0.0,0.0,0.0,0.0,4.0,0.0,0.0,54,0.0,2.597,0.0,0.0,0.0,0.0,0.0,26,0.0,1
1.04,0.75,0.05,0.162,4.25,0.0,0.69,0.0,454,1.45,0.01,0.05,0.0,0.34,0.05,0.05,12,0.05,1
1.36,0.0,0.27,0.04,2.45,0.0,0.0,0.0,227,0.54,0.489,0.0,0.0,0.27,0.0,0.27,19,1.08,1
1.61,0.0,0.0,0.0,3.22,0.8,0.0,0.0,64,3.22,0.511,0.0,0.0,0.0,0.0,0.0,20,0.0,1
1.1,0.0,2.2,0.0,3.31,0.0,0.0,0.0,386,1.1,0.496,0.0,0.0,0.55,0.0,0.0,148,0.0,1
1.1,0.0,2.2,0.0,3.31,0.0,0.0,0.0,387,1.1,0.496,0.0,0.0,0.55,0.0,0.0,148,0.0,1
3.19,0.0,0.31,0.162,2.55,0.31,0.31,0.0,144,0.63,0.0,0.0,0.0,0.63,0.0,0.31,10,0.31,1
1.38,0.34,0.69,0.063,5.9,0.69,0.0,0.0,96,1.04,0.379,0.0,0.0,0.0,0.0,0.34,12,0.0,1
1.56,0.0,1.56,0.183,0.0,1.56,1.56,0.0,164,0.0,0.0,0.0,0.0,0.0,0.0,0.0,140,0.0,1
1.08,0.0,2.16,0.0,3.24,0.0,0.0,0.0,379,1.08,0.488,0.0,0.0,0.54,0.0,0.0,148,0.0,1
1.44,0.0,0.28,0.0,1.01,1.88,0.14,0.0,477,0.28,0.21,0.14,0.0,0.14,0.0,0.0,32,0.28,1
1.1,0.22,0.0,0.196,1.32,0.22,0.0,0.0,629,0.22,0.13,0.22,0.0,0.22,0.66,0.22,75,0.0,1
0.88,0.14,0.0,0.048,2.2,0.0,0.29,0.0,428,0.88,0.388,0.0,0.0,0.14,0.88,0.29,49,0.0,1
1.85,0.0,0.07,0.167,3.55,0.0,0.14,0.0,795,0.51,0.167,0.07,0.0,0.29,0.07,0.07,44,0.0,1
3.19,0.0,0.31,0.163,2.55,0.31,0.31,0.0,144,0.63,0.0,0.0,0.0,0.63,0.0,0.31,10,0.31,1
3.19,0.0,0.31,0.163,2.55,0.31,0.31,0.0,144,0.63,0.0,0.0,0.0,0.63,0.0,0.31,10,0.31,1
1.11,0.81,0.05,0.167,4.21,0.0,0.64,0.0,467,1.52,0.01,0.05,0.0,0.35,0.05,0.05,13,0.05,1
1.45,1.45,0.97,0.232,4.36,0.0,0.48,0.0,186,0.48,1.085,0.0,0.0,0.0,0.0,0.0,58,0.0,1
1.24,0.0,0.0,0.549,3.73,0.41,0.0,0.0,114,0.0,0.48,0.0,0.0,0.0,0.0,0.41,19,0.0,1
0.94,0.34,0.08,0.294,3.0,0.08,0.0,0.0,535,0.08,0.261,0.34,0.0,0.42,0.08,0.34,62,0.25,1
0.64,0.0,0.0,0.0,0.0,0.0,0.0,0.0,323,0.0,0.233,0.0,0.0,0.0,0.0,0.0,84,0.0,1
3.27,0.0,1.63,0.0,1.63,0.0,0.0,0.0,12,0.0,0.0,0.0,0.0,0.0,0.0,0.0,2,0.0,1
3.14,0.34,0.08,0.014,1.2,0.0,0.17,0.0,1140,0.43,0.092,0.0,0.0,0.08,0.08,0.08,48,0.43,1
3.14,0.34,0.08,0.014,1.2,0.0,0.17,0.0,1140,0.43,0.092,0.0,0.0,0.08,0.08,0.08,48,0.43,1
1.73,0.0,0.34,0.174,4.86,0.69,0.0,0.0,89,0.34,0.638,0.34,0.0,0.69,0.0,1.04,8,0.0,1
2.9,0.0,0.29,0.0,2.61,0.87,0.58,0.0,274,0.29,0.14,0.58,0.0,0.29,0.0,0.58,139,0.29,1
0.0,0.0,0.45,0.0,0.9,0.0,0.0,0.0,440,0.45,0.072,0.0,0.0,0.45,0.0,0.0,45,0.0,1
2.22,0.0,0.2,0.066,3.44,0.4,0.0,0.0,192,0.0,0.133,0.0,0.0,0.0,0.8,0.4,30,0.0,1
5.33,0.0,1.33,1.492,1.33,0.0,0.0,0.0,233,0.0,0.213,0.0,0.0,0.0,0.0,0.0,223,0.0,1
3.32,0.44,0.44,0.156,3.32,0.44,0.0,0.0,1734,1.77,0.588,0.0,0.0,0.22,0.22,0.44,1038,0.44,1
0.9,0.0,0.0,0.0,6.36,0.0,0.0,0.0,75,0.0,0.292,0.0,0.0,0.0,0.0,0.0,38,0.0,1
1.49,0.0,0.74,0.233,0.0,0.0,0.0,0.0,72,0.74,0.467,0.0,0.0,0.0,0.74,0.0,12,0.0,1
0.85,0.0,0.28,0.0,1.7,0.14,0.0,0.0,826,1.28,0.13,0.0,0.0,0.0,0.0,0.42,137,0.0,1
1.13,0.37,0.37,0.189,2.65,0.37,0.75,0.0,253,1.13,0.882,0.0,0.0,0.0,0.0,0.0,78,0.0,1
2.66,0.0,0.0,0.514,2.66,0.0,2.66,0.0,62,0.0,1.799,0.0,0.0,0.0,0.0,0.0,11,0.0,1
0.72,0.0,0.0,0.113,2.54,0.72,0.0,0.36,139,1.45,0.963,0.0,0.36,0.36,0.0,0.0,47,0.0,1
1.08,1.62,1.08,0.261,4.32,0.54,0.54,0.0,181,0.54,1.218,0.0,0.0,0.0,0.0,0.0,68,0.0,1
0.0,5.45,0.0,0.943,1.81,1.81,0.0,0.0,53,0.0,0.628,0.0,0.0,0.0,0.0,0.0,9,0.0,1
1.44,0.48,0.48,0.957,1.92,0.48,0.96,0.0,328,0.96,0.515,0.0,0.0,0.0,0.0,0.48,78,0.0,1
1.96,0.0,0.0,0.0,2.94,0.98,0.0,0.98,59,0.98,0.278,0.98,0.98,0.0,0.0,0.0,18,0.0,1
0.0,0.0,0.0,0.0,4.44,0.0,0.0,0.0,11,0.0,0.833,0.0,0.0,0.0,0.0,0.0,3,0.0,1
0.0,0.0,0.18,0.0,0.56,1.89,0.0,0.0,1261,0.18,0.0,0.0,0.0,0.0,0.0,0.18,180,0.0,1
1.21,0.0,0.0,0.143,2.74,0.3,0.0,0.0,196,0.0,0.191,0.0,0.0,0.6,0.6,0.6,31,0.0,1
4.0,0.0,0.0,0.0,2.66,1.33,0.0,0.0,44,0.0,1.326,0.0,0.0,0.0,0.0,0.0,11,0.0,1
1.36,0.27,0.03,0.136,2.75,0.51,0.34,0.0,1955,0.23,0.379,0.1,0.0,0.17,0.37,0.71,181,0.95,1
1.21,0.0,0.0,0.142,2.72,0.3,0.0,0.0,199,0.0,0.19,0.0,0.0,0.6,0.6,0.6,31,0.0,1
1.74,0.0,0.58,0.239,0.58,0.58,0.58,0.0,207,0.58,0.239,0.0,0.0,0.0,0.0,1.16,123,0.58,1
1.86,0.0,0.46,0.0,2.8,0.0,0.0,0.0,313,0.46,0.37,0.0,0.0,0.0,0.0,0.0,54,1.4,1
3.03,0.0,0.0,0.211,2.12,0.3,0.3,0.0,185,0.3,0.0,0.0,0.0,0.91,0.0,0.3,11,0.3,1
3.02,0.0,0.0,0.21,2.11,0.3,0.3,0.0,186,0.3,0.0,0.0,0.0,0.9,0.0,0.3,11,0.3,1
6.54,0.0,0.0,0.0,3.57,0.0,0.0,0.0,161,0.59,0.103,0.0,0.0,0.0,0.0,0.59,11,0.59,1
1.43,0.94,0.02,0.523,3.05,0.33,0.42,0.0,4128,0.08,0.325,0.21,0.0,0.23,0.35,0.46,445,0.35,1
1.74,0.0,0.58,0.239,0.58,0.58,0.58,0.0,207,0.58,0.239,0.0,0.0,0.0,0.0,1.16,123,0.58,1
3.03,0.0,0.0,0.211,2.12,0.3,0.3,0.0,184,0.3,0.0,0.0,0.0,0.91,0.0,0.3,11,0.3,1
3.03,0.0,0.0,0.211,2.12,0.3,0.3,0.0,184,0.3,0.0,0.0,0.0,0.91,0.0,0.3,11,0.3,1
2.63,0.71,0.0,0.402,5.26,0.71,1.43,0.0,392,0.23,0.402,0.0,0.0,0.23,0.0,0.23,49,0.0,1
0.0,0.59,0.0,0.0,0.0,0.0,0.0,0.0,204,0.0,0.0,0.0,0.0,0.59,0.0,0.0,10,0.59,1
0.0,0.0,0.0,0.0,7.14,0.0,0.0,0.0,9,0.0,4.347,0.0,0.0,0.0,0.0,0.0,7,0.0,1
1.44,0.48,0.0,0.184,1.2,0.48,0.0,0.0,264,0.72,0.036,0.48,0.0,0.48,0.24,0.24,66,0.0,1
1.44,0.48,0.0,0.184,1.2,0.48,0.0,0.0,264,0.72,0.036,0.48,0.0,0.48,0.24,0.24,66,0.0,1
0.77,0.34,0.08,0.263,3.03,0.08,0.0,0.0,526,0.08,0.263,0.34,0.0,0.43,0.08,0.34,62,0.25,1
0.87,0.0,0.0,0.0,0.87,0.0,1.74,0.0,179,0.87,0.802,0.0,0.0,0.87,0.0,0.43,107,0.0,1
0.87,0.0,0.0,0.0,0.87,0.0,1.74,0.0,179,0.87,0.874,0.0,0.0,0.87,0.0,0.43,107,0.0,1
2.9,0.0,0.29,0.0,2.61,0.87,0.58,0.0,274,0.29,0.14,0.58,0.0,0.29,0.0,0.58,139,0.29,1
0.0,0.0,0.0,0.0,7.04,0.0,0.0,0.0,50,0.0,0.543,0.0,0.0,0.0,0.0,0.0,15,0.0,1
4.04,0.0,0.0,0.118,2.94,0.0,0.73,0.0,75,0.36,0.653,0.0,0.0,0.36,0.36,0.36,13,0.36,1
0.38,0.77,0.0,0.312,0.58,0.0,0.0,0.0,543,0.38,0.364,0.0,0.0,0.19,0.0,0.0,192,0.0,1
3.17,0.34,0.08,0.014,1.2,0.0,0.17,0.0,574,0.42,0.099,0.0,0.0,0.08,0.08,0.08,48,0.42,1
1.05,0.0,0.26,0.0,1.32,0.79,0.0,0.0,566,0.26,0.327,0.26,0.0,0.0,0.52,0.52,71,0.0,1
1.48,1.01,0.05,0.793,3.21,0.1,0.44,0.0,3213,0.05,0.346,0.26,0.0,0.13,0.44,0.33,199,0.26,1
2.0,0.0,0.54,0.305,1.82,0.36,0.18,0.0,447,1.09,0.249,0.0,0.0,0.18,0.54,0.18,59,0.0,1
3.17,0.34,0.08,0.014,1.2,0.0,0.17,0.0,574,0.42,0.099,0.0,0.0,0.08,0.08,0.08,48,0.42,1
3.79,0.0,0.0,0.475,2.53,0.0,2.53,0.0,67,0.0,1.9,0.0,0.0,0.0,0.0,0.0,11,0.0,1
0.0,0.0,0.36,0.053,3.3,0.36,0.0,0.0,496,0.0,0.053,0.0,0.0,0.0,0.0,0.0,134,0.0,1
4.52,0.37,0.0,0.197,2.26,0.37,0.0,0.0,998,0.37,1.248,0.37,0.0,0.0,0.37,0.0,842,0.37,1
1.15,0.0,0.0,0.0,3.46,0.0,0.0,0.0,54,0.0,0.107,0.57,0.0,0.0,0.0,0.0,7,0.0,1
2.17,0.0,0.0,0.0,2.17,0.0,0.0,0.0,56,0.0,0.411,0.0,0.0,0.0,0.0,0.0,15,0.0,1
1.09,0.0,0.0,1.33,3.79,0.0,0.09,0.0,725,0.39,5.924,0.0,0.0,0.19,0.09,0.09,54,0.0,1
1.93,0.0,0.38,0.0,3.87,0.38,0.0,0.0,99,0.38,0.123,0.38,0.0,0.38,0.0,0.38,12,0.38,1
3.17,3.17,0.0,0.597,3.17,0.0,0.0,0.0,30,0.0,0.298,0.0,0.0,0.0,0.0,0.0,12,0.0,1
0.49,0.0,0.0,0.0,4.43,0.49,1.47,0.0,330,2.46,0.424,0.0,0.0,0.0,0.0,0.0,152,0.0,1
1.93,0.0,0.38,0.0,3.87,0.38,0.0,0.0,99,0.38,0.123,0.38,0.0,0.38,0.0,0.38,12,0.38,1
0.7,0.19,0.38,0.073,1.67,0.0,0.0,0.0,766,0.19,0.25,0.0,0.0,0.32,0.06,0.0,37,0.0,1
2.24,0.0,0.37,0.122,2.99,0.0,0.0,0.0,208,0.0,0.061,1.12,0.0,0.0,0.37,0.37,57,0.0,1
1.98,0.0,0.39,0.211,3.96,0.0,1.58,0.0,118,1.58,0.705,0.0,0.0,0.0,0.0,0.0,13,1.19,1
0.41,0.41,0.41,5.3,2.9,1.65,0.41,0.0,344,0.0,0.904,0.0,0.0,0.0,0.0,0.82,92,0.0,1
1.23,0.29,0.09,0.111,1.53,0.0,0.14,0.0,1645,1.04,0.431,0.04,0.0,0.09,0.79,0.04,87,0.0,1
0.41,0.41,0.41,5.3,2.9,1.65,0.41,0.0,344,0.0,0.904,0.0,0.0,0.0,0.0,0.82,92,0.0,1
0.0,0.0,0.0,0.0,0.0,0.0,0.0,0.0,85,0.0,0.0,0.0,0.0,0.0,0.0,1.42,57,0.0,1
4.87,0.0,1.21,0.0,2.43,0.0,4.87,0.0,314,1.21,0.555,1.21,0.0,0.0,1.21,0.0,311,1.21,1
1.92,0.48,0.0,0.087,6.73,0.96,0.0,0.0,50,0.0,0.174,0.0,0.0,0.0,0.0,0.0,12,0.0,1
1.49,0.99,0.05,0.858,3.23,0.1,0.47,0.0,3160,0.05,0.328,0.26,0.0,0.13,0.42,0.34,199,0.26,1
0.0,0.0,1.47,0.0,0.0,0.0,0.0,0.0,170,1.47,1.562,0.0,0.0,1.47,0.0,0.0,95,0.0,1
1.06,1.59,1.06,0.259,4.25,1.06,0.53,0.0,189,0.53,1.208,0.0,0.0,0.0,0.0,0.0,76,0.0,1
1.24,0.0,0.0,0.549,3.73,0.41,0.0,0.0,114,0.0,0.48,0.0,0.0,0.0,0.0,0.41,19,0.0,1
1.67,0.0,0.55,0.345,3.91,0.55,2.79,0.0,200,2.23,1.208,0.0,0.0,0.0,0.0,0.0,140,0.0,1
1.67,0.0,0.55,0.345,3.91,0.55,2.79,0.0,200,2.23,1.207,0.0,0.0,0.0,0.0,0.0,140,0.0,1
4.54,0.37,0.0,0.196,2.27,0.37,0.0,0.0,1000,0.37,1.246,0.37,0.0,0.0,0.37,0.0,845,0.37,1
3.81,0.17,0.0,0.141,1.9,0.34,1.03,0.0,711,0.17,1.275,0.17,0.0,0.51,0.17,0.51,78,0.51,1
1.27,0.0,0.0,0.061,2.81,0.0,0.12,0.0,477,0.12,0.371,0.12,0.0,0.0,0.25,0.12,84,0.12,1
1.65,0.0,1.18,0.0,2.83,0.23,1.41,0.0,83,1.89,0.08,0.23,0.0,0.0,0.0,0.0,13,0.23,1
1.5,1.02,0.05,0.78,3.24,0.26,0.44,0.0,3059,0.05,0.329,0.26,0.0,0.13,0.44,0.34,193,0.26,1
1.35,0.0,0.0,0.0,1.8,0.45,0.45,0.0,122,1.35,0.138,0.0,0.0,0.45,0.0,0.0,46,0.0,1
0.0,0.0,1.23,0.0,0.0,1.23,0.0,0.0,40,0.0,1.939,0.0,0.0,0.0,0.0,0.0,8,0.0,1
0.0,0.0,1.23,0.0,0.0,1.23,0.0,0.0,40,0.0,1.947,0.0,0.0,0.0,0.0,0.0,8,0.0,1
0.0,0.0,1.23,0.0,0.0,1.23,0.0,0.0,40,0.0,1.949,0.0,0.0,0.0,0.0,0.0,8,0.0,1
0.49,0.39,0.19,0.189,1.38,0.0,0.0,0.0,477,0.09,0.586,0.09,0.0,0.09,0.0,0.0,31,0.0,1
1.37,0.34,0.68,0.062,5.86,0.68,0.0,0.0,91,1.03,0.503,0.0,0.0,0.0,0.0,0.34,12,0.0,1
0.27,0.0,0.0,0.182,2.2,0.0,0.0,0.0,435,0.0,0.136,0.27,0.0,0.0,0.0,0.0,30,0.0,1
1.09,0.0,0.0,0.692,0.0,0.0,0.0,0.0,84,0.0,0.0,0.0,0.0,0.0,0.0,0.0,25,1.09,1
1.27,0.0,0.0,0.061,2.8,0.0,0.12,0.0,475,0.12,0.371,0.12,0.0,0.0,0.25,0.12,84,0.12,1
3.61,0.0,1.2,0.0,2.4,0.0,4.81,0.0,301,1.2,0.331,1.2,0.0,0.0,1.2,0.0,295,1.2,1
2.47,0.24,0.24,0.155,1.23,0.0,1.23,0.0,485,0.24,1.634,0.24,0.0,0.74,0.24,0.74,47,0.74,1
1.21,0.0,0.6,0.103,1.81,0.0,0.0,0.0,259,0.6,0.619,0.0,0.0,0.0,0.0,0.6,33,0.0,1
1.38,0.0,0.0,0.217,0.92,0.92,0.0,0.0,224,1.38,0.795,0.46,0.0,0.0,0.0,0.46,66,1.85,1
1.35,0.0,0.0,0.0,1.35,0.0,0.0,0.0,132,0.0,2.362,0.0,0.0,0.0,0.0,0.0,37,0.0,1
2.94,0.0,1.47,0.147,0.0,0.0,2.94,0.0,288,0.0,0.294,1.47,0.0,0.0,1.47,0.0,281,1.47,1
1.99,0.0,0.0,0.312,0.99,0.49,0.0,0.0,190,1.49,0.625,0.49,0.0,0.0,0.0,0.49,47,0.0,1
1.6,0.0,0.53,0.0,2.67,0.0,0.0,0.0,81,0.0,0.0,0.0,0.0,0.53,0.0,0.0,12,0.0,1
1.11,0.0,0.0,0.0,5.55,0.0,0.0,0.0,114,0.0,1.473,0.0,0.0,0.0,0.0,0.0,29,0.0,1
1.7,0.0,0.56,0.349,3.97,0.56,3.4,0.0,194,2.27,1.135,0.0,0.0,0.0,0.0,0.0,140,0.0,1
1.77,0.0,0.0,0.168,4.84,0.0,0.11,0.0,795,0.23,0.13,0.11,0.0,0.11,0.82,0.23,175,0.0,1
0.93,0.0,0.0,0.0,3.18,0.0,0.37,0.0,70,1.12,0.441,0.0,0.0,0.0,0.0,0.0,4,0.0,1
2.38,0.47,0.0,0.248,2.38,0.0,0.95,0.0,249,1.42,0.496,0.0,0.0,0.0,0.0,0.0,80,0.0,1
0.93,0.0,0.0,0.0,3.18,0.0,0.37,0.0,70,1.12,0.441,0.0,0.0,0.0,0.0,0.0,4,0.0,1
1.45,0.48,0.0,0.184,1.21,0.48,0.0,0.0,255,0.72,0.036,0.48,0.0,0.48,0.24,0.24,66,0.0,1
2.17,0.0,0.36,0.0,2.89,0.0,0.0,0.0,234,1.44,0.0,0.72,0.0,0.0,0.0,0.0,60,0.0,1
1.35,0.0,0.0,0.0,1.35,0.0,0.0,0.0,132,0.0,2.413,0.0,0.0,0.0,0.0,0.0,37,0.0,1
1.42,0.0,0.0,0.0,1.9,0.47,0.0,0.0,359,0.47,0.0,0.47,0.0,0.0,0.0,0.0,182,0.0,1
1.42,0.0,0.0,0.0,1.9,0.47,0.0,0.0,359,0.47,0.0,0.47,0.0,0.0,0.0,0.0,182,0.0,1
1.36,0.97,0.04,0.734,2.93,0.23,0.4,0.0,3016,0.04,0.311,0.23,0.0,0.11,0.4,0.31,144,0.21,1
0.0,0.0,0.0,0.0,0.0,5.0,0.0,0.0,40,0.0,0.909,0.0,0.0,0.0,0.0,0.0,11,0.0,1
0.7,0.6,0.5,0.158,1.31,0.1,0.0,0.0,1351,0.8,0.49,0.3,0.0,0.8,0.8,0.1,669,0.0,1
2.94,0.0,1.47,0.147,0.0,0.0,2.94,0.0,286,0.0,0.294,1.47,0.0,0.0,1.47,0.0,281,1.47,1
1.69,0.0,0.56,0.347,3.95,0.56,3.38,0.0,194,2.25,1.217,0.0,0.0,0.0,0.0,0.0,140,0.0,1
0.0,0.0,0.0,0.0,4.76,0.0,0.0,0.0,20,2.38,0.0,0.0,0.0,0.0,0.0,0.0,11,0.0,1
0.92,0.0,0.0,0.0,3.14,0.0,0.37,0.0,73,1.11,0.434,0.0,0.0,0.0,0.0,0.0,4,0.0,1
0.0,0.0,0.0,0.0,0.0,3.12,0.0,0.0,25,0.0,0.462,0.0,0.0,0.0,0.0,0.0,6,0.0,1
1.5,1.11,0.05,0.784,3.25,0.26,0.44,0.0,3029,0.05,0.344,0.26,0.0,0.15,0.44,0.34,193,0.23,1
0.0,0.0,0.0,0.0,4.09,0.81,0.0,0.0,143,0.0,0.706,0.0,0.0,0.0,0.0,0.0,55,0.0,1
0.47,0.0,0.0,1.357,2.63,0.23,0.0,0.0,450,0.0,0.327,0.0,0.0,0.47,0.23,0.23,72,0.0,1
2.13,1.28,0.42,0.349,2.99,0.0,0.0,0.0,441,0.0,0.0,0.0,0.0,0.0,0.0,0.0,105,0.0,1
0.9,0.0,0.0,0.0,3.06,0.0,0.36,0.0,92,1.08,0.416,0.0,0.0,0.0,0.0,0.0,6,0.0,1
1.74,0.0,0.0,0.0,2.91,0.0,0.29,0.0,361,0.0,1.434,0.0,0.0,0.0,0.0,0.29,64,0.29,1
2.41,0.48,0.0,0.251,2.41,0.0,0.96,0.0,247,1.44,0.502,0.0,0.0,0.48,0.0,0.0,80,0.0,1
2.42,0.48,0.0,0.252,2.42,0.0,0.97,0.0,238,1.45,0.421,0.0,0.0,0.0,0.0,0.0,80,0.0,1
2.45,0.49,0.0,0.254,2.45,0.0,0.98,0.0,234,1.47,0.677,0.0,0.0,0.0,0.0,0.0,80,0.0,1
5.1,0.0,1.45,0.0,2.18,0.0,1.45,0.0,78,0.0,0.105,0.0,0.0,0.0,0.0,0.0,25,0.0,1
1.36,1.0,0.04,0.754,2.93,0.23,0.4,0.0,3033,0.04,0.318,0.23,0.0,0.11,0.4,0.31,144,0.21,1
0.0,0.0,0.0,0.0,3.52,0.0,1.17,0.0,59,0.0,0.924,0.0,0.0,0.0,0.0,0.0,10,0.0,1
1.29,0.0,0.0,0.0,1.29,0.0,1.29,0.0,135,0.64,0.093,0.64,0.0,0.0,0.0,0.64,66,0.0,1
1.29,0.0,0.0,0.0,1.29,0.0,1.29,0.0,135,0.64,0.093,0.64,0.0,0.0,0.0,0.64,66,0.0,1
1.29,0.0,0.0,0.0,1.29,0.0,1.29,0.0,135,0.64,0.093,0.64,0.0,0.0,0.0,0.64,66,0.0,1
0.15,0.0,0.0,0.044,0.15,0.3,0.0,0.0,418,0.0,0.0,0.0,0.0,0.0,0.0,0.0,16,0.0,1
2.3,0.62,0.0,0.345,4.6,0.62,1.25,0.0,426,0.2,0.345,0.0,0.0,0.2,0.0,0.2,37,0.0,1
0.0,0.0,0.0,0.0,3.7,0.0,0.0,0.0,79,3.7,0.0,0.0,0.0,0.0,0.0,0.0,28,0.0,1
1.47,1.1,0.05,0.79,3.22,0.26,0.44,0.0,3043,0.07,0.331,0.26,0.0,0.13,0.44,0.34,193,0.26,1
0.92,0.0,0.0,0.0,3.15,0.0,0.37,0.0,78,1.11,0.464,0.0,0.0,0.0,0.0,0.0,4,0.0,1
1.91,0.31,0.0,0.501,2.22,0.63,0.31,0.0,186,1.59,0.055,0.0,0.0,0.31,0.31,0.63,91,0.0,1
2.25,0.0,1.12,0.347,3.95,0.56,3.38,0.0,195,2.25,1.13,0.0,0.0,0.0,0.0,0.0,140,0.0,1
0.92,0.0,0.0,0.0,3.15,0.0,0.37,0.0,78,1.11,0.464,0.0,0.0,0.0,0.0,0.0,4,0.0,1
2.83,0.0,0.0,0.0,1.88,0.0,0.0,0.0,107,0.94,0.443,0.0,0.0,0.0,0.0,0.0,31,0.0,1
2.64,0.0,0.0,0.0,4.04,0.08,0.52,0.0,414,0.17,0.0,0.0,0.0,0.0,0.0,0.0,18,0.0,1
0.0,0.0,0.0,0.336,1.68,0.0,0.0,0.0,222,0.0,0.112,0.0,0.0,0.0,0.0,0.0,19,0.0,1
0.0,0.0,0.0,0.0,0.88,0.88,2.65,0.0,62,0.0,0.0,0.0,0.0,0.0,0.0,0.0,7,0.0,1
0.96,0.0,0.0,0.0,1.21,0.0,0.0,0.0,195,0.36,0.693,0.12,0.0,0.24,0.0,0.12,11,0.0,1
1.75,0.09,0.19,0.233,3.81,0.0,0.0,0.0,877,1.07,0.405,0.09,0.0,0.19,0.87,0.29,49,0.97,1
1.56,0.0,0.0,0.188,1.56,0.0,0.0,0.0,161,0.0,0.754,0.0,0.0,0.0,0.0,0.0,119,0.0,1
1.09,0.36,1.09,0.061,2.56,0.36,1.83,0.0,305,0.36,0.427,0.0,0.0,0.36,0.0,1.09,192,0.0,1
0.45,0.0,0.0,0.0,0.22,0.45,0.0,0.0,425,0.0,0.0,0.0,0.0,0.0,0.0,0.0,27,0.45,1
2.43,0.0,0.09,0.045,3.21,0.58,0.87,0.0,329,0.68,0.06,0.48,0.0,0.09,0.29,0.09,20,0.0,1
2.53,0.84,0.0,0.3,2.95,0.0,0.0,0.0,197,0.0,0.6,0.0,0.0,0.0,0.0,0.0,82,0.0,1
2.53,0.84,0.0,0.3,2.95,0.0,0.0,0.0,197,0.0,0.6,0.0,0.0,0.0,0.0,0.0,82,0.0,1
2.0,0.0,0.4,0.116,2.0,0.8,0.0,0.0,207,0.4,0.116,0.0,0.0,0.0,0.0,0.0,54,0.0,1
1.91,0.0,0.63,0.613,0.0,0.0,0.0,0.0,174,0.0,0.0,0.0,0.0,0.63,0.0,0.0,12,0.0,1
3.75,0.0,1.25,0.0,1.25,1.25,1.25,0.0,171,0.0,0.298,0.0,0.0,0.0,0.0,0.0,32,0.0,1
0.52,0.0,0.26,0.0,1.58,0.0,0.0,0.0,171,0.26,0.077,0.0,0.0,0.0,0.0,0.0,29,0.26,1
5.67,0.0,0.0,0.0,7.09,1.41,1.41,0.0,142,2.83,0.0,0.0,0.0,0.0,0.0,0.0,44,0.0,1
1.66,0.0,0.55,0.34,3.88,0.55,3.88,0.0,202,2.22,1.191,0.0,0.0,0.0,0.0,0.0,140,0.0,1
1.45,0.0,0.72,0.121,1.45,0.0,0.0,0.0,249,0.72,0.729,0.0,0.0,0.0,0.0,0.72,32,0.0,1
1.69,0.0,0.84,0.129,2.54,0.0,0.0,0.0,249,0.84,0.776,0.0,0.0,0.0,0.0,0.84,168,0.0,1
1.45,0.0,0.72,0.121,1.45,0.0,0.0,0.0,249,0.72,0.729,0.0,0.0,0.0,0.0,0.72,32,0.0,1
0.4,2.04,0.81,0.8,0.81,3.27,0.0,0.0,505,0.4,0.64,0.0,0.0,0.0,0.0,0.0,181,0.4,1
1.5,0.17,0.0,0.186,3.01,0.58,0.05,0.0,1107,0.63,0.13,0.34,0.0,0.17,0.75,0.34,131,0.0,1
0.0,0.0,0.0,0.0,2.14,2.85,0.0,0.0,103,5.0,1.417,0.0,0.0,0.0,0.0,0.71,12,0.0,1
3.26,0.0,0.0,0.103,2.61,1.3,1.3,0.0,51,1.3,0.515,0.65,0.0,0.0,0.0,0.0,12,0.0,1
0.0,0.0,1.61,0.0,3.22,0.0,0.0,0.0,84,0.0,0.23,0.0,0.0,0.0,0.0,0.0,60,0.0,1
0.96,0.0,0.0,0.0,3.84,2.56,0.96,0.0,166,0.32,0.492,0.0,0.0,0.0,0.32,0.0,25,0.32,1
2.59,0.0,0.64,0.0,3.24,0.64,0.64,0.0,25,0.64,0.233,1.29,0.0,0.0,2.59,0.0,4,0.0,1
1.96,0.0,0.98,0.064,2.45,0.0,0.98,0.0,135,0.49,0.645,0.0,0.0,0.0,0.0,0.0,25,0.0,1
2.2,2.2,0.0,0.37,1.76,0.0,0.0,0.0,140,0.44,0.444,0.0,0.0,1.32,0.0,0.0,16,0.0,1
2.08,0.0,0.69,0.116,1.38,0.0,0.0,0.0,281,0.69,0.701,0.0,0.0,0.0,0.0,0.69,34,0.0,1
2.2,2.2,0.0,0.37,1.76,0.0,0.0,0.0,140,0.44,0.444,0.0,0.0,1.32,0.0,0.0,16,0.0,1
2.2,2.2,0.0,0.37,1.76,0.0,0.0,0.0,140,0.44,0.444,0.0,0.0,1.32,0.0,0.0,16,0.0,1
2.2,2.2,0.0,0.37,1.76,0.0,0.0,0.0,142,0.44,0.444,0.0,0.0,1.32,0.0,0.0,16,0.0,1
0.0,0.0,0.0,0.088,1.18,0.59,0.0,0.0,83,0.0,0.443,0.0,0.0,0.0,0.0,0.0,16,0.0,1
0.7,0.6,0.5,0.158,1.31,0.1,0.0,0.0,1351,0.8,0.49,0.3,0.0,0.8,0.8,0.1,669,0.0,1
0.0,0.0,1.66,0.0,1.66,3.33,0.0,0.0,146,1.66,1.424,0.0,0.0,0.0,0.0,0.0,59,0.0,1
0.7,0.6,0.5,0.158,1.31,0.1,0.0,0.0,1351,0.8,0.49,0.3,0.0,0.8,0.8,0.1,669,0.0,1
0.87,0.0,0.0,0.721,1.4,0.87,0.0,0.0,617,0.52,0.25,0.17,0.0,0.0,0.0,0.17,35,0.43,1
0.0,0.0,0.0,0.0,4.03,0.0,0.0,0.0,138,0.8,0.875,0.0,0.0,1.61,0.0,0.0,48,0.0,1
1.57,0.52,1.05,0.729,4.21,1.05,1.05,0.0,98,2.63,1.276,0.52,0.0,0.52,0.0,0.0,19,0.0,1
1.04,0.75,0.05,0.163,4.24,0.0,0.69,0.0,458,1.45,0.02,0.05,0.0,0.34,0.05,0.05,12,0.05,1
0.87,0.0,0.0,0.716,1.39,0.87,0.0,0.0,336,0.52,0.342,0.17,0.0,0.0,0.0,0.17,35,0.52,1
2.46,0.0,0.0,0.0,2.46,0.0,0.0,0.0,42,0.0,0.415,0.0,0.0,0.0,0.0,0.0,9,0.0,1
1.0,0.1,0.2,0.175,2.2,0.0,0.2,0.0,1214,0.2,0.307,0.2,0.0,0.9,0.8,0.2,669,0.5,1
1.04,0.34,0.0,0.105,3.83,0.0,0.0,0.0,142,1.04,0.157,0.0,0.0,0.0,0.34,0.0,60,1.39,1
1.27,0.0,0.0,0.061,2.8,0.0,0.12,0.0,475,0.12,0.371,0.12,0.0,0.0,0.25,0.12,84,0.12,1
1.27,0.0,0.0,0.061,2.81,0.0,0.12,0.0,475,0.12,0.37,0.12,0.0,0.0,0.25,0.12,84,0.12,1
0.77,0.58,0.0,0.207,1.75,0.0,0.19,0.0,1689,0.0,0.569,0.0,0.0,0.58,0.58,0.68,691,0.58,1
0.83,0.62,0.0,0.199,1.87,0.0,0.2,0.0,1516,0.0,0.548,0.0,0.0,0.62,0.62,0.72,685,0.62,1
0.0,0.0,0.0,0.0,0.61,0.92,0.0,0.0,212,0.61,0.0,0.3,0.0,0.3,0.0,0.0,38,0.0,1
0.0,0.0,1.13,0.0,1.13,1.13,1.13,0.0,106,1.13,0.0,0.0,0.0,0.0,0.0,0.0,17,0.0,1
1.04,0.75,0.05,0.163,4.24,0.0,0.69,0.0,458,1.45,0.02,0.05,0.0,0.34,0.05,0.05,12,0.05,1
0.0,0.0,0.0,0.105,1.94,0.0,0.0,0.0,188,0.32,0.263,0.0,0.0,0.64,0.0,0.0,110,0.0,1
0.83,0.62,0.0,0.199,1.87,0.0,0.2,0.0,1514,0.0,0.548,0.0,0.0,0.62,0.62,0.72,685,0.62,1
0.39,0.19,0.19,0.548,0.59,0.0,0.19,0.0,993,0.39,0.174,0.0,0.0,0.0,0.19,0.39,97,0.0,1
0.0,0.0,0.0,0.0,2.17,0.0,0.0,0.0,114,0.43,0.0,0.0,0.0,0.86,0.0,0.0,55,0.0,1
1.1,0.0,0.0,1.334,3.81,0.0,0.1,0.0,724,0.3,5.942,0.0,0.0,0.2,0.1,0.1,54,0.0,1
2.78,1.19,0.0,0.256,2.39,0.39,0.39,0.0,112,0.0,0.64,0.0,0.0,0.39,0.0,0.39,30,0.0,1
0.0,0.0,0.0,0.0,1.25,0.0,0.0,0.0,115,0.0,0.392,0.0,0.0,1.25,0.0,0.0,67,0.0,1
2.7,0.0,0.0,0.0,2.16,0.0,0.0,0.0,405,0.54,0.463,0.0,0.0,0.27,0.0,0.0,65,1.62,1
0.0,0.0,0.0,0.0,1.33,0.8,0.0,0.0,188,0.26,0.471,0.26,0.0,0.0,0.0,0.0,15,0.0,1
0.0,0.0,0.9,0.0,1.81,1.81,0.0,0.0,106,0.9,1.492,0.0,0.0,0.0,0.0,0.0,66,0.0,1
0.44,0.0,0.0,0.231,2.64,0.0,0.0,0.0,263,0.0,0.0,0.0,0.0,0.0,0.0,0.0,70,0.0,1
2.22,0.55,0.0,0.08,1.66,1.11,0.0,0.0,201,0.55,0.484,0.0,0.0,0.0,0.0,0.0,85,0.55,1
1.21,0.0,0.8,0.0,1.61,1.61,0.0,0.0,229,1.21,0.21,0.4,0.0,0.0,0.0,0.0,24,0.0,1
0.53,0.0,1.6,0.0,2.13,0.0,0.0,0.0,123,1.06,0.159,0.0,0.0,0.0,0.0,0.0,51,0.0,1
3.52,0.0,0.0,0.0,2.35,1.17,0.0,0.0,42,1.17,0.0,0.0,0.0,0.0,0.0,0.0,20,0.0,1
0.0,0.0,0.0,0.48,6.06,0.0,0.0,0.0,32,0.0,0.48,0.0,0.0,0.0,0.0,0.0,10,6.06,1
1.6,0.0,0.8,0.0,1.6,0.8,0.8,0.0,81,0.8,0.27,0.0,0.0,0.0,0.0,0.0,19,0.0,1
1.6,0.0,0.8,0.0,1.6,0.8,0.8,0.0,81,0.8,0.269,0.0,0.0,0.0,0.0,0.0,19,0.0,1
1.66,0.47,0.0,0.233,4.51,0.59,0.11,0.0,504,1.66,0.155,0.71,0.0,0.0,0.23,0.83,54,0.0,1
1.13,0.95,0.43,0.243,2.43,0.78,0.17,0.0,1375,0.43,0.271,0.26,0.0,0.6,0.69,0.17,583,0.26,1
1.92,0.0,0.4,0.391,2.22,0.1,0.0,0.0,1042,0.6,0.994,0.1,0.0,0.2,1.41,0.3,56,0.1,1
0.22,0.0,0.22,0.0,2.03,0.22,0.0,0.0,215,0.0,0.647,0.0,0.0,0.22,0.0,0.0,21,0.0,1
1.0,0.1,0.2,0.174,2.2,0.0,0.2,0.0,1200,0.2,0.334,0.2,0.0,0.9,0.8,0.2,669,0.5,1
0.99,0.0,0.49,0.195,3.46,0.49,0.0,0.0,281,0.0,0.845,0.0,0.0,0.0,0.0,0.0,47,0.0,1
0.0,0.0,0.65,0.0,4.6,0.65,0.0,0.0,135,0.65,0.233,0.0,0.0,0.0,0.0,0.0,23,0.0,1
1.88,0.62,0.0,0.11,0.62,1.25,0.62,0.0,152,1.25,0.331,0.0,0.0,0.62,0.0,0.0,30,0.0,1
2.72,0.0,0.9,0.0,1.81,0.0,0.9,0.0,62,0.0,0.564,0.0,0.0,0.0,0.0,0.9,19,0.0,1
1.16,0.0,0.29,0.0,2.33,1.16,2.33,0.0,145,0.0,0.044,0.29,0.0,0.29,0.0,0.0,24,2.04,1
1.91,0.0,0.0,0.0,0.47,0.0,0.0,0.0,464,0.0,0.269,0.0,0.0,0.0,0.0,0.47,45,0.0,1
0.81,1.14,0.0,0.15,3.56,0.19,0.43,0.0,3313,0.05,0.268,0.24,0.0,0.16,0.35,0.57,195,0.05,1
0.81,1.14,0.0,0.15,3.56,0.19,0.43,0.0,3327,0.05,0.273,0.24,0.0,0.19,0.35,0.57,195,0.05,1
3.07,0.0,0.0,0.093,1.67,0.0,1.39,0.0,341,0.27,2.001,0.27,0.0,0.27,0.27,0.0,63,1.39,1
0.0,0.0,0.0,0.354,0.0,0.0,0.0,0.0,85,0.0,0.0,0.0,0.0,0.0,0.0,0.0,29,0.0,1
1.35,0.1,0.0,0.065,0.81,0.17,0.03,0.0,3220,0.07,0.013,0.0,0.0,0.03,0.0,0.17,46,0.03,1
0.9,0.16,0.08,0.191,2.89,0.0,0.0,0.0,667,0.08,0.271,0.33,0.0,0.41,0.0,0.41,264,0.24,1
2.19,0.0,0.0,0.128,2.46,0.27,0.54,0.0,164,1.09,0.085,0.0,0.0,0.0,0.82,0.54,20,0.0,1
1.38,0.0,0.19,0.316,2.56,0.98,0.0,0.0,632,0.0,0.765,0.0,0.0,0.98,1.38,1.38,76,0.19,1
1.28,0.0,0.0,0.0,2.56,0.0,0.0,0.0,45,3.84,0.203,0.0,0.0,0.0,0.0,0.0,10,1.28,1
1.49,0.33,0.0,0.221,4.38,0.03,0.07,0.0,819,0.14,0.069,0.11,0.0,0.11,0.97,0.18,72,0.07,1
0.0,0.0,0.0,0.198,0.0,0.0,0.0,0.0,81,0.0,0.198,0.0,0.0,0.0,0.0,0.0,25,3.12,1
1.96,0.0,0.0,0.094,1.56,0.78,0.0,0.0,222,1.17,0.0,0.0,0.0,0.0,0.0,0.78,20,0.0,1
2.38,0.0,0.34,0.0,4.76,2.04,0.0,0.0,328,0.68,0.222,0.0,0.0,0.34,0.0,0.34,56,0.0,1
2.12,0.0,0.0,0.0,4.25,0.0,0.0,0.0,45,0.0,0.0,0.0,0.0,0.0,0.0,0.0,26,0.0,1
0.48,0.0,0.0,0.0,0.8,0.64,0.32,0.0,557,1.45,0.594,0.0,0.0,0.0,0.48,0.0,128,0.0,1
3.09,0.0,0.0,0.094,1.69,0.0,1.4,0.0,339,0.28,1.282,0.28,0.0,0.28,0.28,0.0,63,1.4,1
0.92,0.0,0.61,0.051,1.84,0.3,0.3,0.0,343,0.3,0.103,0.0,0.0,0.3,0.61,0.0,64,0.0,1
0.0,0.0,0.0,0.0,1.88,0.0,0.0,0.0,78,0.0,0.0,0.0,0.0,0.0,0.0,1.88,13,0.0,1
0.0,0.0,0.0,0.0,6.66,0.0,0.0,0.0,25,0.0,0.537,0.0,0.0,0.0,0.0,6.66,12,0.0,1
0.0,0.0,0.0,0.0,1.88,0.0,0.0,0.0,78,0.0,0.0,0.0,0.0,0.0,0.0,1.88,13,0.0,1
0.0,0.0,0.0,0.0,6.66,0.0,0.0,0.0,25,0.0,0.537,0.0,0.0,0.0,0.0,6.66,12,0.0,1
0.0,0.0,0.0,0.0,1.88,0.0,0.0,0.0,78,0.0,0.0,0.0,0.0,0.0,0.0,1.88,13,0.0,1
0.0,0.0,0.0,0.0,6.66,0.0,0.0,0.0,25,0.0,0.537,0.0,0.0,0.0,0.0,6.66,12,0.0,1
0.0,0.74,0.1,0.066,0.0,0.0,0.1,0.0,381,0.21,0.016,0.0,0.0,0.1,0.1,0.0,29,0.53,1
0.76,1.92,1.15,0.347,4.61,0.38,0.0,0.0,74,0.0,0.486,1.15,0.0,0.0,0.0,0.0,6,0.0,1
0.68,1.36,0.68,0.242,4.1,0.0,0.0,0.0,157,0.68,1.089,0.0,0.0,0.0,0.0,0.0,60,0.0,1
5.18,0.0,0.0,0.149,2.59,0.0,0.51,0.0,217,1.03,0.373,0.51,0.0,0.51,0.0,0.0,71,0.0,1
1.25,0.0,0.0,0.099,3.21,0.0,0.0,0.0,903,0.0,0.0,0.0,0.0,0.0,0.17,0.17,158,0.0,1
1.33,0.0,0.0,0.0,0.0,1.33,0.0,0.0,69,0.0,0.684,0.0,0.0,0.0,0.0,0.0,12,1.33,1
1.1,0.0,0.0,0.0,0.82,0.0,0.0,0.0,328,0.82,0.14,0.0,0.0,0.0,0.0,0.0,49,0.0,1
0.0,0.0,0.0,0.0,2.19,0.0,0.0,0.0,75,0.0,3.427,0.0,0.0,1.09,0.0,0.0,12,0.0,1
3.38,0.36,0.0,0.032,2.01,0.0,0.0,0.0,535,0.36,0.257,0.0,0.0,0.09,0.09,0.09,69,0.18,1
1.72,0.49,0.0,0.229,4.55,0.61,0.12,0.0,478,1.59,0.104,0.73,0.0,0.0,0.24,0.98,54,0.0,1
1.72,0.49,0.0,0.229,4.55,0.61,0.12,0.0,478,1.59,0.104,0.73,0.0,0.0,0.24,0.98,54,0.0,1
0.0,0.0,0.0,0.352,0.0,0.0,0.0,0.0,81,0.0,0.176,0.0,0.0,0.0,0.0,0.0,25,0.0,1
0.53,0.0,0.13,0.021,3.98,0.0,0.0,0.0,667,0.26,0.414,0.0,0.0,0.0,0.66,1.46,65,0.0,1
3.38,0.36,0.0,0.014,1.27,0.0,0.09,0.0,566,0.36,0.029,0.0,0.0,0.09,0.09,0.09,48,0.36,1
2.31,0.0,0.0,0.0,5.4,1.54,0.0,0.0,272,0.38,0.261,0.0,0.0,0.38,0.0,0.38,56,0.0,1
0.0,0.0,0.0,0.088,0.0,0.0,0.0,0.0,215,1.01,0.0,0.0,0.0,0.0,0.0,0.0,33,0.0,1
2.65,1.59,0.0,0.478,2.65,0.0,0.53,0.0,131,0.53,0.095,0.0,0.0,0.0,0.0,0.0,60,0.53,1
0.35,0.59,0.23,0.197,1.9,2.14,0.95,0.0,1509,1.18,0.434,0.11,0.0,0.47,0.0,0.11,283,0.35,1
2.5,1.42,0.0,0.24,2.85,0.0,0.71,0.0,140,1.07,0.24,0.0,0.0,0.0,0.0,0.0,25,0.35,1
0.57,0.0,0.0,0.066,0.19,0.57,0.0,0.0,1655,0.0,0.232,0.0,0.0,0.0,0.57,0.0,213,0.0,1
1.72,0.4,0.1,0.16,1.72,0.91,0.2,0.0,1426,0.4,0.336,0.4,0.0,0.1,0.2,0.2,494,0.0,1
1.36,0.5,0.0,0.496,3.16,0.23,0.43,0.0,2424,0.15,0.381,0.31,0.0,0.03,0.58,0.46,543,0.19,1
3.54,0.0,0.0,0.107,1.29,0.0,1.61,0.0,318,0.32,1.178,0.32,0.0,0.32,0.32,0.0,63,1.61,1
1.72,0.4,0.1,0.16,1.72,0.91,0.2,0.0,1426,0.4,0.336,0.4,0.0,0.1,0.2,0.2,494,0.0,1
0.42,0.85,0.25,0.117,1.61,0.25,0.08,0.0,1407,0.85,0.403,0.17,0.0,1.02,0.59,0.08,669,0.17,1
1.09,0.0,0.0,1.31,3.67,0.0,0.09,0.0,753,0.29,5.836,0.0,0.0,0.19,0.09,0.09,54,0.0,1
1.92,0.0,0.0,0.0,1.92,0.0,0.0,0.0,17,0.0,0.0,0.0,0.0,0.0,0.0,0.0,6,0.0,1
1.72,0.4,0.1,0.16,1.72,0.91,0.2,0.0,1439,0.4,0.352,0.4,0.0,0.1,0.2,0.2,494,0.0,1
0.0,0.0,0.0,0.0,0.0,1.26,0.0,0.0,121,1.26,0.926,0.0,0.0,0.0,0.0,0.0,25,1.26,1
0.0,0.0,0.0,0.0,0.0,1.61,0.0,0.0,104,0.0,0.238,0.0,0.0,0.0,0.0,0.0,11,0.0,1
0.5,0.42,0.08,0.157,1.6,1.6,0.76,0.0,2049,0.84,0.502,0.08,0.0,0.25,0.0,0.08,292,0.33,1
0.5,0.42,0.08,0.157,1.52,1.61,0.76,0.0,2045,0.84,0.518,0.08,0.0,0.25,0.0,0.08,292,0.33,1
1.05,2.1,1.05,0.176,3.15,0.0,0.0,0.0,41,1.05,0.176,0.0,0.0,2.1,0.0,0.0,6,0.0,1
0.0,0.0,0.0,1.023,0.0,1.25,0.0,0.0,122,1.25,1.023,0.0,0.0,0.0,0.0,0.0,25,1.25,1
1.66,0.39,0.09,0.155,1.66,0.87,0.19,0.0,1458,0.39,0.31,0.39,0.0,0.09,0.19,0.19,494,0.0,1
0.0,1.11,0.0,0.416,0.0,0.0,0.0,0.0,79,0.0,0.208,0.0,0.0,0.0,0.0,0.0,23,1.11,1
1.67,0.55,0.0,0.086,1.67,1.11,0.0,0.0,125,0.55,0.086,0.55,0.0,0.55,0.0,0.0,18,0.0,1
0.89,0.0,0.29,0.045,4.16,0.0,0.59,0.0,488,0.59,0.045,0.0,0.0,0.29,0.29,0.0,163,0.0,1
1.8,0.0,0.0,0.231,3.6,1.14,1.3,0.0,595,0.32,0.925,0.16,0.0,0.16,0.65,0.49,47,0.49,1
3.89,0.0,0.0,0.08,3.24,3.89,0.0,0.0,205,1.29,0.728,0.0,0.0,0.64,0.0,0.0,129,0.64,1
1.93,0.0,0.0,0.086,5.79,0.96,0.0,0.0,38,0.0,0.26,0.0,0.0,0.0,0.0,0.0,4,0.0,1
0.0,1.85,0.0,0.0,1.85,1.85,0.0,0.0,87,0.0,3.79,0.0,0.0,0.0,0.0,0.0,29,0.0,1
1.16,0.0,0.38,0.057,2.72,0.38,0.77,0.0,235,0.38,0.057,0.0,0.0,0.38,0.38,0.0,70,0.0,1
2.12,0.0,0.42,0.221,2.55,0.0,0.0,0.0,553,0.42,0.177,0.0,0.0,0.0,1.27,0.42,54,0.0,1
0.3,0.6,0.0,0.097,0.3,0.0,0.3,0.0,210,0.0,0.0,0.0,0.0,0.6,0.0,0.0,77,0.0,1
0.93,0.0,0.37,0.165,3.18,1.12,0.0,0.0,292,1.68,0.563,0.37,0.0,0.18,0.0,0.0,34,0.56,1
0.91,0.0,0.0,0.0,3.21,0.0,0.0,0.0,42,0.91,0.164,0.0,0.0,0.0,0.0,0.0,4,0.0,1
2.18,0.72,0.36,0.0,2.91,0.0,0.0,0.0,115,1.82,0.178,0.0,0.0,0.36,0.36,0.0,11,0.72,1
3.73,0.0,0.0,0.0,0.93,0.0,0.0,0.0,65,0.0,0.561,0.0,0.0,0.0,0.93,0.0,23,0.0,1
1.27,0.32,0.09,0.515,2.75,0.26,0.42,0.0,2501,0.13,0.345,0.26,0.0,0.09,0.49,0.52,134,0.06,1
1.0,0.0,1.34,0.0,0.67,0.67,0.67,0.0,167,0.0,0.053,0.33,0.0,0.0,0.0,0.0,12,0.33,1
0.06,0.0,0.0,1.611,0.2,0.0,0.0,0.0,3752,0.13,0.0,0.0,0.0,0.0,0.0,0.0,278,0.0,1
0.0,0.0,0.0,0.0,3.38,3.38,0.0,0.0,11,0.0,0.872,0.0,0.0,0.0,0.0,0.0,5,0.0,1
0.0,0.0,0.0,0.0,4.34,0.0,0.0,0.0,15,0.0,7.333,0.0,0.0,0.0,0.0,0.0,5,0.0,1
1.64,0.0,0.0,0.05,3.14,0.14,0.0,0.0,326,0.0,0.083,0.0,0.0,0.0,0.44,0.14,60,0.0,1
1.8,0.72,0.0,0.224,4.45,0.6,0.24,0.0,479,1.44,0.102,0.72,0.0,0.0,0.24,0.96,54,0.0,1
2.19,0.0,0.0,0.067,1.75,2.63,0.0,0.0,226,0.43,0.941,0.0,0.0,0.0,0.0,0.0,28,0.0,1
0.45,0.0,0.45,0.0,1.8,0.0,0.0,0.0,135,0.45,0.21,0.0,0.0,0.45,0.0,0.0,14,0.45,1
1.46,0.0,0.0,0.046,2.04,0.58,2.04,0.0,234,0.29,0.42,0.0,0.0,0.0,0.0,0.0,34,1.46,1
0.73,0.0,0.0,0.042,2.33,0.24,0.24,0.0,254,1.34,0.042,0.36,0.0,0.12,0.0,0.0,69,0.12,1
0.66,0.0,0.0,0.0,1.0,0.66,1.0,0.0,113,0.66,0.109,0.0,0.0,0.0,0.0,0.0,34,0.33,1
1.86,0.0,0.0,0.218,2.48,0.0,0.0,0.0,155,0.0,2.295,0.0,0.0,1.86,0.0,0.0,28,0.0,1
1.56,0.52,0.52,0.402,2.08,0.0,0.0,0.0,241,0.78,0.443,0.0,0.0,0.0,0.0,0.0,19,0.52,1
1.44,0.0,0.0,0.0,2.17,0.0,0.0,0.0,40,2.89,0.0,0.72,0.0,0.0,0.0,0.0,7,0.0,1
1.63,0.0,0.0,0.0,3.27,4.91,0.0,0.0,44,0.0,2.695,0.0,0.0,0.0,0.0,0.0,12,0.0,1
0.52,0.0,0.26,0.0,0.0,0.26,0.0,0.0,1078,0.26,0.378,0.0,0.0,0.0,0.0,0.0,104,0.0,1
0.0,0.0,0.0,3.26,0.0,0.0,0.0,0.0,44,0.0,0.0,0.0,0.0,0.0,0.0,0.0,10,0.0,1
1.01,0.0,0.25,0.041,1.52,0.5,0.0,0.0,225,0.5,0.082,0.5,0.0,0.0,0.0,0.0,18,0.0,1
2.75,1.25,0.0,0.997,3.0,0.0,0.0,0.0,270,0.0,0.407,0.25,0.0,0.0,0.0,0.25,49,0.0,1
2.47,0.0,0.35,0.0,2.12,0.7,0.0,0.0,99,0.0,0.061,0.35,0.0,0.7,0.0,0.7,21,0.35,1
3.72,0.0,0.0,0.0,2.48,0.0,0.0,0.0,174,2.48,0.179,0.0,0.0,0.0,0.0,0.0,53,0.62,1
1.54,0.77,0.51,0.434,1.8,0.0,0.0,0.0,249,0.77,0.514,0.0,0.0,0.0,0.0,0.0,19,0.51,1
2.98,0.0,0.0,0.0,6.71,0.0,0.0,0.0,60,0.74,0.99,0.0,0.0,0.0,1.49,0.0,12,0.74,1
0.0,0.0,0.0,0.188,0.0,0.0,1.25,0.0,78,0.0,0.0,0.0,0.0,0.0,0.0,0.0,21,2.5,1
1.46,1.03,0.02,0.868,3.23,0.16,0.33,0.0,3210,0.09,0.391,0.23,0.0,0.11,0.42,0.51,193,0.21,1
0.0,0.0,1.56,0.0,0.0,1.56,0.0,0.0,34,0.0,0.769,0.0,0.0,0.0,0.0,0.0,12,0.0,1
0.0,0.0,0.0,0.0,0.0,1.4,0.0,0.0,13,0.0,1.647,0.0,0.0,0.0,0.0,0.0,1,0.0,1
0.0,0.0,0.0,0.342,0.0,0.0,0.0,0.0,80,0.0,0.171,0.0,0.0,0.0,0.0,0.0,24,0.0,1
1.18,0.0,0.19,0.0,2.36,0.0,0.0,0.0,148,0.0,0.152,0.0,0.0,0.0,0.0,0.19,19,0.0,1
1.44,0.0,0.0,0.0,3.31,0.0,0.14,0.0,159,0.14,0.156,0.0,0.0,0.14,0.14,0.0,6,0.0,1
0.17,0.17,0.17,0.03,0.0,0.0,0.0,3.37,3318,0.0,0.046,0.0,1.77,0.0,0.0,0.0,85,0.17,1
0.7,0.6,0.5,0.157,1.31,0.1,0.0,0.0,1351,0.8,0.488,0.3,0.0,0.8,0.8,0.1,669,0.0,1
0.63,0.0,0.0,0.885,0.0,0.0,0.0,0.0,288,0.0,0.797,0.0,0.0,0.0,0.0,0.0,75,0.0,1
0.0,0.0,0.0,0.0,2.59,1.29,0.0,0.0,133,1.29,0.936,0.0,0.0,0.0,0.0,0.0,24,0.0,1
1.69,0.0,0.0,0.301,2.54,0.0,0.0,0.0,136,0.0,2.865,0.0,0.0,2.54,0.0,0.0,23,0.0,1
1.79,0.76,0.76,0.499,1.53,0.0,0.25,0.0,248,0.76,0.458,0.0,0.0,0.0,0.0,0.0,19,0.51,1
0.0,0.0,0.0,0.353,3.19,0.0,0.0,0.0,82,0.0,0.0,0.0,0.0,0.0,2.12,0.0,12,0.0,1
0.42,0.85,0.25,0.117,1.61,0.25,0.08,0.0,1407,0.85,0.403,0.17,0.0,1.02,0.59,0.08,669,0.17,1
0.0,0.0,0.0,0.0,0.0,3.07,0.0,0.0,69,0.0,0.273,0.0,0.0,0.0,0.0,0.0,25,0.0,1
3.48,0.0,0.0,0.085,1.16,1.74,0.0,0.0,102,3.48,0.171,0.0,0.0,0.0,0.58,0.58,12,0.58,1
1.23,0.56,0.0,1.05,3.24,0.17,0.49,0.0,3084,0.07,0.678,0.17,0.0,0.21,0.49,0.77,154,0.14,1
3.53,0.0,0.0,0.106,1.28,0.0,1.6,0.0,319,0.32,1.174,0.32,0.0,0.32,0.32,0.0,63,1.6,1
1.09,0.0,0.0,1.31,3.67,0.0,0.09,0.0,753,0.29,5.836,0.0,0.0,0.19,0.09,0.09,54,0.0,1
0.62,0.0,0.0,0.0,2.82,0.31,0.62,0.0,113,1.56,0.0,0.0,0.0,0.0,0.0,0.0,22,0.0,1
1.92,0.0,0.96,0.0,0.0,0.96,0.0,0.0,118,0.96,0.824,0.0,0.0,0.0,0.0,0.0,67,0.0,1
0.93,0.0,0.0,0.154,4.67,0.0,2.8,0.0,50,0.0,0.464,0.93,0.0,0.0,0.0,0.0,10,0.0,1
3.44,0.0,0.0,0.197,0.0,0.0,0.0,0.0,81,0.0,0.0,0.0,0.0,0.0,1.14,1.14,35,0.0,1
0.0,0.0,0.0,0.34,0.0,0.0,0.0,0.0,79,0.0,0.51,0.0,0.0,0.0,0.0,0.0,23,0.0,1
1.62,1.62,0.0,0.272,3.65,0.4,0.0,0.0,166,2.03,0.0,0.0,0.0,0.0,0.0,0.4,34,0.4,1
1.21,0.0,0.6,0.315,3.65,0.0,0.0,0.0,74,1.21,0.105,0.0,0.0,0.0,0.0,0.6,30,0.0,1
0.51,0.0,0.25,0.161,1.55,0.25,0.0,0.0,578,0.0,0.161,0.0,0.0,0.0,0.77,0.0,110,0.0,1
1.26,0.44,0.0,0.241,2.98,0.38,0.44,0.0,1070,0.19,0.439,0.25,0.0,0.12,0.76,0.76,45,0.25,1
0.0,4.76,0.47,0.799,1.9,0.0,0.47,0.0,513,0.47,0.621,0.0,0.0,0.47,0.0,0.0,148,0.0,1
2.94,0.0,0.0,0.194,2.52,0.0,0.0,0.0,119,0.0,0.129,0.42,0.0,0.0,0.0,0.42,20,0.42,1
1.24,0.0,0.62,0.322,3.72,0.0,0.0,0.0,73,1.24,0.107,0.0,0.0,0.0,0.0,0.62,30,0.0,1
3.71,0.0,0.33,0.06,2.36,1.01,0.0,0.0,1161,1.35,0.06,0.67,0.0,0.0,0.0,0.0,1013,0.0,1
1.94,0.0,0.97,0.0,0.0,0.97,0.0,0.0,116,0.97,0.834,0.0,0.0,0.0,0.0,0.0,68,0.0,1
0.64,1.0,0.0,0.206,4.31,0.0,0.28,0.0,380,1.72,0.0,0.07,0.0,0.43,0.07,0.07,10,0.0,1
1.8,0.72,0.0,0.205,4.44,0.6,0.24,0.0,479,1.44,0.102,0.72,0.0,0.0,0.24,0.96,54,0.0,1
2.51,0.0,0.0,0.406,2.61,0.4,0.2,0.0,851,1.1,0.53,0.3,0.0,0.2,0.0,0.0,84,0.3,1
0.0,0.0,0.0,0.0,5.26,0.0,0.0,0.0,30,0.0,1.048,0.0,0.0,0.0,0.0,0.0,10,0.0,1
1.36,0.46,0.0,0.486,3.12,0.23,0.42,0.0,2218,0.15,0.324,0.31,0.0,0.03,0.58,0.46,116,0.35,1
1.51,0.9,0.2,0.206,3.43,0.6,0.0,0.0,1029,0.2,0.275,0.1,0.0,0.4,0.4,0.3,103,0.3,1
2.99,0.0,0.0,0.279,0.59,0.0,0.0,0.0,108,0.0,0.559,0.0,0.0,0.0,0.0,0.0,12,0.0,1
1.75,0.09,0.19,0.232,3.81,0.0,0.0,0.0,872,1.07,0.402,0.09,0.0,0.19,0.87,0.29,49,0.97,1
0.71,0.0,0.0,0.0,2.14,1.42,0.0,0.0,138,0.0,0.899,0.0,0.0,0.0,0.0,0.71,36,0.0,1
2.44,0.76,0.0,0.225,2.14,0.3,0.0,0.0,896,0.76,1.051,0.15,0.0,0.3,1.52,0.3,217,0.0,1
0.28,0.0,0.28,0.0,2.52,0.56,0.0,0.0,150,0.84,0.05,0.0,0.0,0.84,0.28,0.0,34,0.0,1
1.42,0.0,0.0,0.0,1.52,0.66,0.0,0.0,771,0.38,0.591,0.38,0.0,0.0,0.0,0.0,31,0.09,1
1.11,0.0,1.11,0.0,2.22,0.0,0.0,0.0,40,0.0,0.202,0.0,0.0,0.0,0.0,0.0,16,0.0,1
0.76,0.0,0.0,0.0,2.04,0.25,0.76,0.0,149,0.0,0.29,1.02,0.0,0.0,0.0,0.0,66,0.0,1
0.0,0.0,0.0,0.0,0.0,7.69,0.0,0.0,36,0.0,1.169,0.0,0.0,0.0,0.0,0.0,12,0.0,1
1.66,0.0,0.0,0.0,3.33,1.66,0.0,0.0,80,0.0,0.653,0.0,0.0,0.0,0.0,0.0,38,0.0,1
2.1,0.35,0.0,0.0,2.1,2.1,0.7,0.0,189,0.0,0.348,0.0,0.0,0.0,0.35,1.4,13,1.4,1
1.2,0.0,0.0,0.0,1.2,6.02,0.0,0.0,87,0.0,1.443,1.2,0.0,0.0,0.0,0.0,32,1.2,1
3.19,0.0,0.53,0.0,5.85,0.0,0.53,0.0,78,0.53,0.361,0.0,0.0,0.0,0.0,0.0,19,0.0,1
0.0,0.0,0.0,0.0,1.26,1.26,0.0,0.0,137,0.0,0.416,0.0,0.0,0.0,0.0,0.0,42,0.0,1
2.0,0.0,0.0,0.0,0.0,0.0,1.0,0.0,36,1.0,1.524,0.0,0.0,0.0,0.0,0.0,1,0.0,1
1.32,0.44,0.04,0.164,3.08,0.72,0.4,0.0,1643,0.32,0.413,0.11,0.0,0.23,0.4,0.6,181,1.24,1
1.21,0.0,0.0,0.0,1.21,6.09,0.0,0.0,76,0.0,0.407,1.21,0.0,0.0,0.0,0.0,32,1.21,1
1.44,0.0,0.28,0.221,2.89,0.0,0.0,0.0,341,0.0,0.554,0.0,0.0,0.28,0.28,0.28,140,0.28,1
1.35,0.0,0.0,0.059,2.51,0.29,0.19,0.0,1148,0.29,0.374,0.09,0.0,0.0,0.19,0.38,148,0.0,1
0.4,0.2,0.0,0.302,0.8,0.2,0.4,0.0,190,0.4,0.0,0.2,0.0,0.2,0.0,0.0,11,0.0,1
2.67,0.0,0.0,0.147,3.05,0.0,1.72,0.0,1144,1.14,0.294,0.19,0.0,0.19,0.0,0.0,430,0.0,1
0.38,1.16,0.0,0.121,1.93,0.38,0.0,0.0,160,0.0,0.609,0.38,0.0,0.77,0.0,0.38,22,0.38,1
1.47,0.98,0.0,0.29,1.47,0.16,0.0,0.0,158,1.14,0.0,0.0,0.0,0.32,0.0,0.32,13,0.16,1
1.75,0.87,0.0,0.0,2.63,0.0,0.0,0.0,195,0.0,3.907,0.0,0.0,0.0,0.0,0.0,70,0.0,1
1.2,0.0,0.0,0.056,2.61,0.3,0.2,0.0,1133,0.2,0.352,0.1,0.0,0.0,0.2,0.4,148,0.0,1
1.75,0.05,0.0,0.131,5.0,0.15,0.3,0.0,617,2.15,0.149,0.35,0.0,0.15,0.1,0.8,127,0.0,1
0.69,0.59,0.49,0.154,1.38,0.09,0.0,0.0,1365,0.79,0.417,0.29,0.0,0.79,0.89,0.19,669,0.0,1
0.61,0.61,0.61,0.0,5.52,1.22,0.0,0.0,89,1.22,0.829,0.0,0.0,0.61,0.61,0.0,34,0.0,1
2.22,0.0,0.0,0.291,2.22,2.22,0.0,0.0,59,0.0,0.145,0.0,0.0,0.0,0.0,0.0,11,0.0,1
0.0,0.0,0.0,0.0,0.0,0.7,0.0,0.7,16,0.0,0.328,0.0,0.7,0.0,0.0,0.0,4,0.0,1
1.3,0.08,0.08,0.261,1.82,0.86,0.34,0.0,981,0.26,0.358,0.26,0.0,0.26,0.52,0.34,54,1.04,1
1.55,0.17,0.08,0.067,2.76,0.34,0.08,0.0,1214,0.43,0.308,0.0,0.0,0.08,0.69,0.17,82,0.08,1
1.97,0.0,0.35,0.029,3.76,0.35,0.71,0.0,359,0.17,0.234,0.17,0.0,0.17,0.0,0.53,97,0.0,1
1.19,0.0,0.0,0.037,3.81,0.23,0.0,0.0,543,0.23,1.045,0.23,0.0,0.0,0.23,0.0,97,0.0,1
0.0,0.0,0.0,0.0,0.0,0.0,0.0,0.0,40,0.0,1.094,0.0,0.0,0.0,0.0,4.16,5,0.0,1
0.26,0.0,0.0,0.0,0.26,0.0,0.0,0.0,506,0.26,0.033,0.0,0.0,0.0,0.0,0.0,55,0.0,1
0.27,0.27,0.0,0.496,1.08,1.08,0.0,0.0,578,0.0,0.451,0.0,0.0,0.0,0.0,0.54,64,0.54,1
0.65,1.14,0.0,0.232,3.68,0.0,0.32,0.0,333,1.63,0.0,0.08,0.0,0.49,0.0,0.08,10,0.0,1
5.19,0.0,0.0,0.208,1.29,0.0,0.0,0.0,55,0.0,0.0,0.0,0.0,0.0,0.0,1.29,25,0.0,1
0.38,0.0,0.0,0.0,1.14,0.38,0.0,0.0,15841,0.0,0.0,0.19,0.0,0.19,0.0,0.0,21,0.0,1
1.56,0.09,0.09,0.015,3.51,0.29,1.07,0.0,303,0.87,0.045,0.48,0.0,0.48,0.09,1.36,40,0.0,1
3.84,0.0,0.0,1.219,0.0,0.0,0.0,0.0,31,0.0,0.0,0.0,0.0,0.0,0.0,0.0,11,0.0,1
0.41,0.0,0.0,0.062,0.41,0.41,0.0,0.0,65,0.0,0.312,0.0,0.0,0.0,0.0,0.0,8,1.25,1
1.73,0.0,0.0,0.481,3.47,0.86,0.86,0.0,473,0.0,1.765,0.0,0.0,0.0,0.0,0.0,159,0.0,1
2.1,0.0,0.0,0.182,3.15,1.05,1.05,0.0,107,0.0,0.365,0.0,0.0,0.0,0.0,0.0,28,0.0,1
3.07,0.0,0.0,0.0,1.92,0.0,0.0,0.0,899,0.38,0.124,0.0,0.0,0.38,0.0,0.0,735,0.0,1
1.25,0.94,0.0,0.388,3.14,1.25,0.62,0.0,319,0.31,0.485,0.0,0.0,0.0,0.31,0.0,61,0.0,1
0.0,0.0,1.56,0.255,1.56,0.0,0.0,0.0,97,1.56,0.767,0.0,0.0,0.0,0.0,0.0,81,0.0,1
0.79,0.0,0.79,0.0,3.16,0.0,0.0,0.0,135,2.9,0.046,1.05,0.0,0.26,0.0,0.0,60,0.26,1
0.95,1.42,0.95,0.23,4.28,0.47,0.47,0.0,217,0.95,1.306,0.0,0.0,0.0,0.0,0.0,91,0.0,1
1.91,0.47,0.0,0.306,3.34,0.47,0.95,0.0,242,1.43,0.536,0.0,0.0,0.0,0.0,0.0,78,0.0,1
0.99,1.48,0.99,0.239,4.45,0.49,0.49,0.0,183,0.99,1.118,0.0,0.0,0.0,0.0,0.0,69,0.0,1
0.0,1.19,0.0,0.787,1.19,1.19,1.19,0.0,93,0.0,1.181,0.0,0.0,0.0,0.0,0.0,31,0.0,1
3.27,0.0,0.0,0.267,3.27,1.63,0.0,0.0,36,0.0,0.802,0.0,0.0,0.0,1.63,0.0,16,0.0,1
1.2,0.21,0.0,0.058,2.85,0.38,0.1,0.0,539,0.27,0.019,0.1,0.0,0.0,0.0,0.16,56,0.05,1
2.03,0.0,0.0,0.0,3.05,0.0,0.67,0.0,69,0.0,0.0,0.0,0.0,0.33,0.0,0.0,21,0.0,1
3.3,0.0,0.23,0.151,0.94,0.0,1.41,0.0,666,0.7,1.289,0.23,0.0,0.23,0.23,0.0,276,1.41,1
0.0,0.0,0.0,0.212,0.0,0.0,0.0,0.0,72,0.0,0.0,0.0,0.0,0.0,0.0,0.0,24,0.0,1
0.7,0.35,0.17,0.058,0.87,0.0,0.17,0.0,419,0.0,0.117,0.35,0.0,0.0,0.0,0.0,39,0.52,1
0.0,0.0,0.74,0.0,1.49,0.0,0.0,0.0,139,0.0,0.0,0.0,0.0,1.49,0.0,0.0,45,0.0,1
1.12,0.0,2.25,0.0,3.38,0.0,0.0,0.0,375,1.12,0.502,0.0,0.0,0.56,0.0,0.0,148,0.0,1
2.4,0.8,0.0,0.361,1.6,0.8,0.8,0.0,124,1.6,1.566,0.0,0.0,0.0,0.0,0.0,22,0.0,1
0.0,0.0,0.0,0.0,0.87,0.0,0.0,0.0,104,0.87,0.0,0.0,0.0,0.0,0.0,0.0,51,0.0,1
0.0,0.0,0.0,0.0,2.4,0.0,0.0,0.0,305,0.0,0.709,0.0,0.0,0.8,0.0,0.0,39,0.0,1
2.29,0.0,2.29,0.0,0.76,0.0,0.76,0.0,77,1.52,0.0,0.0,0.0,0.0,0.0,0.0,19,0.0,1
0.0,0.0,0.0,0.222,1.36,1.36,0.0,0.0,107,0.0,1.777,0.0,0.0,1.36,1.36,0.0,63,0.0,1
2.01,1.44,0.28,0.218,2.88,0.0,0.57,0.0,218,0.57,0.218,0.0,0.0,0.28,0.0,0.0,40,0.0,1
1.76,0.0,0.0,0.0,2.01,0.25,0.0,0.0,616,1.25,0.031,0.25,0.0,0.0,0.0,0.0,114,0.25,1
0.0,0.0,0.0,0.213,0.0,0.0,0.0,0.0,69,0.0,0.426,0.0,0.0,0.0,0.0,0.0,23,0.0,1
0.5,0.0,0.0,0.143,2.37,0.0,0.0,0.0,781,0.33,0.458,0.0,0.0,0.0,0.5,0.33,247,0.0,1
0.0,0.41,0.0,0.0,1.23,0.41,0.0,0.0,261,0.0,0.199,0.0,0.0,0.41,0.0,0.0,18,0.0,1
2.72,0.0,0.0,0.17,3.63,0.9,0.0,0.0,94,0.0,0.17,0.0,0.0,0.0,0.0,0.0,41,0.0,1
0.0,0.0,0.0,0.0,1.14,0.0,0.0,0.0,17,0.0,0.0,0.0,0.0,0.0,0.0,0.0,4,0.0,1
0.0,0.0,0.0,0.212,0.0,0.0,0.0,0.0,66,0.0,0.424,0.0,0.0,0.0,0.0,0.0,21,0.0,1
0.98,0.07,0.0,0.312,2.24,1.12,0.7,0.0,966,0.28,0.768,0.42,0.0,0.21,0.28,0.7,94,0.28,1
2.72,0.0,0.0,0.17,3.63,0.9,0.0,0.0,94,0.0,0.17,0.0,0.0,0.0,0.0,0.0,41,0.0,1
0.0,0.0,0.0,0.0,1.78,0.0,0.0,0.0,160,0.0,1.351,0.0,0.0,0.0,0.0,0.0,75,0.0,1
0.0,0.0,0.0,0.0,0.0,0.0,0.0,0.0,85,0.0,1.413,0.0,0.0,0.0,0.0,0.0,22,0.0,1
0.0,0.0,0.0,0.0,1.58,4.76,0.0,0.0,180,0.0,2.412,0.0,0.0,0.0,0.0,0.0,137,0.0,1
0.99,0.49,0.66,0.05,2.81,0.82,0.33,0.0,721,1.65,0.252,0.16,0.0,0.33,0.0,0.33,350,0.0,1
1.1,0.0,2.2,0.0,3.31,0.0,0.0,0.0,387,1.1,0.495,0.0,0.0,0.55,0.0,0.0,148,0.0,1
0.0,0.0,0.86,0.136,0.86,0.0,0.0,0.0,109,0.86,0.0,0.0,0.0,0.0,0.0,0.0,31,0.0,1
0.0,0.0,0.63,0.0,1.89,1.26,0.0,0.0,126,0.0,0.398,0.0,0.0,0.0,0.63,0.0,19,0.63,1
1.12,1.12,0.0,6.003,2.24,0.0,0.0,0.0,45,0.0,0.0,0.0,0.0,1.12,0.0,0.0,14,0.0,1
0.0,0.0,0.0,0.208,0.0,0.0,0.0,0.0,61,0.0,0.417,0.0,0.0,0.0,0.0,0.0,16,0.0,1
2.75,0.0,0.15,0.067,1.83,0.61,0.61,0.0,801,0.45,0.698,0.0,0.0,0.0,0.61,0.3,63,0.0,1
2.17,0.0,0.0,0.0,6.52,2.17,0.0,0.0,16,2.17,0.0,0.0,0.0,0.0,0.0,0.0,5,0.0,1
1.14,0.0,0.0,0.027,1.79,0.32,1.63,0.0,165,1.3,0.622,0.0,0.0,0.65,0.0,0.32,12,0.65,1
2.17,0.0,0.0,0.0,6.52,2.17,0.0,0.0,16,2.17,0.0,0.0,0.0,0.0,0.0,0.0,5,0.0,1
0.98,0.0,1.96,0.0,2.94,0.0,0.98,0.0,46,0.0,0.326,0.0,0.0,0.0,0.0,0.0,12,0.0,1
1.32,0.34,0.0,0.165,3.47,0.32,0.54,0.0,3498,0.0,0.639,0.39,0.0,0.32,0.29,0.84,117,0.04,1
0.0,0.0,0.0,0.0,1.88,0.0,0.0,0.0,49,0.0,0.0,0.0,0.0,1.88,0.0,0.0,15,0.0,1
1.69,0.56,0.0,0.273,1.69,0.56,0.56,0.0,121,2.25,0.91,0.0,0.0,0.0,0.0,0.0,22,0.0,1
0.07,0.0,0.0,0.023,0.15,0.0,0.15,0.0,264,0.07,0.0,0.0,0.0,0.15,0.07,0.07,10,0.07,1
1.08,1.62,1.08,0.26,4.32,0.54,0.54,0.0,180,0.54,1.216,0.0,0.0,0.0,0.0,0.0,68,0.0,1
0.82,0.0,1.65,0.0,3.3,0.82,0.0,0.0,186,0.0,1.36,0.82,0.0,0.0,0.0,0.0,68,0.0,1
1.23,0.0,0.41,0.0,2.05,0.0,0.0,0.0,41,0.0,0.067,0.41,0.0,0.0,0.0,0.41,14,0.0,1
1.02,0.0,0.14,0.024,1.9,0.29,1.46,0.0,217,1.17,0.558,0.0,0.0,0.58,0.0,0.29,12,0.58,1
0.59,1.48,0.29,0.21,1.63,0.29,0.74,0.0,1244,0.0,0.105,0.14,0.0,0.59,1.04,0.0,887,1.04,1
3.17,0.34,0.08,0.014,1.2,0.0,0.17,0.0,575,0.42,0.098,0.0,0.0,0.08,0.08,0.08,48,0.42,1
1.56,0.11,0.11,0.224,4.68,0.44,0.44,0.0,798,0.0,0.775,0.11,0.0,0.11,0.22,1.11,103,0.0,1
0.58,0.0,0.0,0.0,4.11,0.0,0.0,0.0,297,0.58,0.197,0.0,0.0,0.0,0.0,0.0,61,0.0,1
1.39,0.0,0.0,0.186,3.38,0.0,0.0,0.0,2288,0.37,0.262,0.21,0.0,0.1,0.1,0.32,289,0.0,1
1.78,0.0,0.0,0.15,4.46,0.44,0.0,0.0,153,0.89,1.131,0.0,0.0,0.0,0.0,0.44,28,0.0,1
0.87,0.0,0.0,0.0,0.87,0.0,1.74,0.0,179,0.87,0.942,0.0,0.0,0.87,0.0,0.43,107,0.0,1
0.0,0.0,0.0,0.0,7.14,0.0,0.0,0.0,38,0.0,1.554,0.0,0.0,0.0,0.0,0.0,15,3.57,1
0.0,0.0,0.0,0.0,0.0,10.0,0.0,0.0,10,0.0,0.0,0.0,0.0,0.0,0.0,0.0,4,0.0,1
0.0,0.0,0.0,0.215,0.0,0.0,0.0,0.0,63,0.0,0.0,0.0,0.0,0.0,0.0,0.0,18,0.0,1
0.0,0.0,1.63,0.0,4.09,0.81,0.0,0.0,191,0.0,1.212,1.63,0.0,0.0,0.0,0.0,71,0.0,1
1.05,0.0,0.26,0.0,1.32,0.79,0.0,0.0,566,0.26,0.326,0.26,0.0,0.0,0.52,0.52,71,0.0,1
1.28,0.16,0.16,0.075,3.37,0.0,0.32,0.0,159,0.8,0.05,0.32,0.0,0.32,0.64,0.0,15,0.0,1
4.81,0.0,0.0,0.0,2.4,0.0,0.0,0.0,72,0.0,0.0,0.0,0.0,0.0,0.0,0.0,16,0.0,1
0.39,0.78,0.58,0.135,4.29,0.58,0.58,0.0,190,1.75,0.067,0.39,0.0,0.39,0.0,0.0,21,0.0,1
2.2,0.0,0.0,0.0,2.94,0.73,0.0,0.0,48,0.73,0.211,0.0,0.0,0.0,0.0,0.0,7,0.0,1
0.0,0.0,0.0,0.0,4.0,4.0,0.0,0.0,23,0.0,0.0,0.0,0.0,0.0,0.0,0.0,12,4.0,1
0.0,0.0,0.0,0.0,0.0,0.0,0.0,0.0,82,0.0,0.952,0.0,0.0,0.0,0.0,0.0,13,0.0,1
1.05,0.0,1.05,0.0,0.0,3.15,0.0,0.0,94,0.0,0.74,0.0,0.0,0.0,0.0,0.0,24,0.0,1
0.0,0.0,0.0,0.0,0.0,0.0,0.0,0.0,162,0.0,0.0,0.0,0.0,0.0,0.0,0.0,38,0.0,1
0.0,0.0,0.0,0.0,2.32,0.0,0.0,0.0,72,0.0,1.405,0.0,0.0,0.0,1.16,0.0,28,1.16,1
1.27,0.31,0.0,0.592,3.49,0.69,0.5,0.0,1590,0.25,0.435,0.12,0.0,0.38,0.5,1.08,73,0.0,1
1.42,0.0,0.0,0.0,1.52,0.66,0.0,0.0,771,0.38,0.591,0.38,0.0,0.0,0.0,0.0,31,0.09,1
2.15,1.07,0.0,0.598,2.15,1.07,0.0,0.0,329,3.22,2.395,0.0,0.0,0.0,0.0,1.07,295,0.0,1
1.81,0.0,0.0,0.0,3.4,0.22,0.0,0.0,530,0.68,0.199,0.0,0.0,0.0,0.0,0.0,83,0.0,1
1.43,0.0,1.43,0.295,1.91,0.47,0.0,0.0,158,0.47,0.073,0.47,0.0,0.0,0.0,0.0,54,0.0,1
1.22,0.0,0.61,0.0,1.83,0.2,0.4,0.0,287,0.81,1.232,1.22,0.0,0.2,0.0,0.0,142,0.4,1
1.81,0.0,0.0,0.0,3.4,0.22,0.0,0.0,530,0.68,0.199,0.0,0.0,0.0,0.0,0.0,83,0.0,1
0.0,0.0,0.0,0.0,0.0,2.81,0.0,0.0,57,0.0,0.963,0.0,0.0,1.4,0.0,0.0,17,0.0,1
1.15,1.35,0.0,0.191,2.12,0.19,0.19,0.0,921,0.0,0.438,0.0,0.0,0.57,1.15,0.77,525,0.57,1
0.54,0.0,0.0,0.083,2.18,0.0,0.27,0.0,243,1.09,0.166,0.54,0.0,0.0,0.0,0.0,114,0.54,1
1.15,0.79,0.44,0.211,2.66,0.62,0.08,0.0,1345,0.53,0.225,0.26,0.0,0.62,0.79,0.08,583,0.17,1
0.13,0.0,0.0,0.068,2.35,0.13,0.0,0.0,468,0.26,0.0,0.13,0.0,0.26,0.39,0.26,30,0.13,1
4.16,0.0,0.0,0.0,2.08,0.41,0.0,0.0,134,1.66,0.0,0.0,0.0,0.41,0.0,0.0,12,0.0,1
0.0,0.0,0.0,0.0,0.0,3.57,0.0,0.0,29,0.0,0.675,0.0,0.0,0.0,0.0,0.0,12,0.0,1
3.12,0.0,0.0,0.075,1.25,0.62,0.62,0.0,363,0.0,1.285,0.0,0.0,0.0,0.0,0.0,101,0.0,1
0.39,0.78,0.58,0.135,4.29,0.58,0.58,0.0,190,1.75,0.067,0.39,0.0,0.39,0.0,0.0,21,0.0,1
0.0,0.0,0.0,0.105,0.0,0.0,0.0,0.0,112,0.0,0.0,0.0,0.0,0.0,0.0,0.0,22,0.0,1
0.0,0.0,0.0,0.0,0.0,1.61,0.0,0.0,104,0.0,0.238,0.0,0.0,0.0,0.0,0.0,11,0.0,1
0.0,0.76,0.0,0.35,0.38,0.38,0.0,0.0,80,0.0,0.0,0.0,0.0,0.0,0.38,0.38,8,0.38,1
1.99,0.0,0.0,0.0,2.48,0.0,0.0,0.0,311,0.0,0.356,0.0,0.0,0.0,0.0,0.0,64,0.0,1
0.52,1.05,0.0,0.698,3.15,1.05,0.52,0.0,125,0.0,2.295,0.0,0.0,1.05,0.0,0.52,14,0.0,1
0.65,0.0,0.0,0.03,4.67,0.0,0.0,0.0,196,0.24,0.36,0.0,0.0,0.32,0.16,0.32,10,0.16,1
2.85,0.0,0.95,0.0,5.71,0.0,0.0,0.0,21,1.9,0.147,0.0,0.0,0.0,0.0,0.0,6,0.0,1
4.27,0.0,0.0,0.0,3.41,4.27,0.0,0.0,150,0.0,0.881,0.0,0.0,0.0,0.0,5.98,17,0.0,1
1.15,1.34,0.0,0.191,2.11,0.19,0.19,0.0,921,0.0,0.438,0.0,0.0,0.57,1.15,0.77,525,0.57,1
0.0,1.85,0.0,0.0,1.85,1.85,0.0,0.0,87,0.0,3.768,0.0,0.0,0.0,0.0,0.0,29,0.0,1
1.21,0.0,0.6,0.0,1.82,0.0,0.0,0.0,129,1.21,0.0,0.0,0.0,0.0,0.6,0.0,71,0.0,1
1.28,0.36,0.04,0.152,3.06,0.64,0.36,0.0,1500,0.32,0.37,0.12,0.0,0.24,0.4,0.6,181,1.16,1
2.54,0.28,0.0,0.045,2.54,0.84,0.28,0.0,524,0.0,1.147,0.0,0.0,0.0,0.0,0.0,104,0.28,1
0.0,0.0,0.0,0.716,0.0,0.6,0.0,0.0,185,0.0,0.102,0.0,0.0,0.0,0.0,0.6,43,0.0,1
1.42,0.0,0.0,0.0,1.52,0.66,0.0,0.0,771,0.38,0.591,0.38,0.0,0.0,0.0,0.0,31,0.09,1
0.64,0.0,0.21,1.269,0.42,0.0,0.0,0.0,1484,0.42,0.031,0.21,0.0,0.0,0.0,0.0,183,0.0,1
1.81,0.04,0.0,0.121,4.92,0.13,0.32,0.0,640,2.04,0.145,0.32,0.0,0.13,0.09,0.74,127,0.0,1
2.1,0.14,0.0,0.05,4.34,0.14,0.14,0.0,216,0.14,0.381,0.0,0.0,0.14,0.42,0.28,15,0.84,1
2.08,0.13,0.0,0.05,4.31,0.13,0.13,0.0,219,0.13,0.379,0.0,0.0,0.13,0.41,0.27,15,0.83,1
2.42,0.0,0.17,0.086,2.94,1.55,0.34,0.0,508,1.38,0.0,0.0,0.0,0.69,0.0,0.0,38,0.17,1
1.15,1.35,0.0,0.191,2.12,0.19,0.19,0.0,921,0.0,0.438,0.0,0.0,0.57,1.15,0.77,525,0.57,1
1.41,0.29,0.03,0.139,3.05,0.54,0.36,0.0,1613,0.25,0.334,0.1,0.0,0.18,0.4,0.76,181,1.01,1
0.0,0.0,0.0,0.72,0.0,0.6,0.0,0.0,185,0.0,0.102,0.0,0.0,0.0,0.0,0.6,43,0.0,1
1.15,1.34,0.0,0.191,2.11,0.19,0.19,0.0,922,0.0,0.437,0.0,0.0,0.57,1.15,0.77,525,0.57,1
1.94,0.64,0.0,0.116,2.58,2.58,0.0,0.0,240,0.0,0.116,0.64,0.0,0.0,0.0,0.0,20,0.0,1
1.37,0.0,0.68,0.196,3.44,1.03,0.34,0.0,208,0.68,0.056,0.0,0.0,0.17,0.0,0.0,53,0.0,1
1.21,0.0,0.0,0.0,1.21,0.0,0.0,0.0,127,0.0,1.627,0.0,0.0,1.21,0.0,0.0,31,0.0,1
1.15,1.35,0.0,0.191,2.12,0.19,0.19,0.0,921,0.0,0.438,0.0,0.0,0.57,1.15,0.77,525,0.57,1
2.35,0.73,0.0,0.215,2.35,0.29,0.0,0.0,898,0.88,1.003,0.14,0.0,0.29,1.47,0.29,217,0.0,1
2.35,0.73,0.0,0.215,2.35,0.29,0.0,0.0,898,0.88,1.004,0.14,0.0,0.29,1.47,0.29,217,0.0,1
0.0,0.0,0.0,0.027,0.17,0.17,0.17,0.0,170,0.34,0.0,0.0,0.0,0.34,0.0,0.0,11,0.0,1
0.0,0.0,0.0,0.0,0.73,0.0,0.0,0.0,228,0.73,0.0,0.0,0.0,0.0,0.0,0.0,12,0.0,1
1.16,0.0,0.0,0.0,0.58,0.58,0.0,0.0,145,1.16,0.0,0.0,0.0,0.0,0.0,0.0,11,0.0,1
0.23,0.0,0.0,0.0,0.35,0.11,0.0,0.0,504,0.23,0.016,0.0,0.0,0.0,0.0,0.0,41,0.0,1
1.18,0.0,0.0,0.0,1.77,5.91,2.95,0.0,93,0.0,0.293,0.0,0.0,0.59,0.0,0.59,15,2.95,1
1.15,1.34,0.0,0.191,2.11,0.19,0.19,0.0,921,0.0,0.438,0.0,0.0,0.57,1.15,0.77,525,0.57,1
2.35,0.08,0.0,0.056,2.35,1.13,0.26,0.0,1123,0.78,0.709,0.08,0.0,0.26,0.34,0.43,126,0.17,1
0.0,0.0,0.0,0.0,0.0,0.0,0.0,0.0,125,0.0,0.0,0.0,0.0,0.0,0.0,0.0,33,0.0,1
0.85,0.0,0.0,0.133,3.86,1.28,0.0,0.0,313,0.85,0.535,0.0,0.0,0.0,0.0,0.85,110,0.0,1
0.0,0.0,0.0,0.0,0.0,0.0,0.0,0.0,95,0.0,0.0,0.0,0.0,0.0,0.0,0.0,33,0.0,1
0.38,1.16,0.0,0.12,1.93,0.38,0.0,0.0,160,0.0,0.601,0.38,0.0,0.77,0.0,0.38,22,0.38,1
1.66,0.0,0.0,0.0,3.33,1.66,0.0,0.0,80,0.0,0.986,0.0,0.0,0.0,0.0,0.0,38,0.0,1
2.32,0.13,0.0,0.064,1.09,0.27,0.0,0.0,1444,0.0,0.364,0.0,0.0,0.13,0.13,0.0,107,0.0,1
1.32,0.34,0.0,0.165,3.47,0.32,0.54,0.0,3498,0.0,0.638,0.39,0.0,0.32,0.29,0.84,117,0.04,1
1.09,0.27,0.0,0.128,1.37,0.0,0.0,0.0,533,0.27,0.472,0.0,0.0,1.64,0.54,0.0,93,0.27,1
0.8,0.0,0.4,0.052,4.0,0.4,0.0,0.0,129,0.8,0.105,1.2,0.0,0.0,0.0,1.2,5,2.8,1
4.54,0.0,0.0,0.0,0.0,4.54,0.0,0.0,10,0.0,3.076,0.0,0.0,0.0,0.0,9.09,4,0.0,1
1.28,0.0,0.0,0.932,1.28,0.0,0.0,0.0,122,0.0,0.699,0.0,0.0,0.0,0.0,0.0,39,0.0,1
2.63,0.0,0.0,0.0,1.31,1.31,0.0,0.0,106,2.63,0.0,0.0,0.0,0.0,0.0,0.0,46,0.0,1
0.0,0.0,0.0,0.0,1.19,1.19,0.0,0.0,137,0.0,0.403,0.0,0.0,0.0,0.0,0.0,42,0.0,1
0.81,0.13,0.06,0.197,3.68,0.0,0.0,0.0,608,0.13,0.474,0.27,0.0,0.4,0.0,0.27,53,0.2,1
0.12,0.0,0.0,0.0,0.12,0.12,0.0,0.0,481,0.12,0.0,0.0,0.0,0.0,0.0,0.0,41,0.0,1
0.12,0.0,0.0,0.0,0.12,0.12,0.12,0.0,492,0.12,0.0,0.0,0.0,0.0,0.0,0.0,41,0.0,1
0.12,0.0,0.0,0.0,0.12,0.12,0.12,0.0,505,0.12,0.0,0.0,0.0,0.0,0.0,0.0,41,0.0,1
1.78,0.09,0.19,0.222,3.85,0.0,0.0,0.0,814,1.08,0.412,0.09,0.0,0.19,0.89,0.29,49,0.98,1
1.32,0.34,0.0,0.165,3.47,0.32,0.54,0.0,3498,0.0,0.639,0.39,0.0,0.32,0.29,0.84,117,0.04,1
0.0,0.0,0.0,0.862,0.0,0.0,0.0,0.0,34,0.0,0.0,0.0,0.0,0.0,0.0,0.0,17,0.0,1
1.05,0.0,0.0,0.0,2.1,0.0,0.0,0.0,51,0.0,0.0,0.0,0.0,0.0,0.0,0.0,7,0.0,1
1.07,0.0,0.0,0.18,4.07,0.85,1.07,0.0,303,0.42,0.432,0.0,0.0,0.21,0.42,0.0,36,0.42,1
1.16,0.0,0.58,0.0,1.16,1.46,0.29,0.0,352,0.58,0.606,0.29,0.0,0.0,0.0,0.0,37,0.0,1
1.54,0.0,0.0,0.114,2.87,0.66,0.0,0.0,728,0.22,0.659,0.0,0.0,0.0,1.32,0.22,65,0.0,1
0.0,0.0,0.0,0.0,3.27,0.0,0.0,0.0,53,1.63,0.0,0.0,0.0,0.0,0.0,0.0,11,0.0,1
0.0,0.0,0.0,0.0,3.05,0.0,0.0,0.0,45,0.0,0.0,0.0,0.0,0.0,0.0,0.0,4,0.0,1
1.54,0.0,0.0,0.114,2.87,0.66,0.0,0.0,728,0.22,0.659,0.0,0.0,0.0,1.32,0.22,65,0.0,1
0.31,0.21,0.1,0.609,0.63,0.0,0.0,0.0,1609,0.21,0.05,0.1,0.0,0.0,0.0,0.0,126,0.1,1
0.0,0.0,0.0,0.0,0.0,0.0,0.0,0.0,110,0.0,0.0,0.0,0.0,0.0,0.32,0.0,36,0.0,1
1.74,1.31,0.0,0.149,1.31,0.0,3.49,0.0,133,0.43,0.298,0.0,0.0,0.43,0.0,0.0,47,0.0,1
2.35,0.08,0.0,0.056,2.35,1.13,0.26,0.0,1123,0.78,0.709,0.08,0.0,0.26,0.34,0.43,126,0.17,1
2.12,0.35,0.0,0.0,2.12,2.12,0.7,0.0,196,0.0,0.353,0.0,0.0,0.0,0.35,1.41,13,1.41,1
1.41,0.31,0.06,0.42,2.57,0.15,0.25,0.0,3303,0.15,0.345,0.25,0.0,0.09,0.5,0.56,178,0.12,1
0.09,0.0,0.19,0.0,0.19,0.0,0.0,0.09,990,0.0,0.061,0.0,0.0,0.0,0.0,0.0,44,0.0,1
0.6,0.48,0.6,0.234,1.33,0.12,0.0,0.0,746,0.36,0.234,0.12,0.0,0.6,0.6,0.12,39,0.0,1
1.75,0.05,0.0,0.131,5.0,0.15,0.3,0.0,617,2.15,0.149,0.35,0.0,0.15,0.1,0.8,127,0.0,1
1.36,0.0,0.45,0.16,1.36,1.81,0.0,0.0,184,0.45,0.64,0.45,0.0,0.0,0.9,0.0,71,0.0,1
0.0,0.0,0.0,0.0,0.0,0.0,0.0,0.0,100,0.0,0.0,0.0,0.0,0.0,0.0,0.0,22,0.0,1
1.8,0.45,0.9,0.41,2.26,0.0,0.0,0.0,137,1.35,0.82,0.0,0.0,0.0,0.0,0.0,12,0.45,1
1.2,4.01,0.0,0.794,1.2,0.0,0.0,0.0,353,0.0,0.855,0.4,0.0,0.0,1.2,0.4,41,0.0,1
1.35,0.1,0.0,0.065,0.81,0.17,0.03,0.0,3214,0.07,0.006,0.0,0.0,0.03,0.0,0.17,46,0.03,1
1.87,0.46,0.18,0.109,3.8,0.89,0.37,0.0,2062,0.04,0.522,0.18,0.0,0.14,0.28,0.28,116,0.28,1
0.0,0.0,0.0,0.0,0.0,0.21,0.0,0.0,379,0.21,0.0,0.0,0.0,0.0,0.0,0.0,39,0.0,1
0.92,0.0,0.0,0.378,2.52,0.67,0.67,0.0,897,0.0,0.523,0.33,0.0,0.25,0.16,0.5,67,0.08,1
1.47,0.98,0.0,0.29,1.47,0.16,0.0,0.0,158,1.14,0.0,0.0,0.0,0.32,0.0,0.32,13,0.16,1
0.0,0.0,0.0,0.0,4.26,1.82,0.0,0.0,67,1.21,0.193,1.21,0.0,0.0,0.0,0.0,26,0.6,1
2.37,0.0,0.16,0.084,2.88,1.52,0.33,0.0,532,1.35,0.028,0.0,0.0,0.67,0.0,0.0,40,0.33,1
0.0,0.0,0.0,0.0,0.0,0.0,0.0,0.0,292,0.0,0.0,0.0,0.0,0.0,0.0,0.0,152,0.0,1
1.11,0.0,0.0,0.095,0.55,3.35,0.0,0.0,186,0.0,1.429,0.55,0.0,0.0,0.0,0.0,36,0.0,1
1.21,0.0,0.0,0.291,2.91,0.24,0.0,0.0,461,0.72,1.021,0.48,0.0,0.0,1.69,0.24,67,0.0,1
0.67,0.0,0.67,0.228,0.67,0.0,0.0,0.0,168,0.67,0.228,0.0,0.0,0.0,0.0,0.0,16,0.0,1
1.08,0.0,0.0,0.025,1.85,0.3,1.54,0.0,186,1.23,0.615,0.0,0.0,0.61,0.0,0.3,13,0.61,1
1.59,0.39,0.02,0.145,3.95,0.87,0.45,0.0,3525,0.02,0.538,0.05,0.0,0.13,0.23,0.34,116,1.11,1
0.0,0.0,0.0,0.0,0.0,0.0,0.0,0.0,99,0.0,0.0,0.0,0.0,1.05,0.0,0.0,36,0.0,1
0.0,0.0,0.0,0.0,0.0,0.0,0.0,0.0,126,0.0,0.0,0.0,0.0,0.0,0.0,0.0,38,0.0,1
2.4,0.0,0.0,0.302,2.4,2.4,0.0,0.0,47,0.0,0.151,0.0,0.0,0.0,0.0,0.0,11,0.0,1
0.47,0.0,0.0,0.0,0.0,0.47,0.0,0.0,161,0.0,0.0,0.0,0.0,0.0,0.0,0.0,15,0.0,1
1.14,0.49,0.0,0.255,2.46,0.0,0.0,0.0,712,0.08,0.751,0.08,0.0,0.24,0.0,1.14,84,0.08,1
4.12,0.45,0.0,0.229,2.06,0.45,0.0,0.0,400,0.0,0.919,0.0,0.0,0.0,0.22,0.22,138,0.0,1
0.0,0.0,0.0,0.0,0.0,0.68,0.0,0.68,32,0.0,0.309,0.0,1.36,0.0,0.0,0.0,4,0.0,1
3.32,0.39,0.0,0.265,3.78,0.26,0.13,0.0,1575,0.53,0.449,0.26,0.0,0.0,0.19,0.26,272,0.53,1
1.3,0.08,0.08,0.261,1.82,0.86,0.34,0.0,979,0.26,0.358,0.26,0.0,0.26,0.52,0.34,54,1.04,1
1.02,0.0,0.0,0.0,2.19,0.29,0.0,0.0,469,0.14,0.764,0.0,0.0,0.0,0.0,0.43,28,0.0,1
1.3,0.08,0.08,0.261,1.82,0.86,0.34,0.0,981,0.26,0.358,0.26,0.0,0.26,0.52,0.34,54,1.04,1
0.0,0.53,0.0,0.0,1.33,0.53,0.0,0.0,886,0.53,0.555,0.0,0.0,0.0,0.0,0.26,107,0.26,1
1.07,0.0,0.0,0.0,1.07,0.0,0.0,0.0,49,1.07,0.192,0.0,0.0,0.0,0.0,0.0,19,0.0,1
0.0,0.0,0.0,0.0,0.0,0.0,0.0,0.0,92,0.0,0.0,0.0,0.0,0.0,0.0,0.0,22,0.0,1
0.56,0.0,0.0,0.061,0.56,0.56,0.18,0.0,253,0.18,0.493,0.18,0.0,0.0,0.0,0.0,13,0.0,1
0.0,0.0,0.0,0.0,4.16,6.25,0.0,0.0,95,1.04,5.555,0.0,0.0,1.04,0.0,0.0,14,0.0,1
0.0,0.0,0.0,0.0,0.0,0.0,0.0,0.0,162,0.0,0.0,0.0,0.0,0.0,0.0,0.0,33,0.0,1
1.08,0.0,0.0,1.284,3.74,0.0,0.09,0.0,755,0.49,5.803,0.0,0.0,0.19,0.09,0.09,54,0.0,1
2.22,0.55,0.0,0.364,2.5,0.27,0.0,0.0,352,0.55,0.273,0.0,0.0,0.55,1.94,0.55,48,0.27,1
1.51,0.58,0.0,0.104,4.19,0.58,0.23,0.0,1360,0.11,0.733,0.23,0.0,0.11,0.0,0.46,326,0.0,1
0.74,0.0,0.18,0.029,1.11,0.0,0.0,0.0,208,0.74,0.0,0.18,0.0,0.0,0.0,0.0,11,0.0,1
0.0,0.0,0.0,0.0,0.0,0.0,0.0,0.0,42,0.0,0.0,0.0,0.0,0.0,0.0,0.0,28,0.0,1
1.22,0.0,0.0,0.077,4.9,0.0,0.0,0.0,111,0.24,0.544,0.0,0.0,0.0,0.0,0.0,22,0.73,1
0.0,0.0,0.91,0.0,6.42,0.0,0.0,0.0,33,0.0,0.0,0.91,0.0,0.0,0.0,0.0,12,0.0,1
1.45,0.0,0.29,0.085,5.24,0.0,0.0,0.0,247,0.87,0.0,0.0,0.0,0.0,0.87,0.29,33,0.0,1
1.73,0.0,0.0,0.0,2.89,0.0,0.28,0.0,396,0.0,1.385,0.0,0.0,0.0,0.0,0.28,64,0.28,1
0.0,0.0,0.0,0.0,0.0,0.0,0.0,0.0,7,0.0,0.0,0.0,0.0,0.0,0.0,0.0,1,0.0,1
1.22,0.49,0.0,0.255,2.37,0.0,0.0,0.0,713,0.16,0.845,0.08,0.0,0.24,0.0,1.14,84,0.16,1
1.24,0.08,0.08,0.254,1.86,0.88,0.44,0.0,966,0.26,0.353,0.26,0.0,0.26,0.53,0.35,54,1.06,1
1.23,0.49,0.0,0.256,2.37,0.0,0.0,0.0,701,0.16,0.736,0.08,0.0,0.24,0.0,1.14,84,0.16,1
1.51,0.58,0.0,0.104,4.19,0.58,0.23,0.0,1360,0.11,0.733,0.23,0.0,0.11,0.0,0.46,326,0.0,1
0.0,0.0,0.0,0.0,0.0,0.0,0.0,0.0,78,0.0,0.0,0.0,0.0,0.0,0.0,0.0,13,0.0,1
1.25,0.0,0.0,0.0,1.66,0.0,0.41,0.0,255,0.41,0.0,0.0,0.0,0.0,0.41,0.0,54,0.0,1
0.0,0.0,0.0,0.0,0.0,16.66,0.0,0.0,13,0.0,0.0,0.0,0.0,0.0,0.0,0.0,11,0.0,1
1.24,0.08,0.08,0.254,1.86,0.88,0.44,0.0,968,0.26,0.353,0.26,0.0,0.26,0.53,0.35,54,1.06,1
0.0,0.0,0.0,0.0,0.0,0.0,0.0,0.0,118,0.0,0.0,0.0,0.0,0.0,0.0,0.0,33,0.0,1
0.0,0.0,0.0,0.0,0.0,0.0,0.0,0.0,153,0.0,0.0,0.0,0.0,0.0,0.0,0.0,28,0.0,1
0.0,0.0,0.0,0.0,1.32,0.44,0.0,0.0,186,0.44,0.0,0.0,0.0,0.0,0.0,0.0,10,0.0,1
1.08,0.0,0.0,1.308,3.74,0.0,0.09,0.0,768,0.39,5.828,0.0,0.0,0.19,0.09,0.09,54,0.0,1
1.25,0.58,0.07,0.266,2.35,0.14,0.0,0.0,1163,0.0,0.319,0.14,0.0,0.58,0.66,0.29,145,0.14,1
0.0,0.0,0.0,0.0,0.0,0.0,0.0,0.0,240,0.0,0.0,0.0,0.0,0.0,0.0,0.0,38,0.0,1
2.4,0.0,0.0,0.291,2.4,2.4,0.0,0.0,45,0.0,0.145,0.0,0.0,0.0,0.0,0.0,11,0.0,1
1.76,0.56,0.05,0.421,3.46,0.0,0.0,0.0,1449,0.11,0.441,0.11,0.0,0.22,0.0,0.34,116,0.11,1
0.0,0.0,0.0,0.0,1.16,0.0,1.16,0.0,61,0.0,0.0,0.0,0.0,0.0,0.0,0.0,28,0.0,1
1.39,0.08,0.08,0.25,1.82,0.86,0.6,0.0,929,0.26,0.444,0.26,0.0,0.43,0.43,0.26,54,1.12,1
2.46,0.0,0.0,0.465,2.46,2.46,0.0,0.0,43,0.0,0.232,1.23,0.0,0.0,0.0,0.0,12,0.0,1
0.6,0.6,0.0,0.206,0.0,2.42,0.0,0.0,237,0.6,0.412,0.0,0.0,0.0,0.0,0.0,20,0.0,1
0.0,0.0,0.0,0.0,1.2,0.0,0.6,0.0,106,0.0,0.0,0.0,0.0,0.0,0.0,0.0,28,0.0,1
0.0,0.0,0.0,0.0,0.0,0.0,0.0,0.0,241,0.0,0.0,0.0,0.0,0.0,0.0,0.0,38,0.0,1
0.0,0.0,0.0,0.0,0.0,0.0,0.0,0.0,208,0.0,0.037,0.0,0.0,0.27,0.82,0.0,33,0.0,1
2.04,0.0,0.68,0.11,2.72,0.0,0.68,0.0,112,4.08,0.0,1.36,0.0,0.0,0.0,0.0,68,0.0,1
1.36,0.0,0.68,0.111,2.72,0.0,0.68,0.0,112,4.08,0.0,1.36,0.0,0.0,0.0,0.0,68,0.0,1
2.12,0.0,0.0,0.0,3.54,0.0,0.0,0.0,26,2.83,0.11,0.0,0.0,0.0,0.0,0.0,3,0.0,1
2.48,0.0,0.0,0.106,2.69,0.2,0.41,0.0,384,1.44,0.996,0.0,0.0,0.0,0.41,0.0,116,0.41,1
1.44,1.44,0.0,0.271,5.79,1.44,0.0,0.0,41,0.0,0.543,0.0,0.0,0.0,0.0,0.0,11,0.0,1
1.96,0.0,0.28,0.0,1.68,0.28,0.0,0.0,603,1.4,0.034,0.0,0.0,0.0,0.0,0.0,114,0.28,1
1.03,0.0,1.03,0.0,3.09,2.06,0.0,0.0,84,1.03,0.0,0.0,0.0,0.0,0.0,0.0,60,0.0,1
0.99,0.0,0.0,0.265,0.49,0.0,0.0,0.0,447,0.0,0.0,0.0,0.0,0.0,2.48,0.49,114,0.0,1
1.41,0.48,0.03,0.529,3.16,0.26,0.37,0.0,2379,0.14,0.433,0.29,0.0,0.14,0.55,0.59,140,0.07,1
0.0,0.0,0.0,0.0,1.78,0.0,0.0,0.0,79,0.0,0.757,0.0,0.0,0.0,0.0,0.0,13,0.0,1
0.64,0.0,0.64,0.0,5.8,0.0,0.0,0.0,115,0.64,1.44,0.0,0.0,0.0,0.0,0.0,21,0.0,1
0.0,0.0,0.0,0.0,0.0,0.0,0.0,0.0,78,0.0,0.785,0.0,0.0,0.0,0.0,0.0,13,0.0,1
0.65,0.0,0.65,0.0,5.22,0.0,0.0,0.0,113,0.65,1.461,0.0,0.0,0.0,0.0,0.0,21,0.0,1
2.03,0.0,0.4,0.397,2.23,0.1,0.0,0.0,1043,0.61,1.01,0.1,0.0,0.3,1.42,0.3,56,0.1,1
1.08,0.0,0.0,0.025,1.85,0.3,1.54,0.0,186,1.23,0.615,0.0,0.0,0.61,0.0,0.3,13,0.61,1
0.0,0.0,0.0,0.0,1.85,1.85,0.0,0.0,82,0.0,1.55,0.0,0.0,0.0,0.0,0.0,13,0.0,1
0.65,0.0,0.65,0.0,5.88,0.65,0.0,0.0,118,0.65,1.765,0.0,0.0,0.0,0.0,0.0,21,0.0,1
0.47,0.47,1.43,0.0,2.87,0.0,0.0,0.0,239,0.0,0.694,0.0,0.0,0.0,0.0,0.0,164,0.0,1
1.75,0.09,0.19,0.233,3.81,0.0,0.0,0.0,877,1.07,0.404,0.09,0.0,0.19,0.87,0.29,49,0.97,1
1.44,1.44,0.0,0.271,5.79,1.44,0.0,0.0,41,0.0,0.542,0.0,0.0,0.0,0.0,0.0,11,0.0,1
2.43,0.0,0.0,0.0,2.43,2.43,0.0,0.0,72,0.0,0.896,0.0,0.0,0.0,0.0,0.0,58,0.0,1
2.29,0.0,1.14,0.0,2.29,0.0,0.0,0.0,27,0.0,0.0,0.0,0.0,0.0,0.0,0.0,6,0.0,1
2.45,0.0,1.63,0.0,1.63,0.0,0.0,0.0,56,0.81,0.0,0.0,0.0,0.0,0.0,0.0,11,0.0,1
2.3,0.0,2.3,0.0,3.07,0.76,0.0,0.0,181,0.0,0.518,0.76,0.0,0.0,0.0,0.0,142,0.0,1
0.0,0.0,1.06,0.0,2.12,0.0,0.0,0.0,108,0.0,0.0,0.0,0.0,1.06,0.0,0.0,78,0.0,1
0.0,0.0,0.0,0.0,4.12,0.0,2.06,0.0,19,1.03,1.149,0.0,0.0,0.0,0.0,0.0,3,0.0,1
1.11,0.55,0.27,0.0,1.38,0.83,1.11,0.0,196,1.11,0.638,0.0,0.0,1.11,0.0,0.0,17,0.0,1
0.0,0.0,0.0,0.0,1.96,0.0,0.0,0.0,31,0.0,0.0,0.0,0.0,0.0,0.0,0.0,3,0.0,1
0.0,0.0,0.0,0.0,0.0,0.0,0.0,0.0,211,0.0,0.225,0.0,0.0,0.0,0.0,0.0,39,0.0,1
0.0,0.0,0.0,1.785,0.02,0.02,0.0,0.0,10062,0.0,1.542,0.0,0.0,0.0,0.0,0.0,9989,0.0,1
2.03,0.0,0.4,0.396,2.23,0.1,0.0,0.0,1042,0.61,0.975,0.1,0.0,0.3,1.42,0.3,56,0.1,1
2.73,0.0,0.54,0.258,2.73,0.0,0.0,0.0,565,0.54,1.466,0.0,0.0,0.0,0.54,0.0,392,0.0,1
1.61,0.0,0.8,0.207,3.62,0.8,0.4,0.0,153,0.4,0.552,0.0,0.0,0.0,0.0,1.61,69,0.4,1
1.77,0.0,1.33,0.067,2.66,1.11,0.0,0.0,183,1.33,0.067,0.44,0.0,0.22,0.0,0.0,22,0.0,1
0.77,0.0,0.07,0.183,2.24,1.39,0.15,0.0,700,0.3,0.0,0.3,0.0,0.46,0.23,0.3,84,0.23,1
1.0,0.0,0.0,0.267,0.5,0.0,0.0,0.0,446,0.0,0.0,0.0,0.0,0.0,2.5,0.5,114,0.0,1
2.09,3.62,0.19,0.303,1.71,0.19,0.0,0.0,742,0.19,0.212,0.19,0.0,0.19,0.95,0.0,132,0.0,1
1.87,0.0,1.12,0.223,4.49,0.37,0.0,0.0,93,0.0,0.223,0.74,0.0,0.74,0.0,0.74,10,0.0,1
11.11,0.0,0.0,0.0,0.0,0.0,0.0,0.0,4,0.0,0.0,0.0,0.0,0.0,0.0,0.0,1,11.11,1
1.04,0.95,0.43,0.242,2.43,0.69,0.08,0.0,1339,0.43,0.256,0.26,0.0,0.6,0.69,0.17,583,0.26,1
0.96,0.0,0.0,0.467,0.0,0.48,0.48,0.0,717,0.0,0.175,0.48,0.0,0.96,0.48,0.48,259,0.0,1
2.01,0.0,2.01,0.0,1.34,0.0,0.0,0.0,93,0.67,0.305,0.0,0.0,0.0,0.0,0.0,14,0.0,1
1.09,0.0,0.0,1.309,3.76,0.0,0.09,0.0,756,0.29,5.831,0.0,0.0,0.19,0.09,0.09,54,0.0,1
2.04,0.0,2.04,0.0,1.36,0.0,0.0,0.0,95,0.68,0.309,0.0,0.0,0.0,0.0,0.0,14,0.0,1
0.37,0.0,0.37,0.06,0.74,0.74,0.37,0.0,143,0.0,0.241,0.0,0.0,0.0,0.0,0.0,18,0.0,1
1.07,0.9,0.49,0.228,2.38,0.9,0.08,0.0,1466,0.41,0.241,0.24,0.0,0.57,0.65,0.16,683,0.32,1
0.0,0.0,0.0,0.0,5.43,3.26,0.0,0.0,99,0.0,2.152,0.0,0.0,0.0,0.0,0.0,36,0.0,1
0.96,4.32,0.48,0.43,0.96,0.0,0.0,0.0,727,1.44,0.43,0.48,0.0,0.0,0.48,0.48,305,0.0,1
0.64,0.55,0.73,0.134,1.38,0.09,0.0,0.0,1478,0.73,0.43,0.27,0.0,0.73,0.83,0.18,696,0.09,1
2.0,0.0,0.4,0.0,3.6,0.4,0.0,0.0,97,0.4,0.124,0.4,0.0,0.4,0.0,0.4,12,0.4,1
1.68,0.0,0.0,0.0,2.52,0.0,0.0,0.0,30,0.0,0.0,0.0,0.0,0.0,0.0,0.0,6,0.0,1
0.85,0.0,0.0,0.0,2.56,0.0,0.0,0.0,28,0.0,0.0,0.0,0.0,0.0,0.0,0.0,6,0.85,1
1.09,0.0,0.21,0.128,3.71,0.43,0.0,0.0,501,0.65,0.96,0.43,0.0,0.0,0.87,0.43,70,0.21,1
1.29,0.0,0.0,0.0,2.58,0.64,0.0,0.0,69,1.29,2.354,0.0,0.0,0.0,0.0,0.0,13,0.0,1
1.5,0.5,2.0,0.979,3.0,0.5,0.0,0.0,164,0.0,0.445,0.5,0.0,0.0,0.0,0.5,28,0.0,1
3.03,0.0,0.0,0.093,1.65,0.0,1.37,0.0,344,0.27,1.029,0.27,0.0,0.27,0.27,0.0,63,1.37,1
1.32,0.34,0.0,0.165,3.47,0.32,0.54,0.0,3498,0.0,0.639,0.39,0.0,0.32,0.29,0.84,117,0.04,1
2.34,0.0,1.56,0.0,7.03,0.0,0.0,0.0,147,0.78,1.363,0.0,0.0,0.0,0.0,0.0,29,0.0,1
1.43,0.0,0.0,0.0,3.94,0.35,0.0,0.0,186,1.79,0.0,0.0,0.0,0.0,0.0,0.0,153,0.0,1
2.18,0.0,0.67,0.104,3.03,0.67,0.0,0.0,858,0.67,0.156,0.16,0.0,0.33,0.33,0.0,525,0.0,1
1.49,0.21,0.42,0.075,3.21,0.0,1.92,0.0,1603,1.71,0.263,0.21,0.0,0.0,0.0,0.21,494,0.0,1
1.01,1.51,0.5,0.536,3.53,0.5,0.0,0.0,225,0.0,1.431,1.51,0.0,0.0,0.0,1.01,23,0.0,1
0.86,0.86,0.0,0.154,4.31,0.86,3.44,0.0,53,0.0,0.928,0.0,0.0,0.0,0.0,0.0,7,0.0,1
1.2,0.0,0.0,0.015,4.66,0.08,0.0,0.0,319,0.0,0.094,0.08,0.0,0.08,0.08,0.08,89,0.0,1
3.03,0.0,0.0,0.093,1.65,0.0,1.37,0.0,344,0.27,1.023,0.27,0.0,0.27,0.27,0.0,63,1.37,1
1.81,0.0,0.0,0.0,0.0,0.0,0.0,0.0,150,0.0,0.0,0.0,0.0,0.0,0.0,0.0,62,0.0,1
0.0,0.0,7.27,0.0,0.0,0.0,0.0,0.0,52,0.0,0.297,0.0,0.0,0.0,0.0,0.0,8,0.0,1
0.7,0.6,0.5,0.157,1.31,0.1,0.0,0.0,1351,0.8,0.488,0.3,0.0,0.8,0.8,0.1,669,0.0,1
1.35,0.52,0.2,0.0,4.17,0.1,0.2,0.0,318,0.0,0.095,0.0,0.0,0.1,0.0,0.41,24,0.0,1
2.95,1.47,0.36,0.928,2.21,0.36,0.0,0.0,177,0.0,0.433,0.36,0.0,1.1,0.0,0.0,33,0.0,1
2.01,0.0,0.46,0.0,2.63,0.31,0.15,0.0,608,0.15,0.123,0.62,0.0,0.0,0.0,0.0,196,0.0,1
1.86,0.0,1.86,0.164,8.41,0.0,0.0,0.0,133,0.93,2.306,0.0,0.0,0.0,0.0,0.93,29,0.0,1
1.13,0.0,0.22,0.133,3.86,0.68,0.0,0.0,430,0.68,1.103,0.45,0.0,0.0,0.9,0.45,54,0.22,1
2.44,0.0,0.27,0.141,1.08,1.35,0.0,0.0,1118,0.54,0.329,0.0,0.0,0.0,0.0,0.54,252,0.0,1
2.92,0.0,0.0,0.088,2.92,0.38,0.0,0.0,325,0.12,0.661,0.0,0.0,0.25,0.12,0.38,21,0.12,1
0.0,0.0,0.0,0.207,0.0,0.0,0.0,0.0,79,0.0,0.207,0.0,0.0,0.0,0.0,0.0,25,3.19,1
0.64,0.0,0.0,0.116,3.87,0.0,0.0,0.0,63,0.0,1.16,0.0,0.0,1.29,0.0,0.0,12,0.64,1
0.0,0.0,0.0,0.207,0.0,0.0,0.0,0.0,79,0.0,0.207,0.0,0.0,0.0,0.0,0.0,25,3.19,1
0.0,0.0,0.0,0.0,2.7,1.35,0.0,0.0,78,0.0,3.588,0.0,0.0,0.0,0.0,0.0,17,1.35,1
1.55,0.0,1.03,0.429,2.07,0.51,0.0,0.0,55,1.03,0.6,0.0,0.0,0.0,0.0,0.0,4,0.51,1
0.59,0.29,0.0,0.049,1.79,0.29,0.0,0.0,168,0.0,0.0,0.0,0.0,0.0,0.0,0.0,30,0.0,1
1.36,0.68,0.0,0.238,3.4,0.0,0.0,0.0,96,0.0,0.238,0.68,0.0,0.0,0.0,0.68,19,1.36,1
0.7,0.6,0.5,0.157,1.31,0.1,0.0,0.0,1351,0.8,0.488,0.3,0.0,0.8,0.8,0.1,669,0.0,1
1.0,2.0,0.33,0.23,2.67,0.33,0.0,0.0,227,0.33,0.057,0.0,0.0,0.0,1.33,0.0,82,0.33,1
0.69,0.0,0.0,0.0,3.0,0.46,0.46,0.0,182,0.0,0.0,0.0,0.0,0.23,0.0,0.0,42,0.0,1
2.76,1.18,0.79,0.192,2.37,0.0,0.39,0.0,74,0.0,0.64,0.0,0.0,0.39,0.0,0.79,13,0.0,1
1.15,0.0,0.38,0.0,2.31,0.77,0.77,0.0,258,0.38,0.51,0.38,0.0,0.38,0.0,0.38,62,0.0,1
3.22,0.0,0.53,0.0,2.15,0.0,0.0,0.0,101,0.53,0.082,0.0,0.0,0.0,0.53,0.0,66,0.0,1
1.69,0.0,0.0,0.032,2.53,0.21,0.31,0.0,1003,0.0,0.887,0.0,0.0,0.1,0.21,0.1,318,0.52,1
0.0,0.0,0.0,0.022,0.0,0.0,0.0,0.0,5902,0.0,0.022,0.0,0.0,0.0,0.0,0.0,5,0.0,0
1.7,0.0,0.0,0.0,2.56,0.0,0.0,0.0,26,0.0,0.149,0.0,0.0,0.0,0.0,0.0,2,0.0,0
0.0,0.0,0.0,0.0,0.0,0.0,0.0,0.0,3,0.0,0.0,0.0,0.0,0.0,0.0,0.0,1,0.0,0
0.0,0.0,0.0,0.0,0.0,0.0,0.0,5.12,65,0.0,0.262,0.0,0.0,0.0,0.0,0.0,7,0.0,0
0.0,0.0,0.0,0.0,0.0,0.0,0.0,0.0,1866,0.0,0.0,0.0,0.0,0.0,0.0,0.0,28,0.0,0
0.0,0.0,0.0,0.0,0.0,0.0,0.0,4.08,35,2.04,0.0,0.0,2.04,0.0,0.0,0.0,11,0.0,0
0.0,0.0,0.0,0.0,0.0,0.0,0.0,0.0,150,0.0,0.0,0.0,0.0,0.0,0.0,0.0,28,0.0,0
0.0,0.0,0.0,0.0,0.0,0.0,0.0,0.0,1,0.0,0.0,0.0,0.0,0.0,0.0,0.0,1,0.0,0
0.0,0.0,0.0,0.0,7.31,0.0,0.0,0.0,28,0.0,0.393,0.0,0.0,0.0,0.0,0.0,7,0.0,0
0.0,0.0,0.0,0.0,4.0,0.0,0.0,0.0,16,0.0,0.729,0.0,0.0,0.0,0.0,0.0,7,0.0,0
0.0,0.0,0.0,0.0,0.24,0.0,0.0,9.33,791,0.0,0.149,0.0,3.93,0.0,0.0,0.0,251,0.0,0
1.8,0.0,0.0,0.0,3.6,0.0,0.0,0.9,83,0.9,0.0,0.0,0.9,0.0,0.0,0.0,12,0.0,0
0.0,0.0,0.0,0.0,0.0,0.0,0.0,0.0,26,0.0,0.0,0.0,0.0,0.0,0.0,0.0,11,0.0,0
0.0,0.0,0.0,0.032,0.0,0.0,0.08,3.3,709,0.0,0.0,0.08,0.0,0.08,0.0,0.0,18,0.49,0
0.0,0.0,0.0,0.0,1.85,0.0,0.0,0.0,27,1.85,0.0,0.0,0.0,0.0,0.0,0.0,5,0.0,0
0.0,0.0,0.0,0.0,0.0,0.0,0.0,0.0,50,0.0,0.0,0.0,0.0,0.0,0.0,0.0,8,0.0,0
0.0,0.0,0.0,0.0,0.0,0.0,0.0,0.0,16,0.0,0.546,0.0,0.0,0.0,0.0,0.0,4,0.0,0
0.0,0.0,0.0,0.0,0.8,0.0,0.0,0.8,122,0.0,0.115,0.0,0.0,0.0,0.0,0.0,28,0.0,0
0.0,0.0,0.0,0.0,1.51,0.0,0.0,0.0,28,1.51,0.0,0.0,0.0,0.0,0.0,0.0,5,0.0,0
0.0,0.0,0.0,0.0,2.32,2.32,0.0,0.0,13,0.0,0.375,0.0,0.0,0.0,0.0,0.0,5,0.0,0
0.63,0.0,0.0,0.0,3.18,0.0,0.0,0.0,113,1.27,0.0,0.0,0.0,0.0,0.0,0.0,22,0.0,0
0.0,0.0,0.0,0.0,0.58,0.0,1.16,1.16,114,0.0,0.282,0.0,0.58,0.0,0.0,0.0,11,0.0,0
0.72,0.06,0.0,0.026,0.78,0.24,0.12,1.93,843,0.18,0.044,0.0,0.66,0.0,0.0,0.42,29,0.18,0
1.88,0.0,0.0,0.0,1.88,0.0,0.0,0.0,12,0.0,0.0,0.0,0.0,0.0,0.0,0.0,1,0.0,0
2.12,0.0,0.0,0.0,0.0,0.0,0.0,0.0,45,0.0,0.0,0.0,0.0,0.0,0.0,0.0,16,0.0,0
0.0,0.0,0.0,0.0,0.0,0.0,0.0,8.1,8,0.0,0.0,0.0,5.4,0.0,0.0,0.0,2,0.0,0
0.0,0.0,0.0,0.0,0.0,0.0,0.0,0.0,21,0.0,0.0,0.0,0.0,0.0,0.0,0.0,5,0.0,0
0.0,0.0,0.0,0.0,0.0,0.0,0.0,0.0,7,0.0,1.315,0.0,0.0,0.0,0.0,0.0,1,0.0,0
0.0,0.0,0.0,0.0,0.0,0.0,0.0,3.47,72,0.0,0.0,0.0,0.0,0.0,0.0,0.0,11,0.0,0
0.0,0.0,0.0,0.0,0.0,0.0,0.0,2.89,49,0.0,0.313,0.0,1.44,0.0,0.0,0.0,10,0.0,0
0.0,0.0,0.0,0.0,0.0,0.0,0.0,0.0,20,3.03,0.0,0.0,0.0,0.0,0.0,0.0,4,0.0,0
0.0,0.0,0.0,0.0,3.29,0.0,0.0,0.0,89,0.0,0.0,0.0,0.0,0.0,0.0,0.0,12,0.0,0
0.0,0.0,0.0,0.0,3.75,0.0,0.0,0.0,23,0.0,0.0,0.0,0.0,0.0,0.0,0.0,3,0.0,0
0.0,0.0,0.0,0.0,3.18,0.0,0.0,0.0,123,0.0,0.0,0.0,0.0,0.0,0.0,0.0,12,0.0,0
0.2,0.0,0.04,0.0,0.77,0.08,0.0,0.0,1995,0.2,0.033,0.12,0.0,0.0,0.04,0.0,86,0.04,0
0.0,0.0,0.0,0.0,0.0,0.0,0.0,16.66,25,0.0,0.0,0.0,0.0,0.0,0.0,0.0,17,0.0,0
0.0,0.0,0.0,0.071,0.0,0.0,0.0,4.22,433,0.0,0.0,0.13,0.13,0.0,0.39,0.0,26,0.26,0
1.58,0.0,0.0,0.0,1.58,0.0,0.0,1.58,20,0.0,0.0,0.0,3.17,0.0,0.0,0.0,4,0.0,0
1.06,0.0,0.0,0.0,0.21,0.0,0.21,0.21,723,0.42,0.161,0.0,0.0,0.0,0.21,0.0,121,0.0,0
0.0,0.0,0.0,0.0,0.0,0.0,0.0,0.0,16,0.0,0.684,0.0,0.0,0.0,0.0,0.0,7,0.0,0
1.21,0.0,0.0,0.0,1.21,0.0,0.0,0.0,11,0.0,0.211,0.0,0.0,2.43,0.0,0.0,1,0.0,0
0.94,0.0,0.0,0.0,0.47,0.0,0.0,0.47,147,0.0,0.068,0.0,0.0,0.0,0.0,0.0,21,0.0,0
1.28,0.0,0.0,0.0,2.56,0.0,0.0,5.12,41,0.0,0.0,0.0,0.0,0.0,0.0,0.0,10,0.0,0
1.75,0.0,0.0,0.0,0.0,0.0,0.29,2.63,242,0.29,0.072,0.0,0.0,0.0,0.0,0.0,60,0.0,0
0.0,0.0,0.0,0.0,0.26,0.0,0.0,3.76,158,0.0,0.045,0.0,2.68,0.0,0.0,0.0,11,0.0,0
0.0,0.0,0.0,0.0,2.75,0.0,0.91,1.83,68,0.0,0.301,0.0,0.0,0.0,0.0,0.0,8,0.0,0
0.0,0.0,0.0,0.0,0.0,0.0,0.0,0.0,11,0.0,0.0,0.0,0.0,0.0,0.0,0.0,10,0.0,0
0.0,0.0,0.0,0.0,0.0,0.0,0.0,0.0,11,0.0,0.0,0.0,0.0,0.0,0.0,0.0,3,0.0,0
0.0,0.0,0.0,0.0,4.0,0.0,0.0,0.0,14,0.0,0.613,0.0,0.0,0.0,0.0,0.0,1,0.0,0
8.69,0.0,0.0,0.0,4.34,0.0,0.0,0.0,8,0.0,3.048,0.0,0.0,0.0,0.0,0.0,1,0.0,0
0.0,0.0,0.0,0.0,0.0,0.0,0.0,0.0,90,0.0,0.0,0.0,0.0,0.0,0.0,0.0,17,0.0,0
3.5,0.0,0.0,0.0,2.63,0.0,0.0,0.0,21,0.0,0.0,0.0,0.0,0.0,0.0,0.0,5,0.0,0
0.0,0.0,0.0,0.0,1.56,0.0,0.0,0.0,19,0.0,0.725,0.0,0.0,0.0,0.0,0.0,4,0.0,0
0.22,0.0,0.0,0.031,0.45,0.0,0.0,0.57,535,0.11,0.0,0.0,0.68,0.11,1.03,0.0,41,0.0,0
1.68,0.0,0.0,0.0,1.35,0.0,0.0,0.33,107,1.01,0.048,0.0,0.33,0.0,0.0,0.0,22,0.0,0
0.06,0.0,0.0,0.006,0.08,0.0,0.0,0.44,2078,0.24,0.0,0.02,0.47,0.31,0.22,0.0,52,0.04,0
1.02,0.0,0.0,0.0,0.51,0.0,0.0,0.0,66,0.0,0.08,0.0,0.0,0.51,0.0,0.0,12,0.0,0
0.0,0.0,0.0,0.0,0.0,0.0,0.0,0.0,71,0.32,0.061,0.0,0.0,0.0,0.0,0.0,11,0.0,0
0.0,0.0,0.2,0.027,0.0,0.0,0.0,3.0,423,0.1,0.0,0.0,0.0,0.1,0.1,0.0,22,0.2,0
2.14,0.0,0.0,0.0,0.23,0.0,0.23,0.23,683,0.23,0.117,0.0,0.0,0.0,0.23,0.0,160,0.0,0
0.0,0.0,0.0,0.0,0.0,0.0,3.15,4.5,130,0.0,0.123,0.0,1.8,0.0,0.0,0.0,34,0.0,0
0.0,0.0,0.0,0.0,4.0,0.0,0.0,4.0,10,0.0,0.0,0.0,0.0,0.0,0.0,0.0,4,0.0,0
0.0,0.0,0.0,0.0,0.0,0.0,0.0,0.96,1064,0.16,0.0,0.0,0.48,0.0,0.16,0.0,63,0.16,0
0.0,0.0,0.0,0.0,0.0,0.0,0.0,0.54,40,0.54,0.091,0.0,0.54,0.0,0.0,0.0,5,0.0,0
0.0,0.0,0.0,0.0,1.51,0.0,0.0,5.68,39,0.0,0.0,0.0,4.16,0.0,0.0,0.0,5,0.0,0
0.0,0.0,0.0,0.0,0.0,0.0,0.0,7.14,27,0.0,0.24,0.0,3.57,0.0,0.0,0.0,10,0.0,0
0.0,0.0,0.0,0.0,0.3,0.0,0.0,0.3,97,0.0,0.0,0.0,0.0,0.0,0.0,0.0,6,0.0,0
0.0,0.0,0.0,0.0,0.0,0.0,0.0,5.55,27,0.0,0.218,0.0,2.77,0.0,0.0,0.0,10,0.0,0
0.0,0.0,0.0,0.0,0.0,0.0,0.0,1.96,24,0.0,0.0,0.0,1.96,0.0,0.0,0.0,9,0.0,0
0.0,0.0,0.0,0.0,0.0,0.0,0.0,3.7,26,0.0,0.0,0.0,3.7,0.0,0.0,0.0,8,0.0,0
0.0,0.0,0.0,0.103,0.74,0.0,0.0,2.22,59,0.74,0.31,0.0,0.74,0.0,0.0,0.0,11,0.0,0
0.0,0.0,0.0,0.085,0.0,0.0,0.96,1.1,617,0.89,0.0,0.0,0.0,0.13,0.0,0.0,52,0.2,0
0.38,0.0,0.0,0.0,0.0,0.0,0.0,2.32,693,0.0,0.0,0.0,0.96,0.0,0.0,0.0,44,0.0,0
0.38,0.0,0.0,0.033,0.76,0.0,0.07,0.69,220,1.53,0.0,0.07,0.0,0.15,0.0,0.0,36,0.46,0
0.0,0.0,0.0,0.0,0.0,0.0,0.0,0.0,11,0.0,1.886,0.0,0.0,0.0,0.0,0.0,4,0.0,0
0.69,0.0,0.0,0.08,0.69,0.0,0.0,1.38,112,0.69,0.0,0.0,0.0,0.0,0.0,0.0,15,0.0,0
0.0,0.0,0.0,0.0,0.0,0.0,0.0,0.0,4,0.0,0.0,0.0,0.0,0.0,0.0,0.0,3,0.0,0
0.0,0.0,0.0,0.0,1.07,0.0,0.0,0.0,68,0.0,0.0,0.0,0.0,0.0,0.0,0.0,6,0.0,0
0.0,0.0,0.0,0.0,0.0,0.0,0.0,0.0,357,0.0,0.0,0.0,0.0,0.0,0.91,0.0,119,0.0,0
0.0,0.0,0.0,0.0,2.34,0.0,0.0,0.93,120,0.0,0.0,0.0,0.0,0.0,0.0,0.0,37,0.0,0
0.0,0.0,0.0,0.0,0.0,0.0,0.0,0.75,329,0.0,0.0,0.0,0.25,0.25,0.0,0.0,26,1.0,0
0.73,0.0,0.0,0.0,1.35,0.11,0.16,1.69,971,0.22,0.042,0.11,1.3,0.05,0.05,0.0,22,0.0,0
0.14,0.0,0.0,0.0,0.0,0.0,0.14,0.14,496,0.0,0.0,0.0,0.57,0.0,0.14,0.0,24,0.0,0
0.29,0.0,0.0,0.0,0.29,0.0,0.29,0.29,566,0.0,0.052,0.0,0.0,0.0,0.29,0.0,38,0.0,0
0.0,0.0,0.0,0.0,1.36,0.0,0.0,4.54,164,0.45,0.0,0.0,0.0,0.0,0.0,0.0,15,0.0,0
0.0,0.0,0.0,0.0,2.4,0.0,0.0,1.6,56,0.8,0.0,0.0,0.0,0.0,0.0,0.0,15,0.0,0
0.0,0.0,0.0,0.0,0.0,0.0,0.0,0.0,11,0.0,0.0,0.0,0.0,0.0,0.0,0.0,10,0.0,0
0.0,0.0,0.0,0.0,0.0,0.0,0.0,0.0,4,0.0,0.0,0.0,0.0,0.0,0.0,0.0,1,0.0,0
0.0,0.0,0.0,0.0,0.0,0.0,0.0,3.52,496,0.0,0.0,0.1,0.1,0.0,0.0,0.0,24,0.0,0
0.0,0.0,0.0,0.0,0.0,0.0,0.0,0.0,11,0.0,0.0,0.0,0.0,0.0,0.0,0.0,10,0.0,0
1.01,0.0,0.0,0.0,0.0,0.0,0.0,1.01,115,0.0,0.0,0.0,0.0,0.0,0.0,0.0,25,0.0,0
2.04,0.0,0.0,0.0,0.34,0.0,0.0,0.0,137,0.68,0.0,0.0,0.0,0.0,0.0,0.0,4,0.0,0
0.0,0.0,0.0,0.0,0.14,0.0,0.0,2.48,654,0.14,0.02,0.0,1.6,0.0,0.0,0.0,52,0.14,0
0.0,0.0,0.0,0.0,0.0,0.0,0.0,0.0,15,0.0,0.0,0.0,0.0,0.0,0.0,0.0,4,0.0,0
0.0,0.0,0.0,0.0,0.0,0.0,0.0,4.34,68,0.0,0.0,0.0,2.17,0.0,0.0,0.0,11,0.0,0
0.0,0.0,0.0,0.0,0.0,0.0,0.0,0.0,24,0.0,0.0,0.0,0.0,0.0,0.0,0.0,5,0.0,0
2.6,0.0,0.0,0.0,2.08,0.26,0.0,0.26,168,0.26,0.0,0.0,0.0,0.26,0.0,0.0,18,0.0,0
0.0,0.0,0.0,0.0,0.31,0.0,0.0,0.31,94,0.0,0.0,0.0,0.0,0.0,0.0,0.0,6,0.0,0
0.48,0.0,0.0,0.0,1.44,0.0,0.0,2.89,185,0.0,0.074,0.0,0.0,0.0,0.0,0.0,18,0.0,0
0.0,0.0,0.0,0.0,0.32,0.0,0.0,3.88,138,0.0,0.0,0.0,2.58,0.0,0.0,0.0,11,0.0,0
0.0,0.0,0.0,0.0,0.0,0.0,0.0,0.0,11,0.0,0.0,0.0,0.0,0.0,0.0,0.0,10,0.0,0
0.85,0.05,0.0,0.0,2.06,0.0,0.0,0.2,1026,0.3,0.073,0.0,0.0,0.15,0.0,0.0,49,0.3,0
0.0,0.0,0.0,0.0,0.0,0.0,0.0,0.0,16,0.0,0.0,0.0,0.0,0.0,0.0,0.0,3,0.0,0
2.73,0.0,0.0,0.0,2.18,0.27,0.0,0.27,166,0.0,0.0,0.0,0.0,0.27,0.0,0.0,18,0.0,0
0.07,0.01,0.0,0.005,0.03,0.01,0.09,0.0,2954,0.09,0.008,0.0,0.0,0.05,0.05,0.0,71,0.03,0
0.42,0.0,0.0,0.012,0.58,0.0,0.5,1.34,1655,0.0,0.0,0.0,0.58,0.0,0.16,0.08,104,0.0,0
1.0,0.0,0.0,0.0,5.0,0.0,0.0,0.0,22,0.0,0.17,0.0,0.0,0.0,0.0,0.0,4,0.0,0
0.0,0.0,0.0,0.0,0.0,0.0,0.0,4.7,77,0.0,0.0,0.0,2.35,0.0,0.0,0.0,16,0.0,0
0.0,0.0,0.0,0.0,0.71,0.0,0.71,4.62,206,0.0,0.0,0.0,0.0,0.35,0.0,0.0,17,0.0,0
0.0,0.0,0.0,0.0,0.0,0.0,0.0,7.14,27,0.0,0.239,0.0,3.57,0.0,0.0,0.0,10,0.0,0
0.0,0.0,0.0,0.0,0.0,0.0,0.0,4.0,29,0.0,0.0,0.0,2.0,0.0,0.0,0.0,10,0.0,0
2.76,0.0,0.0,0.121,2.76,0.0,0.0,0.0,142,0.0,0.202,0.0,0.0,0.23,0.0,0.69,7,0.0,0
0.0,0.0,0.0,0.0,0.0,0.0,0.0,0.0,15,0.0,0.0,0.0,0.0,0.0,0.0,0.0,7,1.78,0
0.0,0.0,0.0,0.0,0.0,0.0,0.0,0.0,84,0.0,0.0,0.0,0.0,0.0,0.0,0.0,16,0.0,0
1.72,0.0,0.0,0.0,3.44,0.0,0.0,0.0,35,0.0,0.0,0.0,1.72,0.0,0.0,0.0,5,0.0,0
1.16,0.0,0.0,0.0,1.16,0.0,0.0,0.0,71,0.0,0.148,0.0,0.0,0.0,0.0,0.0,18,0.0,0
0.0,0.0,0.0,0.0,0.0,0.0,0.0,1.36,53,0.0,0.0,0.0,1.36,0.0,0.0,0.0,17,0.0,0
0.0,0.0,0.0,0.0,0.0,0.0,0.0,0.0,76,0.0,0.0,0.0,0.0,0.0,0.0,0.0,21,0.0,0
1.77,0.0,0.0,0.313,1.77,0.0,0.0,0.0,129,0.0,0.313,0.0,0.0,0.0,0.59,0.0,66,0.0,0
0.0,0.0,0.0,0.0,0.57,0.0,1.15,2.31,72,0.0,0.0,0.0,0.0,0.57,0.0,0.0,5,0.0,0
0.0,0.0,0.0,0.0,0.0,0.0,0.0,3.34,536,0.0,0.0,0.0,2.3,0.0,0.62,0.0,108,0.0,0
0.0,0.0,0.0,0.0,0.0,0.0,0.0,0.0,158,0.0,0.125,0.0,0.0,0.0,0.0,0.0,27,0.0,0
0.25,0.0,0.5,0.0,1.25,0.0,0.0,0.0,98,0.0,0.045,0.0,0.0,0.25,0.0,0.0,5,0.25,0
0.16,0.0,0.0,0.016,0.22,0.0,0.0,0.62,875,0.16,0.0,0.0,0.67,0.11,0.62,0.0,45,0.0,0
0.35,0.0,0.0,0.0,0.71,0.0,0.0,0.0,110,0.35,0.372,0.0,0.0,0.71,0.0,0.0,12,0.0,0
2.31,0.0,0.25,0.0,2.05,0.25,0.0,0.0,146,0.25,0.413,0.25,0.0,0.0,0.0,0.0,13,0.0,0
0.0,0.0,0.0,0.0,0.0,0.0,0.0,0.0,24,0.0,0.214,0.0,0.0,0.0,0.0,0.0,4,0.0,0
1.38,0.0,0.0,0.0,1.38,0.0,0.0,1.38,45,0.0,0.448,0.0,1.38,0.0,0.0,0.0,12,0.0,0
0.0,0.0,0.0,0.0,0.0,0.0,0.0,0.0,15,0.0,1.234,0.0,0.0,0.0,0.0,0.0,5,0.0,0
0.0,0.0,0.0,0.0,0.76,0.0,0.0,0.0,59,0.0,0.0,0.0,0.0,0.0,0.0,0.0,10,0.0,0
0.0,0.0,0.0,0.0,0.0,0.0,0.0,0.0,45,0.0,0.165,0.0,0.0,0.0,0.0,0.0,7,0.0,0
0.0,0.0,0.0,0.0,0.0,0.0,0.0,0.0,6,0.0,0.0,0.0,0.0,0.0,0.0,0.0,3,0.0,0
0.0,0.0,0.0,0.0,0.0,0.0,0.0,0.0,81,0.0,0.0,0.0,0.0,0.0,0.0,0.0,7,0.0,0
0.42,0.0,0.0,0.0,3.4,0.0,0.0,1.27,92,0.0,0.0,0.0,0.85,0.0,0.0,0.42,11,0.0,0
0.0,0.0,0.0,0.0,1.92,0.0,0.0,0.0,30,0.0,0.0,0.0,0.0,0.0,0.0,0.0,9,0.0,0
0.0,0.0,0.0,0.0,1.36,0.0,0.0,0.0,17,0.0,0.0,0.0,0.0,0.0,0.0,0.0,1,0.0,0
0.0,0.0,0.0,0.0,4.0,0.0,0.0,0.0,16,0.0,0.724,0.0,0.0,0.0,0.0,0.0,8,0.0,0
1.4,0.0,0.0,0.0,1.4,0.0,0.7,0.0,378,0.0,0.0,0.0,0.0,0.0,0.0,0.0,200,0.0,0
0.14,0.0,0.0,0.0,0.0,0.0,0.14,0.14,462,0.0,0.0,0.0,0.57,0.0,0.14,0.0,13,0.0,0
0.0,0.13,0.0,0.052,0.0,0.0,0.13,1.69,446,0.26,0.0,0.0,0.0,0.0,0.13,0.0,20,0.65,0
0.0,0.0,0.0,0.0,0.0,0.0,0.0,0.0,38,0.0,0.0,0.0,0.0,0.0,0.0,0.0,4,0.0,0
0.33,0.0,0.0,0.0,1.01,0.0,0.0,0.0,74,0.0,0.0,0.0,0.0,0.0,0.0,0.0,13,0.0,0
0.42,0.0,0.0,0.0,0.42,0.0,0.0,1.28,69,0.0,0.151,0.0,2.57,0.0,0.0,0.0,9,0.0,0
0.0,0.0,0.0,0.0,0.0,0.0,0.0,3.92,59,0.0,0.0,0.0,1.96,0.0,0.0,0.0,11,0.0,0
0.0,0.0,0.0,0.0,0.0,0.0,0.48,0.96,88,0.0,0.0,0.0,1.93,0.0,0.0,0.0,7,0.0,0
0.0,0.0,0.0,0.0,1.66,0.0,0.0,3.33,46,0.0,0.167,0.0,1.66,0.0,0.0,0.0,10,0.0,0
0.0,0.0,0.0,0.0,0.81,0.0,0.0,2.45,47,0.0,0.0,0.0,2.45,0.0,0.0,0.0,11,0.0,0
0.0,0.0,0.0,0.0,1.07,0.0,0.0,5.37,104,0.0,0.0,0.0,1.07,0.0,0.0,0.0,13,0.0,0
0.46,0.0,0.0,0.028,0.52,0.0,0.0,2.57,836,0.06,0.047,0.0,0.92,0.06,0.0,0.0,23,0.0,0
0.0,0.0,0.0,0.0,2.56,0.0,0.0,0.0,34,0.0,0.0,0.0,0.0,0.0,0.0,0.0,7,0.0,0
0.38,0.0,0.0,0.0,1.33,0.0,0.0,0.19,388,0.0,0.03,0.38,0.0,0.0,0.0,0.0,12,0.0,0
0.0,0.0,0.0,0.0,0.0,0.0,0.0,9.09,31,0.0,0.0,0.0,4.54,0.0,0.0,0.0,11,0.0,0
0.0,0.0,0.0,0.0,0.0,0.0,0.0,0.0,4,0.0,0.0,0.0,0.0,0.0,0.0,0.0,1,0.0,0
0.0,0.0,0.0,0.0,2.43,0.0,0.0,0.0,12,2.43,0.0,0.0,0.0,0.0,0.0,0.0,3,0.0,0
0.0,0.0,0.0,0.0,0.0,0.0,0.0,0.0,66,0.0,0.0,0.0,0.0,0.0,0.0,0.0,6,0.0,0
0.0,0.0,0.0,0.0,0.0,0.0,0.0,0.0,93,0.0,0.0,0.0,0.0,0.0,0.0,0.0,28,0.0,0
1.56,0.0,0.0,0.0,0.67,0.0,0.44,0.44,693,0.67,0.134,0.0,0.0,0.0,0.22,0.0,121,0.0,0
0.0,0.0,0.0,0.0,0.0,0.0,0.0,2.0,15,0.0,0.161,0.0,0.0,0.0,0.0,0.0,3,0.0,0
0.0,0.0,0.0,0.094,0.69,0.0,0.0,2.08,60,0.69,0.284,0.0,0.69,0.0,0.0,0.0,11,0.0,0
0.26,0.0,0.0,0.036,0.52,0.0,0.0,0.65,481,0.13,0.0,0.0,0.79,0.0,1.18,0.0,32,0.0,0
0.08,0.0,0.0,0.011,0.17,0.0,0.04,0.39,1583,0.04,0.0,0.0,0.44,0.0,0.44,0.0,64,0.0,0
1.72,0.0,0.0,0.0,2.87,0.0,0.0,0.28,156,0.86,0.0,0.28,0.28,0.0,0.0,0.0,15,0.0,0
0.14,0.0,0.0,0.013,0.19,0.0,0.0,0.62,1463,0.04,0.0,0.0,0.66,0.0,0.66,0.0,85,0.0,0
0.0,0.0,0.0,0.0,0.0,0.0,0.0,0.0,25,1.14,0.0,0.0,0.0,0.0,0.0,0.0,3,0.0,0
0.0,0.0,0.0,0.0,0.0,0.0,0.0,0.0,24,3.22,0.0,0.0,0.0,0.0,0.0,0.0,11,0.0,0
0.0,0.1,0.0,0.013,0.0,0.0,0.2,4.5,562,0.0,0.0,0.0,0.1,0.0,0.0,0.0,26,0.1,0
0.0,0.0,0.0,0.0,1.94,0.0,0.0,0.97,195,0.0,0.0,0.0,0.97,0.0,0.0,0.0,75,0.0,0
0.0,0.0,0.0,0.0,0.0,0.0,0.0,0.0,60,0.0,0.0,0.0,0.0,0.0,0.0,0.0,8,0.0,0
1.62,0.0,0.0,0.0,1.62,0.0,0.0,0.81,129,0.81,0.37,0.0,0.0,0.0,0.0,0.0,69,0.0,0
0.0,0.0,0.0,0.0,0.0,0.0,0.0,15.38,35,0.0,0.0,0.0,7.69,0.0,0.0,0.0,17,0.0,0
0.81,0.0,0.0,0.0,1.08,0.0,0.0,0.81,517,0.0,0.0,0.0,0.81,0.0,0.27,0.0,76,0.0,0
0.0,0.0,0.0,0.0,4.49,0.0,0.0,1.12,32,0.0,0.111,0.0,0.0,0.56,0.0,0.0,4,0.0,0
1.09,0.0,0.0,0.126,0.72,0.0,0.0,0.0,123,0.0,0.063,0.0,0.0,0.0,0.0,0.72,35,0.0,0
0.0,0.0,0.0,0.0,2.38,0.0,0.0,2.38,12,0.0,0.0,0.0,0.0,0.0,0.0,0.0,2,0.0,0
0.0,0.0,0.0,0.0,0.0,0.0,0.0,16.66,20,0.0,0.0,0.0,0.0,0.0,0.0,0.0,17,0.0,0
0.27,0.0,0.0,0.0,0.54,0.0,0.0,9.83,675,0.0,0.0,0.0,0.81,0.0,0.0,0.0,20,0.0,0
0.0,0.0,0.0,0.0,0.0,0.0,0.0,0.0,13,0.0,0.0,0.0,0.0,0.0,0.0,0.0,6,0.0,0
0.0,0.0,0.0,0.0,0.42,0.0,0.0,0.0,167,0.0,0.0,0.0,0.0,0.0,0.0,0.0,7,0.0,0
0.0,0.0,0.0,0.0,0.0,0.0,0.0,0.0,9,0.0,0.0,0.0,0.0,0.0,0.0,0.0,2,0.0,0
0.87,0.0,0.0,0.0,1.75,0.0,0.0,0.87,44,1.75,0.0,0.0,0.87,0.0,0.0,0.0,12,0.0,0
0.0,0.0,0.0,0.365,0.0,0.0,0.0,0.48,187,0.0,0.0,0.0,1.93,0.0,0.0,0.0,10,0.0,0
0.0,0.0,0.0,0.0,1.02,0.0,0.0,0.0,36,0.0,0.176,0.0,0.0,0.0,0.0,0.0,3,0.0,0
0.0,0.0,0.0,0.0,0.0,0.0,0.0,1.81,104,0.0,0.0,0.0,0.45,0.0,0.0,0.0,5,0.0,0
0.0,0.0,0.0,0.0,0.0,0.0,0.0,0.0,12,0.0,0.0,0.0,0.0,0.0,0.0,0.0,3,0.0,0
0.0,0.0,0.0,0.0,0.76,0.0,0.0,0.76,79,0.76,0.127,0.0,0.0,0.0,0.0,0.0,11,0.0,0
1.23,0.0,0.0,0.0,2.46,0.0,0.0,0.0,14,2.46,0.0,0.0,0.0,0.0,0.0,0.0,3,0.0,0
0.0,0.0,0.0,0.0,0.0,0.0,0.0,0.92,143,0.0,0.0,0.0,0.92,0.69,0.23,0.0,13,0.0,0
0.0,0.0,0.0,0.0,1.04,0.0,0.0,1.04,55,0.0,0.179,0.0,0.0,0.0,0.0,0.0,13,0.0,0
0.0,0.0,0.0,0.0,0.0,0.0,0.0,0.0,17,0.0,0.0,0.0,0.0,0.0,0.0,0.0,6,0.0,0
1.02,0.0,0.0,0.142,1.02,0.0,0.0,0.0,65,0.0,0.0,0.0,0.0,0.0,0.0,0.0,10,0.0,0
0.0,0.0,0.0,0.0,0.0,0.0,0.0,0.0,8,0.0,0.0,0.0,0.0,0.0,0.0,0.0,4,0.0,0
0.46,0.0,0.0,0.0,5.11,0.0,0.0,0.93,86,0.0,0.065,0.0,1.39,0.0,0.0,0.0,13,0.0,0
0.0,0.0,0.0,0.0,0.58,0.0,0.0,1.76,146,0.58,0.0,0.0,1.17,0.0,0.0,0.0,13,0.0,0
0.0,0.0,0.0,0.0,0.0,0.0,0.0,0.0,161,0.0,0.0,0.0,0.0,0.0,0.0,0.0,33,0.0,0
0.51,0.0,0.0,0.0,0.51,0.0,0.0,3.06,216,0.0,0.0,0.0,2.04,0.0,0.0,0.0,37,0.0,0
0.85,0.0,0.0,0.0,0.0,0.0,0.0,0.0,31,1.7,0.0,0.0,0.85,0.0,0.0,0.0,5,0.0,0
0.52,0.0,0.0,0.0,0.52,0.0,0.0,1.58,158,0.52,0.0,0.0,1.05,0.0,0.0,0.0,13,0.0,0
0.0,0.0,0.0,0.0,1.19,0.0,0.0,2.77,141,0.39,0.0,0.0,1.98,0.0,0.0,0.0,13,0.0,0
0.0,0.0,0.0,0.0,2.58,0.0,0.86,1.72,43,0.0,0.141,0.0,0.0,0.0,0.0,0.0,8,0.86,0
0.0,0.0,0.0,0.0,0.0,0.0,0.0,1.75,183,0.0,0.0,0.0,1.16,0.0,0.0,0.58,11,0.0,0
2.06,0.0,0.0,0.0,1.03,1.72,0.0,0.0,194,0.0,0.0,0.34,0.0,0.0,0.0,0.0,107,0.34,0
0.0,0.0,0.0,0.0,0.0,0.58,0.0,0.0,1506,0.0,0.0,0.0,0.0,0.0,0.0,0.0,1488,0.0,0
0.61,0.0,0.0,0.0,1.38,0.0,0.0,1.38,305,0.0,0.0,0.0,0.3,0.0,0.0,0.0,13,0.0,0
0.29,0.0,0.0,0.0,0.29,0.0,0.29,0.0,611,0.29,0.376,0.0,0.0,0.0,0.29,0.0,157,0.0,0
0.0,0.0,0.0,0.0,0.86,0.0,0.0,0.86,142,0.0,0.0,0.0,0.43,0.0,0.43,0.0,15,0.0,0
0.55,0.0,0.0,0.0,1.11,0.0,0.0,2.77,167,0.0,0.0,0.0,2.22,0.0,0.0,0.0,13,0.0,0
0.0,0.0,0.0,0.0,0.0,0.0,0.0,1.49,36,0.0,0.0,0.0,1.49,0.0,0.0,0.0,8,0.0,0
0.0,0.0,0.0,0.0,0.0,0.0,0.89,1.79,95,0.44,0.0,0.0,0.0,0.44,0.0,0.0,13,0.0,0
0.6,0.0,0.0,0.129,0.6,0.0,0.0,0.0,196,0.0,0.0,0.0,0.3,0.0,0.0,0.0,31,0.0,0
0.0,0.0,0.0,0.0,0.0,0.0,0.0,0.0,15,0.0,0.0,0.0,0.0,0.0,0.0,0.0,3,0.0,0
0.71,0.0,0.0,0.0,1.42,0.0,0.0,0.0,84,0.0,0.0,0.0,0.0,0.0,0.0,0.0,4,0.0,0
0.0,0.0,0.0,0.0,1.85,0.0,0.0,0.0,19,1.85,0.0,0.0,0.0,0.0,0.0,0.0,1,0.0,0
0.0,0.0,0.0,0.0,1.61,0.0,0.0,1.61,15,0.0,0.0,0.0,0.0,0.0,0.0,0.0,2,0.0,0
0.65,0.0,0.0,0.0,0.0,0.0,0.0,0.0,162,0.0,0.0,0.0,0.0,0.0,0.0,0.0,28,0.0,0
0.36,0.0,0.0,0.0,1.1,0.0,0.0,0.36,172,0.36,0.0,0.36,0.36,0.0,0.36,0.0,45,0.0,0
0.0,0.0,0.0,0.0,0.0,0.0,0.0,0.0,82,0.83,0.0,0.0,0.41,0.41,0.0,0.0,5,0.83,0
0.0,0.0,0.0,0.0,1.57,0.0,0.0,0.0,16,0.0,0.0,0.0,0.0,0.0,0.0,0.0,1,0.0,0
0.87,0.0,0.0,0.0,0.0,0.0,0.0,1.75,75,0.87,0.0,0.0,0.87,0.0,0.0,0.0,15,0.0,0
0.0,0.0,0.0,0.0,0.0,0.0,0.0,0.0,6,0.0,0.0,0.0,0.0,0.0,0.0,0.0,1,0.0,0
0.0,0.0,0.0,0.0,0.0,0.0,0.0,0.0,88,0.0,0.0,0.0,0.0,0.0,0.0,0.0,26,0.0,0
0.0,0.0,0.0,0.0,0.0,0.0,0.0,0.0,72,0.0,0.0,0.0,0.0,0.0,0.0,0.0,13,0.0,0
0.0,0.0,0.0,0.0,0.0,0.0,0.0,2.22,21,0.0,0.0,0.0,2.22,0.0,0.0,0.0,5,0.0,0
0.56,0.0,0.0,0.0,1.4,0.0,0.0,3.37,207,0.0,0.0,0.0,1.4,0.0,0.0,0.0,15,0.0,0
0.0,0.0,0.0,0.0,0.0,0.0,0.0,0.0,236,0.0,0.0,0.0,0.0,0.0,0.0,0.0,28,0.0,0
0.0,0.0,0.0,0.0,0.0,0.0,0.0,2.66,39,0.0,0.144,0.0,1.33,0.0,0.0,0.0,10,0.0,0
0.7,0.0,0.0,0.0,2.1,0.0,0.0,2.8,145,0.35,0.0,0.0,1.05,0.0,0.0,0.0,13,0.0,0
0.0,0.0,0.0,0.141,1.03,0.0,0.0,0.51,413,0.0,0.0,0.0,0.0,0.0,1.55,0.0,104,0.0,0
3.18,0.0,0.0,0.0,0.0,0.0,0.0,0.45,159,0.0,0.0,0.0,0.0,0.0,0.0,0.0,53,0.0,0
0.0,0.0,0.0,0.0,1.14,0.0,0.0,2.29,82,0.0,0.0,0.0,1.14,0.0,0.0,0.0,15,0.0,0
1.08,0.0,0.0,0.0,1.08,0.0,0.0,0.0,24,0.0,0.0,0.0,0.0,0.0,0.0,0.0,4,0.0,0
0.0,0.0,0.0,0.015,0.1,0.0,0.0,0.1,527,0.1,0.0,0.1,0.0,0.1,0.0,0.0,18,0.4,0
0.0,0.0,0.0,0.0,0.67,0.0,0.0,4.05,128,0.67,0.0,0.0,4.05,0.0,0.0,0.0,24,0.0,0
0.0,0.0,0.0,0.0,0.0,0.0,0.0,0.9,129,0.0,0.0,0.0,0.9,0.0,0.0,0.0,22,0.0,0
0.0,0.0,0.0,0.0,1.19,0.0,0.0,1.19,68,0.0,0.0,0.0,1.19,0.0,0.0,0.0,11,0.0,0
0.0,0.0,0.0,0.0,0.0,0.0,0.0,0.0,85,0.34,0.0,0.0,0.0,0.0,0.0,0.0,7,0.0,0
0.0,0.0,0.0,0.0,0.32,0.0,0.0,0.32,262,0.0,0.0,0.0,0.32,0.32,0.0,0.0,87,0.64,0
3.7,0.0,0.0,0.0,1.85,0.0,0.0,1.85,62,0.0,0.318,0.0,0.0,0.0,0.0,0.0,15,0.0,0
0.76,0.0,0.0,0.0,0.0,0.0,0.0,0.0,148,0.0,0.0,0.0,0.0,0.0,0.0,0.0,28,0.0,0
0.0,0.0,0.0,0.0,3.84,0.0,0.0,0.0,6,0.0,0.0,0.0,0.0,0.0,0.0,0.0,1,0.0,0
3.33,0.0,0.0,0.0,2.22,0.0,0.0,2.22,63,0.0,0.176,0.0,1.11,0.0,0.0,0.0,12,0.0,0
0.0,0.0,0.0,0.0,0.0,0.0,0.0,7.14,36,0.0,0.0,0.0,3.57,0.0,0.0,0.0,11,0.0,0
4.44,0.0,0.0,0.0,4.44,0.0,0.0,0.0,8,0.0,0.383,0.0,0.0,0.0,0.0,0.0,3,0.0,0
0.0,0.0,0.0,0.0,0.0,0.0,0.0,0.0,5,0.0,0.0,0.0,0.0,0.0,0.0,0.0,1,0.0,0
0.33,0.0,0.0,0.05,0.66,0.0,0.0,5.66,248,0.0,0.05,0.0,2.66,0.0,0.0,0.0,15,0.0,0
0.0,0.0,0.0,0.0,0.4,0.0,0.0,2.61,308,0.2,0.0,0.0,1.2,0.0,0.0,0.0,24,0.0,0
4.16,0.0,0.0,0.0,2.08,0.0,0.0,0.0,13,0.0,0.0,0.0,0.0,0.0,0.0,0.0,3,0.0,0
0.0,0.0,0.0,0.0,1.31,0.0,0.0,2.63,71,0.0,0.0,0.0,2.63,0.0,0.0,0.0,12,0.0,0
0.88,0.0,0.0,0.047,0.66,0.0,0.0,1.76,876,0.0,0.023,0.0,0.0,0.0,0.66,0.0,161,0.0,0
0.0,0.0,0.0,0.141,1.03,0.0,0.0,0.51,413,0.0,0.0,0.0,0.0,0.0,1.55,0.0,104,0.0,0
0.68,0.0,0.0,0.0,1.36,0.0,0.0,2.38,250,0.0,0.0,0.0,1.7,0.0,0.34,0.0,13,0.0,0
0.0,0.0,0.0,0.0,0.0,0.0,0.0,0.0,293,0.0,0.0,0.0,0.0,0.0,0.0,0.0,28,0.0,0
0.0,0.0,0.0,0.0,0.0,0.0,0.0,0.0,16,4.54,0.0,0.0,0.0,0.0,0.0,0.0,5,0.0,0
0.0,0.0,0.0,0.0,0.0,0.0,0.0,0.0,10,0.0,0.0,0.0,0.0,0.0,0.0,0.0,3,0.0,0
0.0,0.0,0.0,0.0,0.0,0.0,0.0,2.8,86,0.0,0.0,0.0,1.86,0.0,0.0,0.0,13,0.0,0
0.0,0.0,0.0,0.0,0.0,0.0,0.0,0.0,286,0.0,0.0,0.0,0.0,0.0,0.0,0.0,28,0.0,0
0.0,0.0,0.0,0.0,4.16,0.0,0.0,0.0,13,0.0,0.74,0.0,0.0,0.0,0.0,0.0,6,0.0,0
2.27,0.0,0.0,0.0,0.0,0.0,0.0,0.0,20,0.0,0.0,0.0,0.0,0.0,0.0,0.0,2,0.0,0
0.0,0.0,0.0,0.0,0.0,0.0,0.0,0.0,11,0.0,0.0,0.0,0.0,0.0,0.0,0.0,4,0.0,0
1.33,0.0,0.0,0.0,2.0,0.0,0.0,0.66,86,0.0,0.0,0.0,0.66,0.0,0.66,0.0,11,0.0,0
0.0,0.0,0.0,0.0,0.0,0.0,0.0,2.04,110,0.0,0.0,0.0,1.02,0.0,0.0,0.0,13,0.0,0
0.34,0.0,0.0,0.055,0.68,0.0,0.0,5.86,244,0.0,0.055,0.0,2.75,0.0,0.0,0.0,15,0.0,0
0.0,0.0,0.0,0.0,1.92,0.0,0.0,0.0,44,0.0,0.26,0.0,0.0,0.0,0.0,0.0,10,0.0,0
0.0,0.0,0.0,0.0,3.84,0.0,0.0,0.0,19,0.0,0.0,0.0,0.0,0.0,0.0,0.0,5,0.0,0
2.38,0.0,0.0,0.0,0.0,0.0,0.0,2.38,57,0.0,0.374,0.0,0.0,0.0,0.0,0.0,15,0.0,0
0.0,0.0,0.0,0.0,0.0,0.0,0.0,0.0,49,0.0,0.213,0.0,0.0,0.0,0.0,0.0,6,0.0,0
0.0,0.0,0.0,0.0,0.0,0.0,0.0,0.0,26,0.0,0.0,0.0,0.0,0.0,0.0,0.0,9,0.0,0
0.0,0.0,0.0,0.0,0.0,0.0,0.0,0.0,43,0.0,0.0,0.0,0.0,0.0,0.0,0.0,8,0.0,0
0.6,0.25,0.0,0.038,0.94,0.08,0.0,1.89,605,0.17,0.051,0.08,0.43,0.0,0.08,0.0,24,0.17,0
2.1,0.0,0.0,0.0,4.21,0.0,0.0,1.05,61,1.05,0.0,0.0,1.05,0.0,0.0,0.0,12,0.0,0
0.0,0.0,0.0,0.0,0.0,0.0,0.0,1.79,174,0.59,0.0,0.0,1.49,0.0,0.0,0.0,24,0.0,0
0.54,0.0,0.0,0.0,1.36,0.0,1.64,0.27,85,0.0,0.045,0.0,0.0,0.0,0.27,0.0,8,0.0,0
0.8,0.0,0.0,0.0,0.8,0.0,0.0,0.8,24,0.0,0.139,0.0,0.0,0.8,0.0,0.0,5,0.0,0
1.69,0.0,0.0,0.0,1.69,0.0,0.0,0.0,19,1.69,0.552,0.0,0.0,0.0,0.0,0.0,4,0.0,0
0.0,0.0,0.0,0.0,0.0,0.0,0.0,9.62,172,0.0,0.0,0.0,0.0,0.0,0.0,0.0,15,0.0,0
0.46,0.0,0.0,0.075,0.93,0.0,0.0,4.2,139,0.0,0.075,0.0,2.8,0.0,0.0,0.0,12,0.0,0
0.0,0.0,0.0,0.0,0.0,0.0,0.35,1.06,213,1.41,0.0,0.0,1.06,0.0,0.0,0.0,24,0.0,0
0.0,0.0,0.0,0.0,2.94,0.0,0.0,0.0,5,0.0,0.0,0.0,0.0,2.94,0.0,0.0,1,0.0,0
0.0,0.0,0.0,0.0,5.47,0.68,0.0,0.68,22,0.0,0.0,0.0,0.0,0.0,0.0,0.0,3,0.0,0
0.0,0.0,0.0,0.0,1.77,0.0,0.0,0.59,85,0.59,0.107,0.0,0.59,0.0,0.0,0.0,11,0.0,0
1.67,0.0,0.0,0.0,2.79,0.0,0.0,0.0,39,0.0,0.0,0.0,0.0,0.0,0.0,0.0,4,0.0,0
0.0,0.0,0.0,0.0,0.0,0.0,0.0,0.0,19,0.0,0.0,0.0,0.0,0.0,0.0,0.0,5,0.0,0
1.81,0.0,0.0,0.0,7.27,0.0,0.0,0.0,9,0.0,0.0,0.0,0.0,0.0,1.81,0.0,2,0.0,0
0.16,0.0,0.16,0.0,0.0,0.0,0.16,3.0,758,0.83,0.02,0.0,0.83,0.0,0.16,0.0,28,0.0,0
0.33,0.0,0.0,0.0,2.65,0.0,0.0,1.99,134,0.0,0.051,0.0,0.0,0.66,0.0,0.0,28,0.0,0
0.0,0.0,0.0,0.0,0.0,0.0,0.08,0.08,935,0.0,0.0,0.0,0.08,0.0,0.0,0.0,18,0.08,0
0.0,0.0,0.0,0.0,0.2,0.0,0.1,0.0,263,0.6,0.0,0.0,0.0,0.2,0.1,0.0,10,0.0,0
0.85,0.0,0.0,0.0,1.7,0.0,0.0,0.85,43,0.0,0.0,0.0,0.0,0.0,0.0,0.0,4,0.0,0
0.0,0.0,0.0,0.0,0.0,0.0,0.0,0.0,5,0.0,0.0,0.0,0.0,0.0,0.0,0.0,2,0.0,0
0.23,0.0,0.0,0.0,0.0,0.0,0.23,0.23,480,0.92,0.026,0.0,0.0,0.0,0.23,0.0,23,0.0,0
0.0,0.0,0.0,0.0,0.16,0.0,0.25,2.68,557,0.08,0.0,0.0,0.0,0.0,0.0,0.0,24,0.16,0
0.0,0.0,0.0,0.0,1.62,0.0,0.0,1.62,155,0.0,0.0,0.0,1.08,0.0,0.0,0.0,13,0.0,0
0.0,0.0,0.0,0.0,0.0,0.0,0.0,0.0,20,0.0,0.5,0.0,0.0,0.0,0.0,0.0,8,0.0,0
0.0,0.0,0.0,0.0,0.0,0.0,0.0,16.66,26,0.0,0.0,0.0,0.0,0.0,0.0,0.0,16,0.0,0
0.0,0.0,0.0,0.0,0.0,0.0,0.0,3.84,69,0.0,0.0,0.0,3.84,0.0,0.0,0.0,17,0.0,0
0.0,0.0,0.0,0.0,0.0,0.0,0.0,3.84,69,0.0,0.0,0.0,3.84,0.0,0.0,0.0,17,0.0,0
0.0,0.0,0.0,0.0,0.0,0.0,0.0,0.0,38,0.0,0.0,0.0,0.0,0.0,0.0,0.0,8,0.0,0
0.0,0.0,0.0,0.0,0.0,0.0,0.0,0.0,7,0.0,0.0,0.0,0.0,0.0,0.0,0.0,1,0.0,0
0.69,0.0,0.0,0.0,0.0,0.0,0.23,0.46,666,0.46,0.09,0.0,0.0,0.0,0.23,0.0,121,0.0,0
0.0,0.0,0.0,0.0,0.0,0.0,0.0,0.0,5,0.0,0.0,0.0,0.0,0.0,0.0,0.0,1,0.0,0
0.0,0.0,0.0,0.0,0.0,0.0,0.0,0.0,13,0.0,0.0,0.0,0.0,0.0,0.0,0.0,11,0.0,0
0.0,0.0,0.0,0.0,1.16,0.0,0.0,0.0,16,0.0,1.458,0.0,0.0,0.0,0.0,0.0,2,0.0,0
0.08,0.0,0.0,0.0,0.08,0.0,0.08,0.16,2026,0.08,0.0,0.0,0.0,0.0,0.0,0.0,60,0.0,0
0.19,0.0,0.0,0.026,0.38,0.0,0.0,0.58,726,0.0,0.0,0.0,0.68,0.09,0.87,0.0,48,0.09,0
0.0,0.36,0.0,0.1,0.09,0.0,0.55,3.48,510,0.09,0.0,0.0,0.0,0.0,0.0,0.09,22,0.55,0
0.15,0.0,0.0,0.015,0.31,0.0,0.0,0.78,1150,0.05,0.0,0.0,0.83,0.05,0.52,0.0,38,0.0,0
0.0,0.0,0.0,0.163,0.99,0.0,0.0,0.49,1116,0.24,0.0,0.0,0.0,0.0,0.0,0.0,235,0.24,0
0.59,0.0,0.0,0.0,0.0,0.0,0.29,0.59,618,0.59,0.078,0.0,0.0,0.0,0.29,0.0,121,0.0,0
0.46,0.0,0.0,0.0,1.38,0.0,0.0,1.84,162,0.0,0.0,0.0,1.38,0.0,0.0,0.0,34,0.0,0
1.35,0.0,0.0,0.072,1.12,0.0,0.0,2.03,347,0.45,0.072,0.45,0.0,0.0,0.0,0.0,38,0.0,0
2.31,0.33,0.16,0.076,2.8,0.99,0.0,0.0,364,1.15,0.076,0.0,0.0,0.33,0.0,0.0,37,0.0,0
0.0,0.0,0.0,0.0,0.0,0.0,0.0,0.0,14,0.0,0.0,0.0,4.76,0.0,0.0,0.0,4,0.0,0
1.06,0.0,0.0,0.0,1.06,0.0,0.0,2.13,353,0.88,0.026,0.0,1.06,0.0,0.0,0.0,34,0.0,0
0.0,0.0,0.0,0.0,0.0,0.0,0.0,0.0,5,0.0,0.0,0.0,0.0,0.0,0.0,0.0,2,0.0,0
0.0,0.0,0.0,0.0,0.39,0.0,0.0,0.0,55,0.0,0.0,0.0,0.0,0.0,0.0,0.0,8,0.79,0
0.07,0.0,0.0,0.01,1.54,0.07,0.81,0.95,243,1.62,0.0,0.0,0.0,0.0,0.0,0.0,51,0.0,0
0.0,0.0,0.0,0.0,0.0,0.0,0.0,1.05,75,0.0,0.0,0.0,1.05,0.0,0.0,0.0,11,0.0,0
0.0,0.0,0.0,0.0,0.0,0.0,0.0,1.72,78,0.0,0.294,0.0,1.72,0.0,0.0,0.0,11,0.0,0
0.0,0.0,0.0,0.0,1.56,0.0,0.0,0.78,44,0.0,0.041,0.0,0.26,0.0,0.0,0.0,4,0.0,0
1.82,0.0,0.0,0.0,1.21,0.0,0.0,0.3,120,0.91,0.044,0.0,0.3,0.0,0.0,0.0,22,0.0,0
0.81,0.0,0.0,0.0,0.81,0.0,0.0,0.0,47,0.0,0.285,0.0,0.0,0.0,0.0,0.0,7,0.0,0
0.46,0.0,0.0,0.0,1.99,0.0,0.0,0.92,347,0.15,0.0,0.0,0.15,0.0,0.0,0.0,28,0.0,0
1.69,0.0,0.0,0.0,1.69,0.0,0.0,0.0,63,0.0,0.0,0.0,0.0,0.0,0.0,0.0,13,0.0,0
0.0,0.0,0.0,0.0,1.29,0.0,0.0,1.29,39,0.0,0.0,0.0,1.29,0.0,0.0,0.0,8,0.0,0
0.0,0.0,0.0,0.0,0.0,0.0,0.0,0.0,133,0.0,0.0,0.0,0.0,0.0,0.0,0.0,28,0.0,0
0.0,0.0,3.07,0.0,3.07,0.0,0.0,0.0,45,0.0,0.251,0.0,0.0,0.0,0.0,0.0,12,0.0,0
0.0,0.0,0.0,0.0,1.04,0.0,0.0,0.0,17,0.0,0.0,0.0,0.0,0.0,0.0,0.0,1,0.0,0
0.0,0.0,0.0,0.0,0.0,0.0,0.6,0.0,45,0.0,0.0,0.0,0.0,0.0,0.0,0.0,4,0.0,0
0.0,0.0,0.0,0.0,0.0,0.0,0.0,3.57,17,0.0,0.0,0.0,3.57,0.0,0.0,0.0,3,0.0,0
0.0,0.0,0.0,0.0,0.0,0.0,0.0,0.0,1399,0.0,0.0,0.0,0.0,0.0,0.0,0.0,28,0.0,0
0.0,0.0,0.0,0.0,0.0,0.0,0.0,0.32,262,0.0,0.0,0.0,0.32,0.32,0.0,0.0,87,0.65,0
0.0,0.0,0.0,0.0,0.0,0.0,0.0,2.54,182,0.0,0.123,0.0,2.54,0.0,0.0,0.0,34,0.0,0
0.0,0.0,0.0,0.0,0.0,0.0,0.0,1.66,77,0.0,0.0,0.0,1.66,0.0,0.0,0.0,22,0.0,0
0.0,0.0,0.0,0.0,0.0,0.0,0.0,0.0,8,0.0,0.0,0.0,0.0,0.0,0.0,0.0,3,0.0,0
0.0,0.0,0.0,0.0,0.0,0.0,0.0,0.0,10,0.0,0.0,0.0,0.0,0.0,0.0,0.0,3,0.0,0
0.0,0.0,0.0,0.136,1.56,0.78,0.0,0.78,76,0.78,0.0,0.0,0.78,0.0,0.78,0.0,11,0.0,0
0.0,0.0,0.0,0.0,0.0,0.0,0.0,0.0,4,0.0,0.0,0.0,0.0,0.0,0.0,0.0,1,0.0,0
0.94,0.0,0.0,0.0,1.42,0.0,0.0,0.47,88,0.0,0.0,0.0,0.47,0.0,0.0,0.0,17,0.0,0
0.0,0.0,0.0,0.0,1.85,0.0,0.0,3.7,48,0.0,0.0,0.0,1.85,0.0,0.0,0.0,11,0.0,0
0.0,0.0,0.0,0.0,0.0,0.0,0.0,0.0,16,4.76,0.0,0.0,0.0,0.0,0.0,0.0,3,0.0,0
0.0,0.0,0.0,0.0,0.0,0.0,0.0,5.71,10,0.0,0.0,0.0,2.85,0.0,0.0,0.0,2,0.0,0
0.0,0.0,0.0,0.0,0.0,0.0,0.0,2.22,68,0.0,0.0,0.0,0.0,0.0,0.0,0.0,20,0.0,0
0.45,0.0,0.0,0.0,0.82,0.0,0.82,1.37,192,0.91,0.0,0.0,0.09,0.18,0.0,0.0,4,0.0,0
0.0,0.0,0.0,0.0,0.0,0.0,0.0,1.96,51,0.0,0.0,0.0,3.92,0.0,0.0,0.0,25,0.0,0
0.0,0.0,0.0,0.0,0.0,0.0,0.0,11.11,5,0.0,0.0,0.0,0.0,0.0,0.0,0.0,1,0.0,0
0.0,0.0,0.0,0.0,0.0,0.0,0.0,4.34,34,0.0,1.798,0.0,10.86,0.0,0.0,0.0,13,0.0,0
0.0,0.0,0.0,0.0,0.0,0.0,0.0,8.69,150,0.0,0.0,0.0,0.0,0.0,0.0,0.0,28,0.0,0
0.0,0.0,0.0,0.023,0.0,0.08,0.0,2.68,436,0.8,0.0,0.0,0.0,0.08,0.0,0.0,57,0.26,0
0.0,0.0,0.0,0.0,3.84,0.0,0.0,0.0,21,0.0,0.0,0.0,0.0,0.0,0.0,0.0,13,0.0,0
0.0,0.0,0.0,0.0,0.0,0.0,0.0,2.79,52,0.0,0.0,0.0,0.0,0.0,0.0,0.0,4,0.0,0
0.0,0.0,0.0,0.0,0.0,0.0,0.0,0.0,53,0.0,0.0,0.0,0.0,0.0,0.0,0.0,12,0.82,0
0.63,0.0,0.31,0.0,0.63,0.0,0.0,0.0,259,0.31,0.0,0.31,0.0,0.0,0.31,0.0,46,0.0,0
0.0,0.0,0.0,0.028,0.0,0.0,0.93,4.3,881,0.14,0.0,0.14,0.0,0.0,0.0,0.0,24,0.43,0
0.0,0.0,0.0,0.0,4.37,0.0,0.0,1.45,37,0.0,0.0,0.0,0.0,0.0,0.0,0.0,9,0.0,0
2.63,0.0,0.32,0.0,0.98,0.0,0.0,0.0,338,0.0,0.0,0.0,0.0,0.0,0.32,0.0,118,0.0,0
0.0,0.0,0.0,0.0,0.9,0.0,0.0,1.81,47,0.0,0.225,0.9,1.81,0.0,0.0,0.0,10,0.0,0
0.0,0.0,0.0,0.0,0.0,0.0,0.0,0.0,27,0.0,0.0,0.0,0.0,0.0,0.0,0.0,14,0.0,0
2.7,0.0,0.0,0.0,0.0,0.0,0.0,0.0,60,0.0,0.432,0.0,0.0,0.0,0.0,0.0,16,0.0,0
0.0,0.0,0.0,0.0,0.05,0.0,0.05,0.3,1620,0.0,0.0,0.0,0.2,0.0,0.0,0.0,87,0.2,0
1.21,0.0,0.0,0.0,0.6,0.0,0.0,3.63,186,0.0,0.0,0.0,1.21,0.0,0.6,0.0,52,0.0,0
0.0,0.0,0.0,0.0,1.49,0.0,0.0,4.47,87,0.0,0.102,0.0,2.23,0.0,0.0,0.0,10,0.0,0
0.0,0.0,0.0,0.0,1.83,0.0,0.0,1.83,68,0.0,0.116,0.0,0.91,0.0,0.0,0.0,10,0.0,0
0.0,0.0,0.0,0.0,0.0,0.0,0.0,1.71,111,0.57,0.0,0.0,0.57,0.0,0.0,0.0,12,0.0,0
0.67,0.0,0.0,0.0,0.0,0.0,0.22,0.67,749,0.45,0.063,0.0,0.0,0.0,0.22,0.0,121,0.0,0
0.0,0.0,0.0,0.0,0.0,0.0,0.0,0.0,7,0.0,0.0,0.0,0.0,0.0,0.0,0.0,3,0.0,0
0.63,0.08,0.0,0.051,0.88,0.0,0.08,1.9,1263,0.12,0.044,0.0,0.5,0.0,0.08,0.0,27,0.29,0
0.74,0.0,0.0,0.0,0.0,0.0,0.24,0.49,622,0.49,0.069,0.0,0.0,0.0,0.24,0.0,121,0.0,0
0.0,0.0,0.0,0.0,0.0,0.0,0.51,1.03,92,0.51,0.0,0.0,0.51,0.0,0.0,0.0,6,0.0,0
0.0,0.0,0.0,0.0,0.0,0.0,0.0,0.0,22,0.0,0.0,0.0,0.0,0.75,0.0,0.0,8,0.0,0
3.0,0.0,0.0,0.0,6.5,0.0,0.0,0.0,51,1.5,0.145,0.5,0.0,0.0,0.0,0.0,14,0.0,0
0.0,0.0,0.0,0.0,0.0,0.0,0.0,0.0,167,0.0,0.102,0.0,0.0,0.0,0.0,0.0,26,0.0,0
0.0,0.0,0.0,0.0,0.29,0.0,0.0,0.0,180,0.0,0.044,0.0,0.0,0.0,0.0,0.0,10,0.0,0
0.0,0.0,0.0,0.0,0.0,0.0,0.0,0.0,11,0.0,0.0,0.0,0.0,0.0,0.0,0.0,2,0.0,0
0.03,0.01,0.0,0.0,0.07,0.11,0.53,0.0,3027,0.13,0.002,0.03,0.0,0.01,0.01,0.0,58,0.0,0
1.19,0.0,0.0,0.0,2.38,0.0,0.0,1.19,142,0.0,0.0,0.0,1.19,0.0,0.0,0.0,55,0.0,0
0.0,0.0,0.0,0.0,0.0,0.0,0.0,0.0,3,0.0,0.0,0.0,0.0,0.0,0.0,0.0,1,0.0,0
0.0,0.0,0.0,0.0,3.14,0.0,0.0,0.0,90,0.0,0.087,0.0,0.0,0.0,0.0,0.0,13,0.0,0
0.29,0.0,0.0,0.0,0.0,0.0,0.14,0.44,680,0.0,0.0,0.0,0.0,0.0,0.0,0.0,46,0.0,0
0.0,0.0,0.0,0.0,0.0,0.0,0.0,0.0,1,0.0,0.0,0.0,0.0,0.0,0.0,0.0,1,0.0,0
0.0,0.0,0.0,0.0,0.0,0.0,0.0,0.0,17,0.0,0.0,0.0,0.0,0.0,0.0,0.0,5,0.0,0
0.0,0.0,0.0,0.0,1.72,0.0,0.0,0.0,55,0.0,0.25,0.0,0.0,0.0,0.0,0.0,9,0.0,0
0.0,0.0,0.0,0.0,0.0,0.0,0.0,0.0,7,0.0,0.0,0.0,0.0,0.0,0.0,0.0,3,0.0,0
0.0,0.0,0.0,0.0,0.0,0.0,0.0,1.72,110,0.57,0.0,0.0,0.57,0.0,0.0,0.0,12,0.0,0
0.0,0.0,0.0,0.0,0.0,0.0,0.0,0.0,16,0.0,0.0,0.0,0.0,0.0,0.0,0.0,5,0.0,0
1.98,0.0,0.0,0.0,2.97,0.99,0.0,0.99,36,0.0,0.262,0.0,0.99,0.0,0.0,0.0,14,0.0,0
0.0,0.0,0.0,0.0,0.0,0.0,0.0,0.0,25,0.0,0.0,0.0,0.0,0.0,0.0,0.0,7,0.0,0
0.0,0.0,0.0,0.0,0.0,0.0,0.0,8.33,4,0.0,0.0,0.0,8.33,0.0,0.0,0.0,2,0.0,0
2.18,0.0,0.0,0.0,1.45,0.0,0.0,1.45,74,0.0,0.0,0.0,0.72,0.0,0.0,0.0,12,0.0,0
2.35,0.0,0.0,0.0,1.17,0.0,0.0,1.17,81,0.0,0.0,0.0,0.58,0.0,0.0,0.0,12,0.0,0
0.73,0.0,0.0,0.0,3.67,0.0,0.0,1.47,76,0.0,0.0,0.0,0.73,0.0,0.0,0.0,12,0.0,0
0.0,0.0,0.0,0.0,1.41,0.0,0.0,0.0,39,0.0,0.0,0.0,0.0,0.0,0.0,0.0,6,0.0,0
2.5,0.0,0.0,0.0,2.5,0.0,0.0,0.0,11,0.0,0.0,0.0,0.0,0.0,0.0,0.0,3,0.0,0
0.52,0.0,0.0,0.0,2.09,0.0,0.0,2.09,151,0.52,0.309,0.0,2.61,0.0,0.0,0.0,34,0.0,0
0.0,0.0,0.0,0.0,0.66,0.0,0.0,2.0,127,0.0,0.104,0.0,2.66,0.0,0.0,0.0,17,0.0,0
0.0,0.0,0.0,0.0,2.59,0.0,0.0,2.59,27,0.0,0.0,0.0,2.59,0.0,0.0,0.0,4,0.0,0
0.0,0.0,0.0,0.0,0.0,0.0,0.0,0.0,3,0.0,0.0,0.0,0.0,0.0,0.0,0.0,1,0.0,0
0.0,0.0,0.0,0.0,0.0,0.0,0.0,0.0,348,0.0,0.0,0.0,0.0,0.0,0.0,0.0,14,0.0,0
0.0,0.0,0.0,0.0,0.0,0.0,0.0,0.0,6,0.0,0.0,0.0,0.0,0.0,0.0,0.0,1,0.0,0
0.0,0.0,0.0,0.0,0.0,0.0,0.0,0.0,4,0.0,0.0,0.0,0.0,0.0,0.0,0.0,1,0.0,0
0.4,0.0,0.0,0.0,0.0,0.0,0.0,13.93,593,0.0,0.0,0.0,0.81,0.0,0.0,0.0,20,0.0,0
0.5,0.0,0.0,0.0,2.01,0.0,0.0,4.02,109,0.0,0.0,0.0,2.01,0.0,0.0,0.0,12,0.0,0
0.75,0.0,0.0,0.0,2.63,0.0,0.0,0.0,86,0.0,0.0,0.0,0.0,0.0,0.0,0.0,5,0.0,0
0.57,0.0,0.0,0.0,1.15,0.0,0.0,0.28,24,1.73,0.103,0.0,0.0,0.0,0.0,0.0,4,0.0,0
0.0,0.0,0.0,0.0,0.0,0.0,0.0,0.0,11,0.0,0.0,0.0,0.0,0.0,0.0,0.0,2,0.0,0
0.0,0.0,0.0,0.0,0.0,0.0,0.0,0.0,13,0.0,0.0,0.0,0.0,0.0,0.0,0.0,6,0.0,0
0.0,0.0,0.0,0.0,0.0,0.0,0.0,0.0,9,0.0,0.0,0.0,0.0,0.0,0.0,0.0,2,0.0,0
0.0,0.0,0.0,0.0,0.0,0.0,0.0,3.96,121,0.0,0.239,0.0,2.97,0.0,0.0,0.0,13,0.0,0
0.54,0.0,0.0,0.0,0.81,0.0,0.27,0.27,517,0.0,0.0,0.0,0.0,0.0,0.27,0.0,31,0.0,0
0.0,0.0,0.0,0.0,0.0,0.0,0.0,12.5,26,0.0,1.123,0.0,0.0,0.0,0.0,0.0,16,0.0,0
0.0,0.0,0.0,0.0,0.96,0.0,0.0,2.88,147,0.0,0.138,0.0,0.96,0.0,0.0,0.0,11,0.0,0
0.0,0.0,0.0,0.0,0.0,0.0,0.0,0.0,4,0.0,0.0,0.0,0.0,0.0,0.0,0.0,1,0.0,0
0.0,0.0,0.0,0.0,0.0,0.0,0.0,2.32,187,0.0,0.0,0.0,2.32,0.0,0.0,0.0,75,0.0,0
0.43,0.0,0.0,0.0,1.08,0.0,0.0,0.43,344,0.0,0.0,0.0,0.43,0.21,0.0,0.0,75,0.0,0
0.0,0.0,0.0,0.0,2.8,0.93,0.0,0.0,62,0.93,0.0,0.0,0.93,0.0,0.0,0.0,5,0.0,0
0.85,0.0,0.0,0.124,4.25,0.0,0.0,0.42,78,0.0,0.0,0.0,0.0,0.0,0.0,0.0,18,0.0,0
0.0,0.11,0.0,0.078,0.0,0.0,0.11,3.45,508,0.11,0.0,0.0,0.0,0.0,0.0,0.0,28,0.11,0
1.35,0.0,0.0,0.0,6.75,0.0,0.0,0.0,44,0.0,0.0,0.0,0.0,0.0,0.0,0.0,6,0.0,0
0.0,0.0,0.0,0.0,2.39,0.0,0.0,5.57,246,0.0,0.0,0.0,1.59,0.0,0.0,0.0,57,0.0,0
0.0,0.0,0.0,0.0,1.69,0.0,0.0,0.46,415,0.3,0.0,0.15,0.15,0.0,0.15,0.0,58,0.15,0
0.0,0.0,0.0,0.0,1.08,0.0,0.0,7.6,92,0.0,0.0,0.0,2.17,0.0,0.0,0.0,13,0.0,0
1.23,0.0,0.0,0.0,1.23,0.0,0.0,0.0,75,0.0,0.0,0.0,0.0,0.0,0.0,0.0,10,0.0,0
0.0,0.0,0.0,0.0,1.2,0.0,0.0,0.0,55,0.0,0.0,0.0,0.0,0.0,0.0,0.0,22,0.0,0
0.0,0.0,0.0,0.0,2.35,0.0,0.0,1.17,61,0.0,0.203,0.0,0.0,0.0,0.0,0.0,15,0.0,0
0.0,0.0,0.0,0.0,4.16,0.0,0.0,0.0,18,0.0,0.0,0.0,0.0,0.0,0.0,0.0,4,0.0,0
0.0,0.0,0.0,0.0,0.0,1.85,0.0,0.0,35,1.85,0.0,0.0,0.0,0.0,0.0,0.0,7,0.0,0
0.0,0.0,0.0,0.0,0.0,0.0,0.0,0.0,386,0.0,0.0,0.0,0.0,0.0,0.0,0.0,69,0.0,0
0.0,0.0,0.0,0.0,0.0,0.0,0.0,0.0,14,0.0,2.272,0.0,0.0,0.0,0.0,0.0,7,0.0,0
0.0,0.0,0.0,0.0,0.0,0.0,1.24,3.17,322,0.0,0.0,0.0,0.0,0.0,0.0,0.0,23,0.13,0
0.0,0.0,0.0,0.0,0.0,0.0,0.0,0.0,59,0.0,0.0,0.0,0.0,0.0,0.0,0.0,7,0.0,0
0.0,0.0,0.0,0.058,0.0,0.0,0.48,0.96,79,0.0,0.0,0.0,0.0,0.0,0.0,0.0,9,0.0,0
0.0,0.0,0.0,0.0,2.04,0.0,0.0,0.0,56,0.0,0.286,0.0,0.0,0.0,0.0,0.0,17,0.0,0
0.0,0.0,0.0,0.0,0.0,0.0,0.0,3.79,53,0.0,0.147,0.0,2.53,0.0,0.0,0.0,10,0.0,0
0.0,0.0,0.0,0.0,0.42,0.0,0.0,0.0,294,0.42,0.0,0.0,0.0,0.0,0.0,0.0,5,0.0,0
0.0,0.0,0.0,0.0,1.88,0.0,0.0,0.0,51,0.0,0.277,0.0,0.0,0.0,0.0,0.0,17,0.0,0
0.0,0.0,0.0,0.0,0.0,0.0,0.0,0.0,219,0.0,0.0,0.0,0.0,0.0,0.0,0.0,14,0.0,0
0.0,0.0,0.0,0.0,0.0,0.0,0.0,0.0,250,0.0,0.0,0.0,0.0,0.0,0.0,0.0,34,0.31,0
0.0,0.0,0.0,0.0,8.33,0.0,0.0,0.0,2,0.0,0.0,0.0,0.0,0.0,0.0,0.0,1,0.0,0
1.38,0.0,0.0,0.0,1.38,1.38,0.0,2.77,42,0.0,0.0,0.0,1.38,0.0,0.0,0.0,11,0.0,0
2.5,0.0,0.0,0.0,2.5,0.0,0.0,0.0,17,0.0,0.0,0.0,0.0,0.0,0.0,0.0,3,0.0,0
0.0,0.29,0.0,0.026,0.29,0.0,0.49,2.74,481,0.09,0.0,0.0,0.0,0.0,0.0,0.0,18,0.39,0
0.0,0.0,0.0,0.033,1.57,0.0,0.0,0.44,203,0.44,0.033,0.0,0.22,0.0,0.0,0.0,12,0.22,0
0.0,0.0,0.0,0.0,0.0,0.0,0.0,0.0,55,0.0,0.0,0.0,0.0,0.0,0.0,0.0,7,0.0,0
0.0,0.0,0.0,0.0,0.0,0.0,0.0,0.0,5,0.0,0.0,0.0,0.0,0.0,0.0,0.0,1,0.0,0
0.98,0.09,0.0,0.0,1.77,0.09,0.39,1.57,593,0.19,0.068,0.09,0.78,0.0,0.09,0.0,25,0.0,0
0.0,0.0,0.0,0.0,0.0,0.0,0.0,0.0,59,0.0,0.055,0.0,0.0,0.0,0.0,0.0,6,0.0,0
1.36,0.0,0.0,0.0,2.28,0.0,0.0,0.45,87,0.0,0.486,0.0,0.0,0.45,0.0,0.0,31,0.0,0
0.0,0.0,0.0,0.0,1.52,0.0,0.0,0.0,24,0.0,0.0,0.0,0.0,0.0,0.0,0.0,5,0.0,0
2.21,0.0,0.22,0.146,2.88,0.0,0.0,0.0,224,0.44,0.073,1.1,0.0,0.0,0.0,0.0,22,0.0,0
0.0,0.0,0.0,0.0,0.0,0.0,0.0,0.0,27,0.0,0.0,0.0,0.0,0.0,0.0,0.0,4,0.0,0
0.0,0.0,0.0,0.029,0.92,0.0,0.0,0.0,387,0.37,0.029,0.0,0.0,0.0,0.0,0.0,24,0.18,0
0.57,0.05,0.0,0.03,1.15,0.0,0.0,0.52,1134,0.4,0.053,0.0,0.0,0.11,0.0,0.0,49,0.4,0
0.0,0.0,0.0,0.0,0.0,0.0,0.0,3.73,46,0.93,0.0,0.0,0.0,0.0,0.0,0.0,7,0.0,0
0.0,0.0,0.0,0.0,0.0,0.0,0.0,3.06,122,0.0,0.0,0.0,4.08,0.0,0.0,0.0,12,0.0,0
0.0,0.0,0.0,0.0,0.0,0.0,0.0,0.0,80,0.0,0.0,0.0,0.0,0.0,0.0,0.0,7,0.0,0
0.0,0.0,0.0,0.0,2.56,0.0,0.0,0.0,35,0.0,0.331,0.0,0.0,0.0,0.0,0.0,6,0.0,0
0.0,0.0,0.0,0.0,0.0,0.0,1.78,1.78,43,0.0,0.0,0.0,1.78,0.0,0.0,0.0,11,0.0,0
0.0,0.0,0.0,0.0,0.0,0.0,0.0,0.0,64,0.0,0.0,0.0,0.0,0.0,0.0,0.0,7,0.0,0
0.0,0.0,0.0,0.0,0.0,0.0,0.0,0.19,204,0.0,0.0,0.0,0.0,0.0,0.0,0.0,9,0.0,0
0.0,0.0,0.0,0.0,0.0,0.0,0.0,8.33,30,0.0,0.0,0.0,4.16,0.0,0.0,0.0,11,0.0,0
0.0,0.0,0.0,0.0,0.0,0.0,0.0,0.0,57,0.0,0.0,0.0,0.0,0.0,0.0,0.0,7,0.0,0
0.0,0.0,0.0,0.0,0.0,0.0,0.0,0.0,59,0.0,0.0,0.0,0.0,0.0,0.0,0.0,7,0.0,0
0.0,0.0,0.0,0.0,0.0,0.0,0.0,0.0,4,0.0,0.0,0.0,0.0,0.0,0.0,0.0,1,0.0,0
0.0,0.0,0.0,0.0,0.0,0.0,0.0,0.0,80,0.0,0.0,0.0,0.0,0.0,0.0,0.0,7,0.0,0
0.0,0.0,0.0,0.0,0.0,0.0,0.0,0.0,9,0.0,0.0,0.0,0.0,0.0,0.0,0.0,4,0.0,0
1.65,0.0,0.0,0.052,1.65,0.0,0.0,0.55,393,0.0,0.0,0.0,0.0,0.0,0.55,0.0,97,0.0,0
0.58,0.0,0.0,0.0,0.58,0.0,0.0,3.51,373,0.0,0.0,0.0,2.34,0.0,0.0,0.0,37,0.0,0
8.0,0.0,0.0,0.0,2.0,0.0,0.0,0.0,53,0.0,0.0,2.0,0.0,0.0,0.0,0.0,29,0.0,0
0.0,0.0,0.0,0.0,1.58,0.0,0.0,0.79,43,0.0,0.149,0.0,0.79,0.0,0.0,0.0,10,0.0,0
0.0,0.0,0.0,0.0,3.33,0.0,0.0,0.0,11,0.0,0.0,0.0,0.0,0.0,0.0,0.0,4,0.0,0
0.33,0.0,0.0,0.0,0.33,0.33,0.0,0.99,125,0.33,0.0,0.0,0.33,0.0,0.0,0.0,19,0.0,0
0.0,0.0,0.0,0.0,0.0,0.0,0.0,0.0,14,0.0,0.0,0.0,0.0,0.0,0.0,0.0,1,0.0,0
0.49,0.0,0.0,0.117,0.49,0.0,0.0,1.72,189,0.0,0.0,0.0,1.23,0.0,0.0,0.0,13,0.0,0
0.0,0.0,0.0,0.0,0.0,0.0,0.0,8.08,96,0.0,0.0,0.0,5.88,0.0,0.0,0.0,13,0.0,0
0.31,0.0,0.0,0.0,0.62,0.0,0.0,1.56,323,0.0,0.0,0.0,0.31,0.0,0.0,0.0,12,0.0,0
0.0,0.0,0.0,0.0,3.03,0.0,0.0,0.0,42,0.0,0.0,0.0,0.0,0.0,0.0,0.0,12,0.0,0
0.24,0.0,0.0,0.034,0.49,0.0,0.0,0.61,505,0.0,0.0,0.0,0.74,0.0,1.11,0.0,32,0.0,0
0.69,0.0,0.0,0.0,0.0,0.0,0.0,0.0,157,0.0,0.0,0.0,0.0,0.0,0.0,0.0,28,0.0,0
0.0,0.0,0.0,0.0,0.0,0.0,0.0,0.0,63,0.0,0.0,0.0,0.0,0.0,0.0,0.0,4,0.0,0
0.0,0.0,0.0,0.048,0.31,0.0,0.0,2.87,261,0.31,0.0,0.0,1.27,0.0,0.0,0.0,13,0.0,0
0.16,0.0,0.0,0.0,0.48,0.0,0.0,0.81,932,0.0,0.0,0.0,0.48,0.0,0.16,0.0,50,0.16,0
0.25,0.0,0.0,0.0,0.11,0.0,0.03,0.0,1795,0.0,0.004,0.03,0.0,0.0,0.0,0.0,40,0.07,0
6.66,0.0,0.0,0.0,3.33,0.0,0.0,0.0,13,0.0,0.0,0.0,0.0,0.0,0.0,0.0,3,0.0,0
0.06,0.0,0.0,0.0,0.17,0.0,0.08,0.0,3006,0.25,0.014,0.0,0.0,0.08,0.02,0.0,46,0.08,0
0.0,0.0,0.0,0.0,0.0,0.0,0.0,1.12,479,0.0,0.0,0.0,1.3,0.18,0.0,0.0,44,0.0,0
0.0,0.0,0.0,0.0,0.0,0.0,0.0,0.0,6,0.0,0.0,0.0,0.0,0.0,0.0,0.0,4,0.0,0
0.0,0.0,0.0,0.0,3.09,0.0,0.0,1.03,25,0.0,0.0,0.0,0.0,0.0,0.0,0.0,7,0.0,0
0.65,0.0,0.0,0.0,0.56,0.0,0.37,1.86,601,0.56,0.0,0.0,0.46,0.09,0.0,0.0,25,0.0,0
1.23,0.0,0.0,0.0,1.23,0.0,0.0,2.46,66,0.0,0.279,0.0,1.23,0.0,0.0,0.0,10,0.0,0
0.57,0.0,0.0,0.0,0.57,0.0,0.0,0.57,25,0.0,0.0,0.0,0.0,0.0,0.0,0.0,3,0.0,0
0.0,0.0,0.0,0.0,2.17,0.0,0.0,0.0,46,0.0,0.0,0.0,0.0,0.0,0.0,0.0,10,0.0,0
0.0,0.0,0.0,0.0,0.0,0.0,0.0,0.0,23,0.0,0.709,0.0,0.0,0.0,0.0,0.0,6,0.0,0
0.0,0.0,0.0,0.0,1.48,0.0,0.0,0.0,122,0.0,0.0,0.0,0.74,0.0,0.0,0.0,31,0.0,0
2.88,0.96,0.0,0.381,1.44,0.48,0.48,0.0,98,0.0,0.305,0.48,0.0,0.0,0.48,0.0,9,0.0,0
2.88,0.96,0.0,0.381,1.44,0.48,0.48,0.0,98,0.0,0.305,0.48,0.0,0.0,0.48,0.0,9,0.0,0
1.78,0.0,1.78,0.0,5.35,1.78,0.0,0.0,63,0.0,0.0,0.0,0.0,0.0,0.0,0.0,35,0.0,0
0.0,0.0,0.0,0.0,5.55,0.0,0.0,0.0,2,0.0,0.0,0.0,0.0,0.0,0.0,0.0,1,0.0,0
0.47,0.0,0.0,0.0,0.95,0.0,0.0,3.34,608,0.0,0.174,0.31,0.63,0.0,0.0,0.0,100,0.0,0
0.43,0.0,0.0,0.0,1.29,0.0,0.0,0.86,55,0.0,0.146,0.0,0.0,0.0,0.0,0.0,6,0.0,0
0.12,0.12,0.0,0.0,0.37,0.0,0.12,2.51,367,0.37,0.05,0.25,0.0,0.0,0.0,0.0,25,0.12,0
0.0,0.0,0.0,0.0,0.61,0.0,0.0,5.52,151,0.0,0.0,0.0,1.22,0.0,0.0,0.0,51,0.0,0
0.0,0.0,0.0,0.0,2.59,0.0,0.0,0.0,13,1.29,0.0,0.0,0.0,0.0,0.0,0.0,1,0.0,0
0.66,0.0,0.0,0.0,0.33,0.0,0.0,4.98,431,0.0,0.306,0.0,0.0,0.0,0.0,0.0,100,0.0,0
1.6,0.0,0.0,0.0,0.26,0.0,0.0,0.26,177,0.0,0.0,0.0,0.53,0.0,0.26,0.0,12,0.0,0
0.74,0.0,0.0,0.105,1.48,0.0,1.48,2.96,69,0.0,0.0,0.0,0.0,0.0,0.0,0.0,12,0.0,0
0.04,0.0,0.0,0.0,0.09,0.0,0.0,0.04,1763,0.04,0.0,0.09,0.0,0.04,0.0,0.0,185,0.09,0
0.0,0.0,0.0,0.0,0.0,0.0,0.0,0.0,16,0.0,0.0,0.0,0.0,0.0,0.0,0.0,4,0.0,0
0.0,0.0,0.0,0.0,0.0,0.0,0.82,0.0,68,0.82,0.0,0.0,0.0,0.0,0.0,0.0,8,0.0,0
0.0,0.0,0.0,0.0,1.49,0.0,0.0,0.0,80,0.18,0.0,0.0,0.0,0.0,0.0,0.0,5,0.0,0
0.0,0.0,0.0,0.0,0.57,0.0,0.0,0.0,97,0.0,0.089,0.0,0.0,0.57,0.0,0.0,10,0.0,0
0.25,0.0,0.0,0.0,1.51,0.0,0.0,0.0,104,0.25,0.193,0.0,0.0,0.12,0.0,0.0,4,0.0,0
0.0,0.0,0.0,0.0,0.0,0.0,0.0,0.4,913,0.1,0.0,0.0,0.1,0.0,0.0,0.0,18,0.0,0
0.0,0.0,0.0,0.0,0.0,0.0,0.0,0.0,30,1.38,0.0,0.0,0.0,0.0,0.0,0.0,4,0.0,0
1.53,0.0,0.0,0.0,2.3,0.0,0.0,0.0,67,0.0,0.0,0.0,0.0,0.0,0.0,0.0,5,0.0,0
1.35,0.0,0.0,0.087,0.67,0.0,0.0,0.67,110,0.0,0.0,0.0,0.0,0.0,0.0,0.0,24,0.0,0
0.0,0.0,0.0,0.095,0.7,0.0,0.0,0.0,103,0.0,0.0,0.0,0.0,0.0,0.0,0.0,11,0.0,0
0.0,0.0,0.0,0.0,0.0,0.0,0.0,9.09,60,0.0,0.0,0.0,2.27,0.0,0.0,0.0,11,0.0,0
0.0,0.0,0.0,0.0,1.48,0.0,0.0,0.0,114,0.0,0.0,0.0,0.74,0.0,0.0,0.0,23,0.0,0
0.24,0.0,0.0,0.034,0.49,0.0,0.0,0.62,535,0.0,0.0,0.0,0.74,0.0,1.12,0.0,41,0.0,0
0.16,0.0,0.0,0.033,0.32,0.08,0.0,0.49,628,0.0,0.0,0.0,0.57,0.0,0.82,0.0,32,0.0,0
0.0,0.0,0.0,0.0,0.0,0.0,0.0,0.0,23,0.0,0.0,0.0,0.0,0.0,0.0,0.0,5,0.0,0
0.18,0.0,0.0,0.017,0.25,0.06,0.0,0.63,815,0.0,0.0,0.0,0.69,0.06,0.56,0.0,47,0.0,0
0.0,0.0,0.49,0.0,0.0,0.0,0.0,3.48,331,0.0,0.0,0.0,2.48,0.0,0.0,0.0,42,0.99,0
0.0,0.0,0.49,0.0,0.0,0.0,0.0,3.48,331,0.0,0.0,0.0,2.48,0.0,0.0,0.0,42,0.99,0
0.0,0.0,0.0,0.0,0.0,0.0,0.0,0.0,6,0.0,0.0,0.0,0.0,0.0,0.0,0.0,3,0.0,0
0.0,0.0,0.0,0.0,1.24,0.0,0.0,0.0,62,0.0,0.0,0.0,0.0,0.0,0.0,0.0,12,0.0,0
0.0,0.0,0.0,0.0,0.0,0.0,0.0,1.11,36,0.0,0.0,0.0,1.11,0.0,0.0,0.0,4,0.0,0
0.0,0.0,0.0,0.0,1.61,0.0,0.0,0.0,31,0.0,0.0,0.0,0.0,0.0,0.0,0.0,3,0.0,0
1.38,0.0,0.0,0.0,1.38,1.38,0.0,0.0,126,0.0,2.378,0.0,0.0,0.0,0.0,0.0,37,0.0,0
0.0,0.0,0.0,0.0,0.0,0.0,0.0,0.0,17,0.0,0.442,0.0,0.0,0.0,0.0,0.0,10,0.0,0
0.73,0.0,0.0,0.0,1.47,0.0,0.0,0.0,53,0.0,0.0,0.0,0.73,0.0,0.0,0.0,5,0.0,0
0.0,0.0,0.0,0.022,0.0,0.0,0.78,3.05,540,0.0,0.0,0.08,0.0,0.08,0.0,0.0,24,0.0,0
0.0,0.0,0.0,0.0,3.7,0.0,0.0,0.0,27,0.0,0.371,0.0,7.4,0.0,0.0,0.0,8,0.0,0
0.0,0.0,0.0,0.0,1.75,0.0,0.0,1.75,81,0.0,0.107,0.0,0.87,0.0,0.0,0.0,11,0.0,0
0.15,0.07,0.0,0.005,0.13,0.03,0.05,0.0,3168,0.09,0.002,0.0,0.0,0.03,0.03,0.0,107,0.03,0
0.0,0.0,0.0,0.0,0.0,0.0,0.0,0.0,3,0.0,1.086,0.0,0.0,0.0,0.0,0.0,1,0.0,0
2.27,0.0,0.0,0.0,1.13,0.0,0.0,0.0,42,0.0,0.0,0.0,0.0,0.0,0.0,0.0,5,0.0,0
0.0,0.0,0.0,0.0,0.73,0.0,0.0,0.0,40,1.47,0.0,0.0,0.0,0.0,0.0,0.0,4,0.0,0
0.0,0.0,0.0,0.0,4.83,0.0,0.0,0.0,23,0.0,0.0,0.0,0.0,0.0,1.61,0.0,8,0.0,0
1.31,0.0,0.0,0.0,5.26,0.0,0.0,1.31,19,0.0,0.0,0.0,0.0,0.0,0.0,0.0,3,0.0,0
0.0,0.0,0.0,0.0,0.0,0.0,0.0,0.0,139,0.0,0.0,0.0,0.0,0.0,0.0,0.0,7,0.0,0
0.44,0.0,0.0,0.0,1.32,0.0,0.0,1.76,133,0.44,0.0,0.0,1.32,0.0,0.0,0.0,13,0.0,0
0.0,0.0,0.0,0.0,0.0,0.0,0.0,0.0,24,1.75,0.955,0.0,0.0,0.0,0.0,0.0,5,0.0,0
0.0,0.0,0.0,0.0,0.0,0.0,0.0,0.47,53,0.0,0.0,0.0,0.0,0.0,0.0,0.0,4,0.0,0
0.0,0.0,0.0,0.0,4.34,0.0,0.0,0.0,28,0.0,0.558,0.0,0.0,0.0,0.0,0.0,7,0.0,0
0.0,0.0,0.0,0.0,0.0,0.0,0.0,0.0,9,0.0,0.0,0.0,0.0,0.0,0.0,0.0,5,0.0,0
0.9,0.0,0.0,0.0,1.8,0.0,0.0,0.0,31,0.9,0.0,0.0,0.0,0.0,0.0,0.0,8,0.0,0
0.0,0.0,0.0,0.0,4.16,0.0,0.0,2.77,64,0.0,0.355,0.0,2.77,0.0,0.0,0.0,12,0.0,0
0.0,0.0,0.0,0.0,1.93,0.0,0.48,0.96,55,0.96,0.0,0.0,0.96,0.0,0.0,0.0,5,0.0,0
0.11,0.0,0.0,0.0,0.44,0.0,0.0,0.11,395,0.22,0.0,0.11,0.11,0.11,0.0,0.0,11,0.0,0
1.62,0.0,0.0,0.0,0.27,0.0,0.0,0.27,167,0.0,0.0,0.0,0.54,0.0,0.27,0.0,12,0.0,0
0.0,0.0,0.0,0.0,0.0,0.0,0.0,2.22,148,0.0,0.0,0.0,0.74,0.0,0.0,0.0,53,0.0,0
0.0,0.0,0.0,0.0,0.0,0.0,0.0,0.18,212,0.0,0.0,0.0,0.0,0.0,0.0,0.0,9,0.0,0
0.0,0.0,0.0,0.0,4.34,0.0,0.0,0.0,15,0.0,0.787,0.0,0.0,0.0,0.0,0.0,7,0.0,0
0.0,0.0,0.0,0.0,0.0,0.0,0.0,0.0,38,0.0,0.0,0.0,0.0,0.0,0.0,0.0,8,0.0,0
0.0,0.0,0.0,0.0,4.16,0.0,0.0,0.0,13,4.16,0.689,0.0,0.0,0.0,0.0,0.0,4,0.0,0
0.0,0.0,0.0,0.0,1.43,0.0,0.0,0.0,41,1.43,0.0,0.0,0.0,0.0,0.0,0.0,5,0.0,0
0.77,0.0,0.0,0.0,1.55,0.0,0.0,0.0,79,0.77,0.196,0.0,0.0,0.0,0.0,0.77,10,0.0,0
1.53,0.0,0.0,0.0,0.0,0.0,0.0,0.0,26,3.07,0.0,0.0,0.0,0.0,0.0,0.0,4,0.0,0
2.64,0.0,0.0,0.265,1.76,0.0,0.0,0.29,208,0.29,0.113,0.29,0.29,0.0,3.23,0.0,16,0.29,0
0.0,0.0,0.0,0.0,1.72,0.0,0.0,0.0,33,0.0,0.0,0.0,0.0,0.0,0.0,0.0,8,0.0,0
0.0,0.0,0.0,0.0,0.0,0.0,0.0,14.28,25,0.0,0.0,0.0,0.0,0.0,0.0,0.0,14,0.0,0
0.0,0.0,0.0,0.0,0.0,0.0,0.0,1.85,67,0.0,0.0,0.61,0.0,0.0,0.0,0.0,6,0.0,0
0.0,0.0,0.0,0.036,0.0,0.0,0.0,0.26,307,0.0,0.0,0.26,0.0,0.0,0.0,0.0,11,0.0,0
0.0,0.0,0.0,0.0,0.0,0.0,0.0,0.0,428,0.0,0.0,0.0,0.0,0.0,0.0,0.0,6,0.0,0
0.0,0.0,0.0,0.0,0.0,0.0,0.0,3.29,53,0.0,0.0,0.0,2.19,0.0,0.0,0.0,10,0.0,0
0.0,0.0,0.0,0.0,0.0,0.0,0.0,0.0,16,0.0,0.386,0.0,0.0,0.0,0.0,0.0,4,0.0,0
0.0,0.0,0.0,0.0,0.0,0.0,0.0,3.41,171,0.0,0.078,0.0,0.97,0.0,0.0,0.0,16,0.0,0
0.0,0.08,0.0,0.011,0.0,0.0,0.0,3.54,566,0.17,0.0,0.0,0.0,0.0,0.08,0.0,25,0.08,0
0.0,0.0,0.0,0.0,0.0,0.0,0.0,2.25,63,0.0,0.0,0.0,1.5,0.0,0.0,0.0,10,0.0,0
0.0,0.0,0.0,0.0,2.56,0.0,0.0,0.0,27,0.0,0.473,0.0,0.0,0.0,0.0,0.0,15,0.0,0
0.0,0.0,0.0,0.0,2.02,0.0,0.0,0.0,67,0.0,0.376,0.0,0.0,0.0,0.0,0.0,15,0.0,0
0.0,0.0,0.0,0.0,4.25,0.0,0.0,0.0,25,1.06,0.186,0.0,0.0,0.0,0.0,0.0,4,0.0,0
1.09,0.0,0.0,0.0,2.18,0.0,0.0,1.09,65,0.54,0.0,0.54,0.54,0.0,0.0,0.0,16,0.0,0
0.0,0.0,0.0,0.0,2.19,0.0,0.0,0.0,53,0.0,0.0,0.0,0.0,0.0,0.0,0.0,11,0.0,0
4.16,0.0,0.0,0.0,0.0,0.0,0.0,0.0,29,0.0,0.68,0.0,0.0,0.0,0.0,0.0,18,0.0,0
0.0,0.0,0.0,0.0,1.12,0.0,0.0,0.0,153,0.0,0.181,0.0,0.0,0.0,0.0,0.0,34,0.56,0
0.0,0.0,0.0,0.0,0.0,0.0,0.0,0.0,13,0.0,0.0,0.0,0.0,0.0,0.0,0.0,4,0.0,0
0.0,0.0,0.0,0.0,3.77,0.0,0.0,0.0,28,0.0,0.366,0.0,0.0,0.0,0.0,0.0,15,0.0,0
0.0,0.0,0.0,0.0,3.24,0.0,0.0,0.0,36,0.0,0.114,0.0,0.0,0.0,0.0,0.0,17,0.0,0
0.39,0.0,0.0,0.0,0.39,0.0,0.0,3.14,249,0.78,0.129,0.0,0.39,0.39,0.0,0.0,16,0.0,0
1.08,0.21,0.0,0.046,1.62,0.21,0.1,2.05,1026,0.0,0.062,0.05,0.48,0.1,0.0,0.05,32,0.0,0
1.23,0.25,0.0,0.055,1.74,0.19,0.12,2.26,897,0.0,0.064,0.0,0.38,0.12,0.0,0.06,25,0.0,0
0.97,0.0,0.0,0.0,0.97,0.0,0.0,1.94,89,0.0,0.0,0.0,0.97,0.0,0.0,0.0,15,0.0,0
0.0,0.0,0.0,0.0,0.85,0.0,0.0,0.0,89,1.36,0.0,0.0,0.0,0.0,0.0,0.0,3,0.0,0
0.0,0.0,0.0,0.0,0.0,0.0,0.0,0.0,17,0.0,0.0,0.0,0.0,0.0,0.0,0.0,5,0.0,0
0.0,0.0,0.0,0.0,0.0,0.0,0.0,2.23,140,0.0,0.0,0.0,0.74,0.0,0.0,0.0,45,0.0,0
0.0,0.0,0.0,0.0,0.0,0.0,0.0,20.0,26,0.0,0.0,0.0,0.0,0.0,0.0,0.0,17,0.0,0
0.0,0.0,0.0,0.0,0.0,0.0,0.0,0.96,90,1.92,0.0,0.0,0.96,0.0,0.0,0.0,14,0.0,0
1.35,0.0,0.0,0.0,0.45,0.0,0.0,1.35,161,0.0,0.0,0.0,1.35,0.0,0.0,0.0,12,0.0,0
0.36,0.0,0.0,0.0,1.28,0.36,0.0,0.36,270,0.73,0.055,0.0,1.28,0.0,0.0,0.0,51,0.0,0
1.03,0.0,0.0,0.0,1.03,0.0,0.0,0.0,41,1.03,0.37,0.0,0.0,0.0,0.0,0.0,11,0.0,0
0.0,0.0,0.0,0.0,0.72,0.0,0.0,0.0,38,0.0,0.0,0.0,0.0,0.0,0.0,0.0,6,0.0,0
0.0,0.0,0.0,0.0,0.82,0.0,0.0,4.13,126,0.82,0.24,0.0,2.47,0.0,0.0,0.0,34,0.0,0
0.34,0.0,0.0,0.0,0.34,0.0,0.0,0.34,188,0.34,0.0,0.0,0.69,0.0,0.0,0.0,14,0.0,0
0.0,0.0,0.0,0.0,1.78,0.0,0.0,0.0,68,0.0,0.24,0.0,0.0,0.0,0.0,0.0,12,0.0,0
0.0,0.0,0.0,0.0,1.78,0.0,0.0,1.78,30,0.0,0.0,0.0,1.78,0.0,0.0,0.0,9,0.0,0
0.9,0.0,0.0,0.0,0.0,0.0,0.0,0.0,125,0.0,0.0,0.0,0.0,0.0,0.0,0.0,28,0.0,0
0.0,0.0,0.0,0.0,0.0,0.0,0.0,5.34,140,0.0,0.0,0.0,1.52,0.0,2.29,0.0,52,0.0,0
0.0,0.0,0.0,0.0,6.45,0.0,0.0,0.0,18,0.0,0.0,0.0,0.0,0.0,0.0,0.0,4,0.0,0
0.0,0.0,0.0,0.0,2.91,0.0,0.0,0.0,59,0.0,0.166,0.0,0.0,0.0,0.0,0.0,11,0.0,0
0.0,0.0,0.46,0.0,0.46,0.0,0.0,0.46,150,0.0,0.163,0.0,0.0,0.0,0.0,0.0,13,0.0,0
0.54,0.0,0.0,0.0,1.63,0.0,0.0,0.0,14,0.54,0.0,0.0,0.0,0.54,0.0,0.0,1,0.0,0
0.0,0.07,0.0,0.0,0.14,0.0,0.63,3.03,855,0.14,0.0,0.0,0.0,0.07,0.0,0.0,26,0.0,0
0.0,0.0,0.0,0.0,0.0,0.0,0.0,0.0,21,5.0,0.0,0.0,0.0,0.0,0.0,0.0,9,0.0,0
0.0,0.0,0.0,0.0,0.0,0.0,0.0,2.97,125,0.0,0.0,0.0,3.96,0.0,0.0,0.0,12,0.0,0
4.47,0.0,0.0,0.0,1.49,0.0,0.0,0.0,16,0.0,0.0,0.0,0.0,0.0,0.0,0.0,1,0.0,0
0.26,0.0,0.0,0.0,0.26,0.0,0.0,1.61,227,0.0,0.091,0.0,0.8,0.0,0.0,0.0,12,0.0,0
0.0,0.0,0.0,0.0,0.0,0.0,0.0,0.0,145,0.0,0.0,0.0,0.0,0.0,0.0,0.0,33,0.0,0
0.0,0.0,0.0,0.0,0.58,0.0,0.0,1.76,94,0.0,0.103,0.0,1.17,0.0,0.0,0.0,12,0.0,0
0.31,0.0,0.0,0.0,2.83,0.0,0.0,1.88,180,0.0,0.096,0.0,0.0,0.62,0.0,0.0,45,0.0,0
0.24,0.0,0.0,0.033,0.48,0.0,0.0,0.6,645,0.12,0.0,0.0,0.72,0.12,1.08,0.0,78,0.0,0
0.1,0.0,0.0,0.014,0.21,0.0,0.38,0.49,1386,0.0,0.0,0.0,0.54,0.1,0.49,0.0,107,0.05,0
0.0,0.0,0.0,0.0,0.0,0.0,0.0,0.0,39,0.0,0.216,0.0,0.0,0.0,0.0,0.0,6,0.0,0
1.87,0.0,0.0,0.0,1.12,0.0,0.0,0.75,118,0.0,0.061,0.0,0.37,0.0,0.0,0.0,13,0.0,0
0.0,0.0,0.0,0.0,0.0,0.0,0.0,2.2,127,0.0,0.0,0.0,2.2,0.0,0.0,0.0,12,0.0,0
2.06,0.0,0.0,0.0,1.37,0.0,0.0,0.0,18,0.0,0.0,0.0,0.0,0.0,0.0,0.0,2,0.0,0
1.12,0.0,0.0,0.0,1.12,0.0,0.0,0.0,40,0.0,0.203,0.0,0.0,0.0,0.0,0.0,20,0.0,0
4.34,0.0,0.0,0.0,0.0,0.0,0.0,8.69,17,0.0,0.0,0.0,0.0,0.0,0.0,0.0,6,0.0,0
0.0,0.0,0.0,0.0,0.0,0.0,0.0,0.0,4,0.0,0.0,0.0,0.0,0.0,0.0,0.0,3,0.0,0
4.02,0.0,0.0,0.0,2.87,0.57,0.0,0.0,129,0.0,0.0,0.0,0.0,0.0,0.0,0.0,31,0.0,0
0.24,0.0,0.0,0.0,1.23,0.0,0.0,0.24,336,0.0,0.0,0.0,0.24,0.0,0.0,0.0,75,0.0,0
0.0,0.0,0.0,0.0,0.0,0.0,0.0,0.0,20,0.0,0.564,0.0,0.0,0.0,0.0,0.0,9,0.0,0
0.0,0.0,0.0,0.0,1.47,0.0,0.0,0.0,69,0.0,0.097,0.0,0.0,0.49,0.0,0.0,18,0.0,0
0.0,0.0,0.0,0.0,0.68,0.0,0.68,0.0,79,0.0,0.0,0.0,0.0,0.0,0.0,0.0,5,0.0,0
0.0,0.0,0.0,0.0,1.94,0.0,0.0,0.0,29,0.0,0.389,0.0,0.0,0.0,0.0,0.0,3,0.0,0
0.0,0.0,0.0,0.0,2.66,0.0,0.0,0.0,37,0.0,0.231,0.0,0.0,0.0,0.0,0.0,17,0.0,0
0.79,0.0,0.0,0.0,2.38,0.0,0.0,0.0,24,0.0,0.0,0.0,0.0,0.0,0.0,0.0,3,0.0,0
0.0,0.0,0.0,0.0,5.2,0.0,0.0,0.0,15,0.0,0.0,0.0,0.0,0.0,0.0,0.0,2,0.0,0
0.0,0.0,0.0,0.0,0.0,0.0,0.0,0.0,5,0.0,0.0,0.0,0.0,0.0,0.0,0.0,1,0.0,0
0.0,0.0,0.0,0.0,1.28,0.0,0.0,2.56,42,1.28,0.0,0.0,1.28,0.0,1.28,0.0,11,0.0,0
2.54,0.0,0.0,0.0,0.0,0.0,0.0,1.69,64,0.0,0.0,0.0,0.84,0.0,0.0,0.0,11,0.0,0
1.51,0.0,0.0,0.0,0.0,0.0,0.0,0.0,29,0.0,0.0,0.0,0.0,0.0,0.0,0.0,5,0.0,0
0.0,0.0,0.0,0.0,4.39,0.0,0.0,0.48,37,0.48,0.0,0.0,0.0,0.0,0.0,0.0,3,0.0,0
0.25,0.0,0.0,0.036,0.51,0.0,0.0,0.64,491,0.0,0.0,0.0,0.76,0.0,1.28,0.0,32,0.38,0
0.16,0.0,0.0,0.022,0.33,0.0,0.0,0.5,807,0.0,0.0,0.0,0.59,0.25,0.76,0.0,55,0.0,0
2.67,0.0,0.0,0.0,3.57,0.0,0.0,0.0,38,0.0,0.0,0.0,0.0,0.0,0.0,0.0,23,0.0,0
0.24,0.0,0.24,0.0,0.86,0.0,0.0,1.24,227,0.0,0.0,0.0,0.62,0.12,0.0,0.0,13,0.0,0
0.0,0.0,0.0,0.0,1.5,0.0,0.0,3.75,77,0.75,0.0,0.0,3.0,0.0,0.0,0.0,12,0.0,0
0.0,0.21,0.0,0.057,0.0,0.1,0.21,3.5,571,0.0,0.0,0.0,0.1,0.0,0.31,0.0,23,0.21,0
1.22,0.0,0.0,0.0,0.61,0.0,0.0,1.22,169,0.0,0.0,0.0,0.61,0.0,0.0,0.0,13,0.0,0
0.0,0.0,0.0,0.0,1.56,0.0,0.0,0.0,30,0.0,0.27,0.0,0.0,0.0,0.0,0.0,4,0.0,0
1.33,0.0,0.0,0.0,1.33,0.0,0.0,4.0,29,0.0,0.211,0.0,0.0,0.0,0.0,0.0,4,0.0,0
0.0,0.0,0.0,0.0,0.0,0.0,0.0,0.0,248,0.0,0.0,0.0,0.0,0.0,0.0,0.0,83,0.0,0
0.0,0.0,0.0,0.0,0.51,0.0,2.06,3.6,74,0.0,0.0,0.0,2.06,0.0,0.0,0.0,4,0.0,0
0.0,0.0,0.0,0.0,0.89,0.0,0.0,1.78,94,0.0,0.0,0.0,1.78,0.0,0.0,0.0,12,0.0,0
0.0,0.0,0.0,0.0,0.78,0.0,0.0,0.78,133,0.0,0.0,0.0,0.78,0.78,0.0,0.0,22,0.0,0
0.0,0.0,0.0,0.0,1.29,0.0,0.0,1.29,26,0.0,0.19,0.0,6.49,0.0,0.0,0.0,4,0.0,0
1.75,0.0,0.0,0.0,1.75,0.0,0.0,0.0,42,0.0,0.0,0.0,0.0,0.0,0.0,0.0,13,0.0,0
2.73,0.0,0.0,0.0,1.36,0.0,0.0,0.0,57,0.0,0.0,0.0,0.0,0.0,0.0,0.0,13,0.0,0
0.0,0.0,0.87,0.159,2.63,2.63,0.0,0.0,203,0.87,0.798,0.0,0.0,0.0,0.0,0.0,136,0.0,0
1.4,0.0,0.0,0.0,1.4,0.0,0.7,0.0,378,0.0,0.0,0.0,0.0,0.0,0.0,0.0,200,0.0,0
0.3,0.0,0.3,0.0,0.75,0.0,0.0,0.75,155,0.0,0.0,0.0,0.3,0.15,0.0,0.0,12,0.0,0
2.29,0.2,0.41,0.103,3.96,0.41,0.41,0.0,485,1.25,0.866,0.0,0.0,0.0,0.0,1.04,214,0.0,0
0.0,0.0,0.0,0.0,0.0,0.0,0.0,0.0,375,0.0,0.0,0.0,0.0,0.0,0.0,0.0,28,0.0,0
0.0,0.0,0.0,0.0,3.92,0.0,0.0,0.0,25,0.0,0.0,0.0,0.0,0.0,0.0,0.0,6,0.0,0
0.0,0.0,0.0,0.0,4.87,0.0,0.0,0.0,19,0.0,0.0,0.0,0.0,0.0,0.0,0.0,5,0.0,0
0.0,0.0,0.0,0.0,4.44,0.0,0.0,0.0,26,0.0,0.0,0.0,0.0,0.0,0.0,0.0,5,0.0,0
0.0,0.0,0.0,0.0,0.0,0.0,0.14,0.98,304,0.0,0.0,0.0,0.0,0.14,0.28,0.0,18,0.0,0
0.0,0.0,0.0,0.0,2.94,0.0,0.0,0.0,25,0.0,0.0,0.0,0.0,0.0,0.0,0.0,5,0.0,0
0.0,0.0,0.0,0.0,9.09,0.0,0.0,0.0,5,0.0,0.0,0.0,0.0,0.0,0.0,0.0,1,0.0,0
0.0,0.0,0.0,0.0,7.69,0.0,0.0,0.0,9,0.0,0.0,0.0,0.0,0.0,0.0,0.0,2,0.0,0
0.0,0.0,0.0,0.0,5.55,0.0,0.0,0.0,10,0.0,0.0,0.0,0.0,0.0,0.0,0.0,1,0.0,0
0.0,0.0,0.0,0.0,7.69,0.0,0.0,0.0,9,0.0,0.0,0.0,0.0,0.0,0.0,0.0,2,0.0,0
0.0,0.0,0.0,0.0,0.0,0.0,0.0,1.4,68,0.0,0.0,0.0,1.4,0.0,0.0,0.0,21,0.0,0
0.0,0.0,0.0,0.0,7.69,0.0,0.0,0.0,9,0.0,0.0,0.0,0.0,0.0,0.0,0.0,2,0.0,0
0.0,0.0,0.0,0.0,0.0,0.0,0.0,2.56,90,0.0,0.0,0.0,2.56,0.0,0.0,0.0,11,0.0,0
0.0,0.0,0.0,0.0,0.0,0.0,0.0,0.0,195,0.0,0.0,0.0,0.0,0.0,0.0,0.0,28,0.0,0
0.0,0.0,0.0,0.0,2.53,1.26,0.0,0.0,18,1.26,0.0,0.0,0.0,0.0,0.0,0.0,5,0.0,0
0.51,0.0,0.0,0.0,1.02,0.0,0.0,0.25,635,0.0,0.207,0.77,0.51,0.0,0.0,0.0,343,0.0,0
0.0,0.0,0.0,0.0,0.0,0.0,0.0,12.5,41,0.0,0.0,0.0,0.0,0.0,0.0,0.0,18,0.0,0
0.0,0.0,0.0,0.0,0.76,0.0,0.76,3.84,193,0.0,0.0,0.0,1.53,0.0,0.0,0.0,17,0.0,0
8.0,0.0,0.0,0.0,2.0,0.0,0.0,0.0,53,0.0,0.0,2.0,0.0,0.0,0.0,0.0,29,0.0,0
0.58,0.0,0.0,0.0,0.58,0.0,0.0,3.51,373,0.0,0.0,0.0,2.34,0.0,0.0,0.0,37,0.0,0
8.0,0.0,0.0,0.0,2.0,0.0,0.0,0.0,53,0.0,0.0,2.0,0.0,0.0,0.0,0.0,29,0.0,0
0.0,0.0,0.0,0.0,1.58,0.0,0.0,0.79,43,0.0,0.149,0.0,0.79,0.0,0.0,0.0,10,0.0,0
0.0,0.0,0.0,0.0,3.33,0.0,0.0,0.0,11,0.0,0.0,0.0,0.0,0.0,0.0,0.0,4,0.0,0
0.33,0.0,0.0,0.0,0.33,0.33,0.0,0.99,125,0.33,0.0,0.0,0.33,0.0,0.0,0.0,19,0.0,0
0.0,0.0,0.0,0.0,0.0,0.0,0.0,0.0,14,0.0,0.0,0.0,0.0,0.0,0.0,0.0,1,0.0,0
6.66,0.0,0.0,0.0,3.33,0.0,0.0,0.0,13,0.0,0.0,0.0,0.0,0.0,0.0,0.0,3,0.0,0
0.68,0.0,0.0,0.0,1.36,0.0,0.0,2.38,250,0.0,0.0,0.0,1.7,0.0,0.34,0.0,13,0.0,0
0.0,0.0,0.0,0.0,0.0,0.0,0.0,0.0,16,4.54,0.0,0.0,0.0,0.0,0.0,0.0,5,0.0,0
0.0,0.0,0.0,0.0,0.0,0.0,0.0,0.0,10,0.0,0.0,0.0,0.0,0.0,0.0,0.0,3,0.0,0
0.0,0.0,0.0,0.0,0.0,0.0,0.0,2.8,86,0.0,0.0,0.0,1.86,0.0,0.0,0.0,13,0.0,0
0.0,0.0,0.0,0.0,4.16,0.0,0.0,0.0,13,0.0,0.74,0.0,0.0,0.0,0.0,0.0,6,0.0,0
2.4,0.0,0.0,0.0,4.27,0.0,0.0,0.0,128,0.0,0.0,0.53,0.26,0.0,0.53,0.0,8,0.0,0
0.0,0.41,0.0,0.053,0.0,0.0,0.27,2.79,418,0.13,0.0,0.0,0.0,0.0,0.0,0.0,22,0.55,0
0.0,0.0,0.0,0.0,0.0,0.0,0.0,4.0,51,0.0,0.176,0.0,0.0,0.0,0.0,0.0,7,0.0,0
1.23,0.0,0.0,0.0,1.23,0.0,0.0,2.46,66,0.0,0.278,0.0,1.23,0.0,0.0,0.0,10,0.0,0
0.0,0.0,0.0,0.0,3.7,3.7,0.0,0.0,7,0.0,0.0,0.0,0.0,0.0,0.0,0.0,2,0.0,0
0.7,0.0,0.0,0.0,1.94,0.0,0.0,0.17,194,0.0,0.031,0.0,0.17,0.0,0.0,0.17,21,0.0,0
0.0,0.0,0.0,0.0,3.33,0.0,0.0,0.0,14,0.0,0.0,0.0,0.0,0.0,0.0,0.0,3,0.0,0
0.0,0.0,0.0,0.0,0.0,0.0,0.0,2.06,1003,0.1,0.0,0.0,1.19,0.0,0.0,0.0,51,0.0,0
0.0,0.0,0.0,0.0,0.0,0.0,0.0,0.0,16,0.0,0.0,0.0,0.0,0.0,0.0,0.0,7,0.0,0
0.85,0.0,0.0,0.0,1.19,0.17,0.34,1.53,216,0.17,0.167,0.0,0.68,0.0,0.0,0.0,22,0.0,0
0.0,0.0,0.0,0.0,1.32,0.0,0.0,0.0,71,0.0,0.0,0.0,0.0,0.44,0.0,0.0,11,0.0,0
0.0,0.0,0.0,0.0,9.52,0.0,0.0,0.0,8,0.0,0.0,0.0,0.0,0.0,0.0,0.0,2,0.0,0
0.0,0.0,0.0,0.16,0.99,0.0,0.0,0.49,1108,0.24,0.0,0.0,0.0,0.0,0.0,0.0,235,0.24,0
0.0,0.0,0.0,0.0,1.78,0.0,0.0,0.0,116,0.44,0.0,0.44,0.0,0.0,0.0,0.0,16,0.0,0
9.09,0.0,0.0,0.0,4.54,0.0,0.0,0.0,5,0.0,0.0,0.0,0.0,0.0,0.0,0.0,1,0.0,0
4.34,0.0,0.0,0.0,6.95,0.0,0.0,0.0,22,0.0,0.0,0.86,0.0,0.0,0.0,0.0,2,0.0,0
0.25,0.0,0.0,0.0,0.51,0.0,0.0,0.0,85,0.25,0.0,0.0,0.25,0.25,0.0,0.0,4,0.0,0
0.0,0.0,0.0,0.0,0.0,0.0,0.0,0.0,21,0.0,0.0,0.0,0.0,0.0,0.0,0.0,3,0.0,0
0.0,0.0,0.0,0.0,3.12,0.0,0.0,0.0,8,0.0,0.0,0.0,0.0,0.0,0.0,0.0,1,0.0,0
0.0,0.0,0.0,0.0,3.22,0.0,0.0,0.0,13,0.0,0.0,0.0,0.0,0.0,0.0,0.0,2,0.0,0
3.31,0.0,0.0,0.0,4.63,0.0,0.0,2.64,127,0.66,0.0,0.0,1.98,0.0,0.0,0.0,34,0.0,0
0.0,0.0,0.0,0.0,2.32,0.0,0.0,3.1,93,0.0,0.099,0.0,3.87,0.0,0.0,0.0,30,0.77,0
0.0,0.0,0.0,0.0,0.0,0.0,0.0,0.0,239,0.0,0.0,0.0,0.0,0.0,0.0,0.0,28,0.0,0
0.0,0.0,0.0,0.0,0.0,0.0,0.0,16.66,25,0.0,0.0,0.0,0.0,0.0,0.0,0.0,17,0.0,0
0.0,0.0,0.0,0.0,0.0,0.0,0.0,0.0,214,0.0,0.0,0.0,0.0,0.0,0.0,0.0,28,0.0,0
0.0,0.0,0.0,0.0,0.0,0.0,0.0,0.0,5,0.0,0.0,0.0,0.0,0.0,0.0,0.0,3,0.0,0
0.0,0.0,0.0,0.0,0.34,0.0,0.0,0.68,131,0.0,0.0,0.0,0.34,0.0,0.0,0.0,11,0.0,0
0.0,0.0,0.0,0.0,0.0,0.0,0.72,0.72,119,0.0,0.0,0.0,0.0,0.0,0.0,0.0,8,0.0,0
0.0,0.0,0.0,0.0,0.0,0.0,0.0,1.56,61,1.04,0.0,0.0,1.04,0.0,0.0,0.0,10,0.0,0
4.0,0.0,0.0,0.0,5.6,0.0,0.0,0.0,21,0.0,0.0,0.0,0.0,0.0,0.0,1.6,6,0.0,0
5.47,0.0,0.0,0.0,1.36,0.0,0.0,0.0,30,0.0,0.0,0.0,0.0,0.0,0.0,0.0,8,0.0,0
0.0,0.0,0.0,0.0,0.0,0.0,0.0,0.0,5,0.0,0.0,0.0,0.0,0.0,0.0,0.0,1,0.0,0
0.0,0.0,0.0,0.0,0.0,0.0,0.0,5.4,38,0.0,0.396,0.0,0.0,0.0,0.0,0.0,10,0.0,0
0.0,0.0,0.0,0.0,2.63,0.0,0.0,2.63,50,0.0,0.0,0.0,0.0,0.0,0.0,0.0,14,0.0,0
1.13,0.0,0.0,0.0,3.41,0.0,0.0,0.56,200,0.56,0.0,0.0,0.56,0.0,0.28,0.0,15,0.0,0
0.0,0.0,0.0,0.0,4.76,0.0,0.0,0.0,100,0.0,0.0,0.0,0.0,0.0,0.0,0.0,99,0.0,0
0.98,0.0,0.0,0.0,1.3,0.0,0.0,0.0,104,0.32,0.0,0.0,0.0,0.32,0.0,0.0,7,0.0,0
0.0,0.0,0.0,0.0,0.0,0.0,0.0,1.19,115,0.0,0.0,0.0,1.19,0.0,0.0,0.0,71,0.0,0
0.0,0.0,0.0,0.128,1.5,0.0,0.0,0.75,128,2.25,0.0,0.0,0.75,0.0,0.0,0.0,28,0.0,0
0.98,0.0,0.0,0.0,1.96,0.0,0.0,1.96,97,0.0,0.0,0.0,1.96,0.0,0.0,0.0,17,0.0,0
0.29,0.0,0.0,2.038,0.87,0.0,0.0,0.29,434,0.58,0.0,0.0,0.29,0.0,0.0,0.0,351,0.0,0
0.0,0.0,0.0,0.0,0.0,0.0,0.0,0.0,21,0.0,0.0,0.0,0.0,0.0,0.0,0.0,4,0.0,0
0.47,0.0,0.0,0.075,0.95,0.11,0.0,0.23,601,0.0,0.056,0.0,0.0,0.0,0.11,0.0,38,0.0,0
1.17,0.0,0.0,0.0,3.12,0.0,0.0,0.0,89,1.17,0.07,0.0,0.0,0.0,0.0,0.0,13,0.0,0
0.0,0.0,0.0,0.0,2.35,0.0,0.0,0.0,45,1.17,0.0,0.0,0.0,0.0,0.0,0.0,10,0.0,0
0.0,0.0,0.0,0.0,0.0,0.0,0.0,15.38,24,0.0,0.0,0.0,0.0,0.0,0.0,0.0,19,0.0,0
1.05,0.0,0.0,0.0,1.05,0.0,0.0,0.52,113,0.0,0.0,0.0,2.11,0.0,0.0,0.0,11,0.0,0
0.0,0.0,0.0,0.601,0.0,0.0,0.0,4.76,84,0.0,0.0,0.0,1.58,0.0,0.0,0.0,13,0.0,0
0.28,0.0,0.0,0.0,1.98,0.0,0.0,0.85,155,0.56,0.0,0.0,0.85,0.0,0.0,0.0,15,0.0,0
1.76,0.0,0.0,0.055,3.04,0.16,0.0,0.0,196,0.64,0.0,0.0,0.32,0.0,0.0,0.0,7,0.16,0
0.0,0.0,0.0,0.0,2.98,1.49,0.0,0.0,37,0.0,0.0,0.0,0.0,0.0,0.0,0.0,5,0.0,0
0.0,0.0,0.0,0.108,0.0,0.0,0.0,0.0,102,0.0,0.0,0.0,0.0,0.65,0.0,0.0,9,0.65,0
0.58,0.0,0.0,0.0,2.9,0.0,0.0,0.0,70,0.0,0.0,0.0,0.0,0.0,0.0,0.0,6,0.0,0
0.74,0.0,0.0,0.0,2.24,0.0,0.0,0.0,111,0.0,0.0,0.0,0.0,0.37,0.0,0.0,5,0.0,0
0.0,0.0,0.0,0.0,0.0,0.0,0.0,0.0,47,0.0,0.0,0.0,0.0,0.0,0.0,0.0,13,0.0,0
0.0,0.0,0.0,0.0,0.0,0.0,0.0,20.83,64,0.0,0.0,0.0,4.16,0.0,0.0,0.0,18,0.0,0
1.31,0.0,0.0,0.0,3.5,0.0,0.0,1.31,73,0.0,0.0,0.0,0.43,0.0,0.0,0.0,25,0.0,0
0.0,0.0,0.0,0.0,2.29,0.0,0.0,2.29,101,0.0,0.0,0.0,0.0,0.0,0.0,0.0,53,0.0,0
0.0,0.0,0.0,0.0,1.58,0.0,0.0,1.58,90,0.0,0.0,0.0,1.58,0.0,0.0,0.0,12,0.0,0
2.56,0.0,0.0,0.0,0.96,0.0,0.0,0.0,47,0.32,0.058,0.0,0.0,0.0,0.0,0.0,3,0.0,0
1.23,0.0,0.0,0.0,3.08,0.0,0.0,0.0,20,0.0,0.0,0.0,0.0,0.0,0.0,0.0,1,0.0,0
0.0,0.0,0.0,0.0,0.0,0.0,0.0,0.0,6,0.0,0.0,0.0,0.0,0.0,0.0,0.0,4,0.0,0
0.85,0.0,0.0,0.0,3.97,0.0,0.0,0.28,139,0.28,0.08,0.28,1.13,0.0,0.28,0.0,16,0.0,0
0.0,0.0,0.0,0.0,0.0,0.0,0.0,0.0,23,0.0,0.0,0.0,0.0,0.0,0.0,0.0,5,0.0,0
0.0,0.0,0.0,0.0,0.0,0.0,0.0,0.0,14,0.0,0.0,0.0,0.0,0.0,0.0,0.0,2,0.0,0
0.0,0.0,0.0,0.0,0.0,0.0,0.0,1.72,37,0.0,0.0,0.0,6.89,0.0,0.0,0.0,13,0.0,0
0.0,0.0,0.0,0.0,0.0,0.0,0.0,1.53,36,0.0,0.0,0.0,6.15,0.0,0.0,0.0,6,0.0,0
0.0,0.0,0.0,0.0,0.0,0.0,0.0,0.0,30,0.0,0.0,0.0,0.0,0.0,0.0,0.0,12,0.0,0
0.0,0.0,0.0,0.0,0.0,0.0,0.0,0.0,15,0.0,0.0,0.0,0.0,0.0,0.0,0.0,1,0.0,0
0.0,0.0,0.0,0.0,0.0,0.0,0.0,0.0,4,0.0,0.0,0.0,0.0,0.0,0.0,0.0,1,0.0,0
0.97,0.0,0.0,0.0,5.82,0.0,0.0,0.0,70,0.0,0.0,0.0,0.0,0.0,0.0,0.0,14,0.0,0
0.0,0.0,0.0,0.0,1.19,0.0,0.0,1.19,89,0.0,0.0,0.0,1.19,0.0,0.0,0.0,11,0.0,0
0.0,0.0,0.0,0.0,0.0,0.0,0.0,0.0,5,0.0,0.0,0.0,0.0,0.0,0.0,0.0,1,0.0,0
0.0,0.0,0.0,0.0,1.36,0.0,0.34,0.34,91,0.34,0.0,0.0,0.34,0.0,0.0,0.0,8,0.34,0
0.0,0.0,0.0,0.0,0.0,0.0,0.0,0.0,4,0.0,0.0,0.0,0.0,0.0,0.0,0.0,1,0.0,0
0.0,0.0,0.0,0.0,0.0,0.0,0.0,0.0,37,0.0,0.0,0.0,0.0,0.0,0.0,0.0,24,0.0,0
0.0,0.0,0.0,0.0,0.0,0.0,0.0,1.33,109,0.0,0.0,0.0,1.33,0.0,0.0,0.0,46,0.0,0
0.69,0.0,0.0,0.031,3.69,0.0,0.0,1.84,244,0.0,0.0,0.0,0.23,0.0,0.0,0.0,19,0.23,0
0.0,0.0,0.0,0.0,0.0,0.0,0.0,9.52,30,0.0,0.0,0.0,4.76,0.0,0.0,0.0,11,0.0,0
0.0,0.0,0.0,0.0,0.0,0.0,0.0,0.0,651,0.0,0.0,0.0,0.0,0.0,0.0,0.0,24,0.0,0
0.0,0.0,0.0,0.0,3.22,0.0,0.0,0.0,8,0.0,0.0,0.0,0.0,0.0,0.0,0.0,4,0.0,0
0.0,0.0,0.0,0.0,0.0,0.0,1.69,0.0,99,0.0,0.408,0.0,0.0,0.0,0.0,0.0,47,0.0,0
0.0,0.0,0.0,0.0,0.32,0.0,0.0,0.64,156,0.32,0.0,0.0,0.64,0.0,0.0,0.0,10,0.0,0
0.7,0.11,0.0,0.0,0.47,0.0,0.11,1.29,162,1.17,0.0,0.0,0.11,0.0,0.0,0.0,7,0.0,0
8.0,0.0,0.0,0.0,2.0,0.0,0.0,0.0,53,0.0,0.0,2.0,0.0,0.0,0.0,0.0,29,0.0,0
0.0,0.0,0.0,0.0,0.0,0.0,0.0,0.0,64,0.0,0.0,0.0,0.0,0.0,0.0,0.0,7,0.0,0
0.0,0.0,0.0,0.0,0.0,0.0,0.0,0.49,74,0.0,0.159,0.0,0.98,0.0,0.0,0.0,7,0.0,0
0.29,0.0,0.0,0.0,0.73,0.14,0.0,0.0,522,0.73,0.14,0.0,0.0,0.0,0.0,0.0,24,0.0,0
0.0,0.0,0.0,0.0,2.28,0.0,0.0,0.91,103,0.0,0.0,0.0,0.91,0.0,0.0,0.0,7,0.45,0
0.0,0.0,0.0,0.0,0.0,0.0,0.0,1.09,133,0.0,0.0,0.0,1.09,0.0,0.0,0.0,51,0.0,0
0.0,0.0,0.0,0.0,0.51,0.51,0.51,0.0,108,1.02,0.0,0.0,0.0,0.0,0.0,0.0,9,0.51,0
1.84,0.0,0.0,0.0,1.84,0.0,0.0,0.61,62,1.22,0.0,0.0,0.61,0.0,0.0,0.0,8,0.0,0
0.0,0.0,0.0,0.0,1.83,0.0,0.0,1.83,71,0.0,0.0,0.0,0.91,0.0,0.0,0.0,13,0.0,0
0.91,0.0,0.0,0.0,0.0,0.0,0.91,1.83,85,0.0,0.241,0.0,0.0,0.0,0.0,0.0,26,0.0,0
0.0,0.0,0.0,0.0,0.0,0.0,0.0,6.25,268,0.36,0.0,0.0,5.51,0.0,0.0,0.0,20,0.0,0
0.0,0.0,0.0,0.0,0.0,0.0,0.0,0.0,5,0.0,0.0,0.0,0.0,0.0,0.0,0.0,1,0.0,0
0.0,0.0,0.0,0.0,0.0,0.0,0.0,0.0,4,0.0,0.0,0.0,0.0,0.0,0.0,0.0,1,0.0,0
0.0,0.0,0.0,0.0,0.0,0.0,0.28,1.41,451,0.0,0.0,0.0,0.0,0.09,0.0,0.0,19,0.0,0
0.0,0.0,0.0,0.0,0.72,0.0,0.0,0.0,51,0.0,0.114,0.0,0.0,0.0,0.0,0.0,12,0.0,0
0.0,0.0,0.0,0.0,0.81,0.0,0.0,0.0,36,0.0,0.0,0.0,0.0,0.0,0.0,0.0,12,0.0,0
0.0,0.0,0.0,0.0,0.0,0.0,0.0,0.0,8,0.0,0.0,0.0,0.0,0.0,0.0,0.0,1,0.0,0
0.0,0.0,0.0,0.0,2.56,0.0,0.0,0.85,67,0.0,0.0,0.0,0.85,0.0,0.0,0.0,12,0.0,0
0.0,0.0,0.0,0.0,1.84,0.0,0.0,2.45,104,0.0,0.19,0.0,1.84,0.0,0.0,0.0,12,0.0,0
0.0,0.0,0.0,0.0,0.35,0.35,0.0,0.35,146,0.0,0.0,0.0,0.0,0.0,0.0,0.0,5,0.0,0
0.0,0.0,0.0,0.0,0.54,0.0,0.0,0.0,52,0.0,0.087,0.0,0.0,0.0,0.0,0.0,5,0.0,0
0.0,0.0,0.0,0.0,2.22,0.0,0.0,2.22,23,0.0,0.0,0.0,2.22,0.0,0.0,0.0,8,0.0,0
0.0,0.0,0.0,0.0,0.0,0.0,0.0,0.0,13,0.0,0.0,0.0,0.0,0.0,0.0,0.0,3,0.0,0
0.68,0.0,0.0,0.0,2.04,0.0,0.0,1.36,96,0.0,0.0,0.0,0.68,0.0,0.0,0.0,17,0.0,0
0.0,0.0,0.0,0.0,0.0,0.0,0.0,0.0,10,6.25,0.0,0.0,0.0,0.0,0.0,0.0,6,0.0,0
0.0,0.0,0.0,0.0,0.0,0.0,0.0,0.0,79,0.0,0.0,0.0,0.0,0.0,0.0,0.0,11,0.0,0
0.0,0.0,0.0,0.0,0.0,0.0,0.0,0.9,138,0.0,0.0,0.0,0.9,0.0,0.0,0.0,58,0.0,0
1.06,0.0,0.0,0.0,0.35,0.0,0.0,1.41,119,0.0,0.0,0.0,1.06,0.0,0.0,0.0,12,0.0,0
0.0,0.0,0.0,0.0,0.0,0.0,0.0,0.0,26,0.0,0.48,0.0,0.0,0.0,0.0,0.0,7,0.0,0
0.0,0.0,0.0,0.161,0.5,0.0,0.0,1.01,137,0.0,0.0,0.0,0.0,0.0,0.0,0.0,20,0.0,0
0.0,0.0,0.0,0.0,0.33,0.0,0.0,0.0,131,0.0,0.0,0.0,0.0,0.0,0.0,0.0,46,0.0,0
1.12,0.0,0.0,0.0,0.56,0.0,0.0,0.0,46,0.0,0.0,0.0,0.0,0.0,0.0,0.0,4,0.0,0
0.0,0.0,0.0,0.112,0.0,0.0,0.0,3.03,232,0.56,0.0,0.0,0.0,0.0,0.0,0.0,19,0.0,0
1.61,0.0,0.0,0.0,5.26,0.0,0.0,0.4,59,2.42,0.27,0.0,0.4,0.0,0.0,0.0,35,0.0,0
0.0,0.0,0.0,0.0,0.0,0.0,0.0,3.84,21,0.0,0.581,0.0,3.84,0.0,0.0,0.0,4,0.0,0
0.0,0.21,0.0,0.062,1.9,0.84,0.0,0.0,405,0.63,0.374,0.42,0.0,0.0,0.0,0.0,71,0.0,0
0.0,0.0,0.0,0.0,1.17,0.0,0.0,4.7,49,0.0,0.0,0.0,2.35,0.0,0.0,0.0,21,0.0,0
0.0,0.0,0.0,0.0,0.0,0.22,0.22,1.36,203,0.0,0.0,0.0,0.0,0.0,0.0,0.0,42,0.0,0
0.0,0.08,0.0,0.055,0.0,0.0,0.08,3.49,693,0.0,0.0,0.0,0.48,0.08,0.0,0.0,21,0.16,0
0.0,0.0,0.0,0.0,0.68,0.22,0.0,0.0,94,0.45,0.0,0.0,0.0,0.0,0.0,0.0,13,0.0,0
0.0,0.0,0.0,0.0,0.0,0.0,0.0,0.0,64,0.0,0.0,0.0,0.0,0.0,0.0,0.0,7,0.0,0
0.0,0.0,0.0,0.0,0.0,0.0,0.0,0.0,12,0.0,1.149,0.0,0.0,0.0,0.0,0.0,3,0.0,0
0.0,0.0,0.0,0.0,0.81,0.0,0.0,0.0,12,1.63,0.0,0.0,0.0,0.0,0.0,0.0,2,0.0,0
0.0,0.0,0.0,0.0,0.0,0.0,0.0,0.0,117,0.0,0.0,0.0,1.17,0.0,1.17,0.0,16,0.0,0
0.0,0.0,0.0,0.0,0.0,0.0,0.0,0.0,8,0.0,0.0,0.0,0.0,0.0,0.0,0.0,1,0.0,0
0.0,0.0,0.0,0.0,1.34,0.0,0.0,0.0,27,0.0,0.0,0.0,0.0,1.34,0.0,0.0,5,0.0,0
0.55,0.0,0.0,0.0,1.65,0.0,0.0,0.0,46,0.0,0.0,0.0,0.0,0.0,0.0,0.0,5,0.0,0
1.35,0.0,0.0,0.0,2.7,0.0,0.0,0.0,47,0.0,0.0,0.0,1.35,0.0,0.0,0.0,5,0.0,0
1.56,0.0,0.0,0.0,1.56,0.0,0.0,0.0,11,1.56,0.0,0.0,0.0,0.0,0.0,0.0,1,0.0,0
0.0,0.0,0.0,0.0,0.0,0.0,0.0,0.0,59,0.0,0.0,0.0,0.0,0.0,0.0,0.0,17,0.0,0
0.0,0.0,0.0,0.0,0.0,0.0,0.0,9.52,30,0.0,0.0,0.0,4.76,0.0,0.0,0.0,11,0.0,0
0.0,0.0,0.0,0.0,1.63,0.0,0.54,4.89,424,0.27,0.0,0.0,1.35,0.0,0.0,0.0,35,0.0,0
0.0,0.0,0.0,0.0,2.63,0.0,0.0,0.0,46,0.0,0.414,0.0,0.0,0.0,0.0,0.0,13,0.0,0
0.0,0.0,0.0,0.0,0.2,0.0,0.0,0.2,187,0.0,0.0,0.0,0.2,0.0,0.0,0.0,15,0.2,0
0.44,0.0,0.0,0.223,0.89,1.33,0.0,3.34,411,0.66,0.372,0.0,3.56,0.22,0.44,0.22,42,0.44,0
0.0,0.0,0.0,0.0,2.66,0.0,0.0,1.33,52,0.0,0.0,0.0,0.0,0.0,0.0,0.0,18,0.0,0
0.0,0.0,0.0,0.0,0.0,0.0,0.0,0.0,7,0.0,0.0,0.0,0.0,0.0,0.0,0.0,5,0.0,0
0.0,0.0,0.0,0.0,1.25,0.0,0.0,1.25,82,0.0,0.169,0.0,0.62,0.0,0.0,0.0,10,0.0,0
0.41,0.12,0.0,0.056,0.71,0.16,0.04,2.01,1479,0.04,0.031,0.2,0.41,0.04,0.16,0.0,23,0.0,0
0.62,0.0,0.0,0.0,0.0,0.0,0.62,3.1,200,0.0,0.333,0.0,0.0,0.0,0.0,0.0,34,0.0,0
0.29,0.0,0.0,0.0,0.89,0.0,0.0,0.49,178,0.19,0.016,0.0,0.49,0.09,0.0,0.0,17,0.0,0
0.29,0.0,0.0,0.0,0.89,0.0,0.0,0.49,178,0.19,0.016,0.0,0.49,0.09,0.0,0.0,17,0.0,0
0.29,0.0,0.0,0.0,0.89,0.0,0.0,0.49,178,0.19,0.016,0.0,0.49,0.09,0.0,0.0,17,0.0,0
3.43,0.0,0.0,0.0,3.75,0.0,0.62,0.0,145,0.31,0.054,0.31,0.0,0.0,0.31,0.0,14,0.0,0
0.0,0.0,0.0,0.0,4.0,0.0,0.0,0.0,15,0.0,0.729,0.0,0.0,0.0,0.0,0.0,4,0.0,0
0.0,0.0,0.0,0.0,4.2,0.0,0.0,1.68,32,0.0,0.0,0.0,0.0,0.0,0.0,0.0,9,0.0,0
0.91,0.0,0.0,0.0,0.0,0.0,0.91,1.83,67,0.0,0.249,0.0,0.0,0.0,0.0,0.0,14,0.0,0
0.0,0.0,0.0,0.0,4.34,0.0,0.0,0.0,12,0.0,0.0,0.0,0.0,0.0,0.0,0.0,3,0.0,0
0.0,0.0,0.0,0.0,0.0,0.0,0.0,3.47,72,0.0,0.0,0.0,5.21,0.0,0.0,0.0,9,0.86,0
0.0,0.0,0.0,0.0,0.0,0.0,0.0,4.41,59,0.0,0.0,0.0,4.41,0.0,0.0,0.0,10,0.0,0
0.06,0.39,0.0,0.063,0.0,0.0,0.52,3.23,751,0.26,0.0,0.0,0.0,0.06,0.0,0.0,25,0.19,0
0.0,0.0,0.0,0.0,3.29,0.0,0.0,0.0,20,0.0,0.0,0.0,0.0,0.0,0.0,0.0,2,0.0,0
0.0,0.0,0.0,0.0,0.0,0.0,0.0,0.0,41,0.0,0.0,0.0,0.0,0.0,0.0,0.0,12,0.0,0
0.0,0.0,0.0,0.0,0.0,0.0,0.0,0.0,14,0.0,0.0,0.0,0.0,0.0,0.0,0.0,3,0.0,0
0.0,0.0,0.0,0.0,0.0,0.0,0.7,1.82,257,0.42,0.0,0.0,0.28,0.0,0.0,0.0,6,0.14,0
0.0,0.0,0.0,0.0,0.0,0.0,0.0,7.69,24,0.0,0.0,0.0,2.56,0.0,0.0,0.0,6,0.0,0
0.0,0.0,0.0,0.0,6.38,0.0,0.0,0.0,17,0.0,0.0,0.0,0.0,0.0,0.0,0.0,3,0.0,0
0.68,0.0,0.0,0.0,1.36,0.0,0.0,2.72,82,0.68,0.0,0.0,1.36,0.0,0.0,0.0,12,0.0,0
0.0,0.0,0.0,0.0,0.39,0.0,0.0,2.35,133,0.0,0.125,0.0,0.39,0.0,0.0,0.0,13,0.0,0
0.0,0.0,0.0,0.0,0.0,0.0,0.46,2.15,238,0.46,0.0,0.0,0.3,0.0,0.0,0.0,6,0.15,0
0.0,0.0,0.0,0.0,0.68,0.0,0.0,2.72,123,0.68,0.0,0.0,2.72,0.0,0.0,0.0,12,0.0,0
0.64,0.0,0.0,0.0,1.92,0.0,0.0,0.0,95,0.0,0.106,0.0,3.2,0.0,0.0,0.0,47,0.0,0
0.2,0.0,0.0,0.0,0.2,0.0,0.0,1.4,346,0.2,0.0,0.0,1.6,0.0,0.0,0.0,50,0.0,0
0.0,0.0,0.0,0.0,1.75,0.0,0.0,0.0,39,0.0,0.0,0.0,0.0,0.0,0.0,0.0,4,0.0,0
0.0,0.0,0.0,0.0,0.0,0.0,0.0,0.0,115,0.0,0.0,0.0,1.12,0.0,1.12,0.0,16,0.0,0
0.0,0.0,0.0,0.0,0.43,0.0,0.0,6.92,300,0.0,0.079,0.0,3.89,0.0,0.0,0.0,19,0.0,0
0.15,0.0,0.0,0.014,0.21,0.0,0.0,0.63,1170,0.15,0.0,0.0,0.68,0.05,0.57,0.0,66,0.0,0
0.22,0.0,0.0,0.021,0.29,0.0,0.0,0.74,681,0.07,0.0,0.0,0.81,0.0,0.74,0.0,36,0.0,0
0.48,0.0,0.0,0.016,0.6,0.0,0.73,1.58,364,0.6,0.033,0.0,0.0,0.0,0.0,0.0,65,0.0,0
0.0,0.0,0.0,0.0,0.0,0.0,0.0,0.0,5,0.0,0.0,0.0,0.0,0.0,0.0,0.0,2,0.0,0
0.14,0.0,0.0,0.0,0.14,0.0,0.28,3.12,333,0.42,0.0,0.0,0.0,0.14,0.0,0.0,17,0.0,0
0.0,0.0,0.0,0.0,2.04,0.0,0.0,0.0,11,2.04,0.0,0.0,0.0,0.0,0.0,0.0,2,0.0,0
0.0,0.0,0.0,0.0,0.0,0.0,0.0,0.0,27,0.0,0.0,0.0,0.0,0.0,0.0,0.0,5,0.0,0
0.0,0.0,0.0,0.0,2.77,0.0,0.0,5.55,39,0.0,0.0,0.0,2.77,0.0,0.0,0.0,11,0.0,0
4.28,0.0,0.0,0.0,0.0,0.0,0.0,2.85,64,0.0,0.0,0.0,1.42,0.0,0.0,0.0,12,0.0,0
0.0,0.0,0.0,0.0,0.0,0.0,0.0,0.0,80,0.0,0.0,0.0,0.0,0.0,0.0,0.0,11,0.0,0
0.0,0.0,0.0,0.018,0.0,0.06,0.06,3.47,693,0.4,0.0,0.0,0.0,0.0,0.0,0.0,26,0.0,0
0.0,0.0,0.0,0.0,0.76,0.0,0.0,1.14,46,0.38,0.0,0.0,0.76,0.0,0.0,0.0,3,0.0,0
0.17,0.0,0.0,0.003,0.24,0.13,0.13,0.0,2631,0.08,0.003,0.0,0.0,0.06,0.02,0.0,79,0.13,0
0.0,0.0,0.0,0.0,0.0,0.0,0.0,0.0,17,0.0,0.436,0.0,0.0,0.0,0.0,0.0,8,0.0,0
0.0,0.0,0.0,0.0,0.0,0.0,0.0,0.0,10,0.0,0.769,0.0,0.0,0.0,0.0,0.0,4,0.0,0
0.0,0.0,0.0,0.018,0.0,0.06,0.06,3.47,693,0.4,0.0,0.0,0.0,0.0,0.0,0.0,26,0.0,0
0.0,0.0,0.0,0.0,0.79,0.0,0.0,0.0,42,0.79,0.0,0.0,0.0,0.0,0.0,0.0,4,0.0,0
0.0,0.0,0.0,0.0,0.0,0.0,0.0,1.19,98,0.0,0.0,0.0,1.19,0.0,0.0,0.0,11,0.0,0
0.16,0.0,0.0,0.0,0.16,0.0,0.32,1.31,154,0.49,0.0,0.0,0.0,0.16,0.0,0.0,6,0.0,0
0.0,0.0,0.0,0.0,0.0,0.0,0.0,0.31,107,0.31,0.0,0.0,0.0,0.0,0.0,0.0,11,0.0,0
2.02,0.0,0.0,0.0,4.05,0.67,0.0,0.67,121,0.0,0.0,0.0,0.0,0.0,0.0,0.0,19,0.67,0
0.0,0.0,0.0,0.0,0.0,0.0,0.0,9.3,29,0.0,0.0,0.0,0.0,0.0,0.0,0.0,9,0.0,0
1.63,0.0,0.0,0.0,1.63,1.63,0.0,0.0,13,0.0,0.0,0.0,0.0,0.0,0.0,0.0,3,0.0,0
3.44,0.0,0.0,0.0,0.0,0.0,0.0,0.0,19,0.0,0.0,0.0,0.0,0.0,0.0,0.0,4,0.0,0
0.33,0.0,0.0,0.0,0.66,0.0,0.0,7.61,341,0.33,0.0,0.0,2.64,0.0,0.0,0.0,19,0.0,0
0.0,0.0,0.0,0.0,0.0,0.0,0.0,0.0,50,1.4,0.239,0.0,0.0,0.0,0.0,0.0,7,0.0,0
0.0,0.0,0.0,0.0,0.53,0.0,0.0,0.53,153,0.0,0.0,0.0,0.53,0.0,0.0,0.0,21,0.0,0
10.71,0.0,0.0,0.0,0.0,0.0,0.0,0.0,7,0.0,0.0,0.0,0.0,0.0,0.0,0.0,1,0.0,0
0.0,0.0,0.0,0.0,1.55,0.0,0.0,0.0,45,0.51,0.281,0.0,0.0,0.0,0.0,0.0,5,0.0,0
0.0,0.0,0.0,0.0,8.33,0.0,0.0,0.0,11,0.0,0.925,0.0,0.0,0.0,0.0,0.0,6,0.0,0
0.0,0.0,0.0,0.0,0.0,0.0,0.0,9.52,30,0.0,0.0,0.0,4.76,0.0,0.0,0.0,11,0.0,0
0.0,0.0,0.0,0.0,0.0,0.0,0.0,0.42,106,0.0,0.0,0.0,0.42,0.0,0.0,0.0,8,0.0,0
0.0,0.0,0.0,0.0,0.0,0.0,0.0,0.0,8,7.14,0.0,0.0,0.0,0.0,0.0,0.0,4,0.0,0
0.0,0.0,0.0,0.0,0.0,1.96,0.0,0.0,28,0.0,0.0,0.0,0.0,0.0,0.0,0.0,4,0.0,0
0.0,0.0,0.0,0.0,1.06,0.0,0.0,3.19,63,0.0,0.168,0.0,1.06,0.0,0.0,0.0,7,0.0,0
0.0,0.0,0.0,0.0,0.0,0.0,1.06,0.0,76,0.0,0.0,0.0,1.06,0.0,0.0,0.0,13,0.0,0
0.0,0.0,0.0,0.0,0.64,0.64,0.0,0.0,57,0.0,0.0,0.0,0.0,0.0,0.0,0.0,5,0.0,0
0.0,0.0,0.0,0.0,0.0,0.47,0.0,0.0,37,1.91,0.0,0.0,0.0,0.0,0.0,0.0,4,0.0,0
0.0,0.0,0.0,0.0,0.0,0.0,0.0,0.0,4,0.0,0.0,0.0,0.0,0.0,0.0,0.0,2,0.0,0
0.0,0.0,0.0,0.0,0.0,0.0,0.0,0.0,65,0.76,0.0,0.0,0.0,0.25,0.0,0.0,5,1.27,0
0.0,0.0,0.0,0.0,1.38,1.38,0.0,0.0,35,0.0,0.0,0.0,0.0,0.0,0.0,0.0,9,0.0,0
0.0,0.0,0.0,0.0,3.7,0.0,0.0,0.0,25,0.0,0.349,0.0,0.0,0.0,0.0,0.0,4,0.0,0
1.49,0.0,0.59,0.134,3.58,0.0,0.0,0.29,120,0.29,0.044,0.29,0.29,0.59,0.0,0.0,15,0.29,0
0.0,0.0,0.0,0.0,0.0,0.0,0.0,1.13,286,0.0,0.0,0.0,0.84,0.0,0.0,0.0,75,0.0,0
0.0,0.0,0.0,0.0,0.0,0.0,0.0,0.0,36,0.0,0.523,0.0,0.0,0.0,0.0,0.0,10,0.0,0
0.0,0.0,0.0,0.0,0.0,0.0,0.42,3.11,694,0.0,0.0,0.0,0.0,0.25,0.08,0.0,27,0.25,0
0.0,0.0,0.0,0.0,2.05,0.0,0.0,0.0,44,0.68,0.0,0.0,0.0,0.68,0.0,0.0,5,0.0,0
0.14,0.0,0.0,0.0,0.74,0.0,0.0,0.14,238,0.0,0.0,0.0,0.14,0.14,0.0,0.0,27,0.0,0
0.0,0.0,0.0,0.0,0.03,0.0,0.03,0.46,1827,0.0,0.128,0.03,0.27,0.0,0.06,0.0,49,0.0,0
0.0,0.0,0.0,0.0,0.0,0.0,0.0,0.55,199,0.0,0.0,0.0,0.27,0.0,0.0,0.0,51,0.0,0
0.0,0.0,0.0,0.0,0.0,0.0,0.0,0.0,63,0.0,0.296,0.0,0.0,0.0,0.0,0.0,32,0.0,0
0.7,0.0,0.0,0.0,3.54,0.0,0.0,0.0,55,0.0,0.0,0.0,0.0,0.7,0.0,0.0,5,0.0,0
0.64,0.0,0.0,0.0,3.84,0.0,0.0,1.28,78,0.0,0.225,0.0,0.64,0.64,0.0,0.0,12,0.0,0
0.0,0.0,0.0,0.0,0.0,0.0,0.0,0.0,34,0.0,0.0,0.0,0.0,0.0,0.0,0.0,3,0.0,0
0.0,0.0,0.0,0.0,9.09,0.0,0.0,0.0,6,0.0,0.0,0.0,0.0,0.0,0.0,0.0,1,0.0,0
0.0,0.0,0.0,0.0,0.0,0.0,0.0,1.49,49,0.0,0.0,0.0,1.49,0.0,0.0,0.0,17,0.0,0
0.0,0.0,0.0,0.0,0.0,0.0,0.0,0.0,13,0.0,1.123,0.0,0.0,0.0,0.0,0.0,4,0.0,0
0.0,0.0,0.0,0.0,1.45,0.0,0.0,2.18,75,0.0,0.0,0.0,0.0,0.0,0.0,0.0,18,0.0,0
0.0,0.0,0.0,0.0,0.0,0.0,0.0,1.63,35,0.0,0.0,0.0,0.0,0.0,0.0,0.0,5,0.0,0
1.48,0.0,0.0,0.0,2.97,0.0,0.0,0.0,58,0.49,0.081,0.0,0.0,0.0,0.0,0.0,4,0.49,0
0.52,0.0,0.0,0.0,0.0,0.0,0.0,0.52,140,0.52,0.0,0.0,0.52,0.0,0.0,0.0,55,0.0,0
0.0,0.0,0.0,0.0,8.1,0.0,0.0,0.0,5,0.0,0.0,0.0,0.0,0.0,0.0,0.0,1,0.0,0
0.0,0.0,0.0,0.0,8.1,0.0,0.0,0.0,5,0.0,0.0,0.0,0.0,0.0,0.0,0.0,1,0.0,0
0.0,0.0,0.0,0.0,8.1,0.0,0.0,0.0,5,0.0,0.0,0.0,0.0,0.0,0.0,0.0,1,0.0,0
0.0,0.0,0.0,0.0,8.1,0.0,0.0,0.0,5,0.0,0.0,0.0,0.0,0.0,0.0,0.0,1,0.0,0
0.0,0.0,0.0,0.0,0.0,0.0,0.76,2.3,138,0.76,0.0,0.0,0.76,0.0,0.0,0.0,7,0.0,0
0.0,0.0,0.0,0.0,8.1,0.0,0.0,0.0,9,0.0,0.0,0.0,0.0,0.0,0.0,0.0,5,0.0,0
0.0,0.0,0.0,0.0,0.41,0.0,0.0,2.49,512,0.0,0.0,0.0,0.62,0.0,0.0,0.0,127,0.0,0
1.17,0.04,0.04,0.006,1.3,0.13,0.04,0.9,1192,0.04,0.027,0.09,0.54,0.22,0.0,0.0,29,0.0,0
0.99,0.0,0.0,0.0,0.99,0.0,0.0,0.0,34,0.0,0.0,0.0,0.0,0.0,0.0,0.0,5,0.0,0
1.4,0.0,0.0,0.0,1.4,0.0,0.7,0.0,377,0.0,0.0,0.0,0.0,0.0,0.0,0.0,200,0.0,0
0.0,0.0,0.0,0.0,0.59,0.0,0.0,1.78,81,0.59,0.088,0.0,1.19,0.0,0.0,0.0,10,0.0,0
1.07,0.0,0.0,0.037,1.07,0.0,0.53,1.34,194,0.26,0.0,0.26,0.0,0.0,0.0,0.0,8,0.26,0
0.0,0.0,0.0,0.0,1.02,0.0,0.0,0.0,40,2.04,0.0,0.0,0.0,0.0,0.0,0.0,5,0.0,0
1.1,0.0,0.0,0.0,1.24,0.0,0.0,1.65,367,0.82,0.02,0.0,0.82,0.0,0.0,0.0,34,0.0,0
0.0,0.0,0.0,0.0,0.0,0.0,0.0,0.0,3,0.0,0.0,0.0,0.0,0.0,0.0,0.0,1,0.0,0
0.0,0.0,0.0,0.0,0.0,0.0,0.0,0.0,27,0.0,0.0,0.0,0.0,0.0,0.0,0.0,5,0.0,0
0.0,0.0,0.0,0.0,0.0,0.0,0.0,0.39,124,0.0,0.0,0.0,0.0,0.0,0.0,0.0,38,0.39,0
0.0,0.0,0.0,0.0,0.0,0.0,0.0,1.58,103,1.58,0.0,0.0,1.58,0.79,0.0,0.0,15,0.0,0
0.0,0.0,0.0,0.0,0.0,0.0,0.0,0.0,178,0.0,0.0,0.0,0.0,0.0,0.0,0.0,46,0.0,0
0.0,0.0,0.0,0.0,1.63,0.0,0.0,0.0,17,3.27,0.0,0.0,0.0,0.0,0.0,0.0,5,0.0,0
0.0,0.0,0.0,0.0,1.22,0.0,0.0,2.86,116,0.0,0.063,0.0,2.45,0.0,0.0,0.0,12,0.4,0
0.0,0.0,0.0,0.0,0.0,0.0,0.0,0.0,13,0.0,0.0,0.0,0.0,0.0,0.0,0.0,4,0.0,0
0.0,0.0,0.0,0.0,1.21,0.0,0.0,0.0,21,0.0,0.0,0.0,0.0,0.0,0.0,0.0,2,0.0,0
1.16,0.0,0.0,0.0,0.0,0.0,0.0,2.32,50,0.0,0.139,0.0,1.16,0.0,0.0,0.0,10,0.0,0
0.0,0.0,0.0,0.0,0.0,0.0,0.0,0.0,5,0.0,0.0,0.0,0.0,0.0,0.0,0.0,1,0.0,0
0.0,0.0,0.0,0.0,0.0,0.0,0.0,0.0,15,0.0,0.0,0.0,0.0,0.0,0.0,0.0,3,0.0,0
0.0,0.0,0.0,0.16,0.99,0.0,0.0,0.49,1108,0.24,0.0,0.0,0.0,0.0,0.0,0.0,235,0.24,0
0.0,0.0,0.0,0.0,1.5,0.0,0.0,1.0,89,0.0,0.075,0.0,0.5,0.0,0.0,0.0,6,0.5,0
0.41,0.0,0.0,0.0,2.91,0.83,0.0,0.0,157,2.08,0.329,0.83,0.0,0.0,0.0,0.0,11,0.0,0
1.12,0.0,0.0,0.0,1.12,0.0,0.0,1.12,136,0.0,0.0,0.0,1.12,0.0,0.0,0.0,55,0.0,0
0.32,0.0,0.0,0.0,1.28,0.0,0.0,4.48,192,0.0,0.052,0.0,3.52,0.0,0.0,0.0,15,0.0,0
0.5,0.0,0.0,0.0,1.5,0.0,0.0,2.01,129,0.0,0.084,0.0,1.5,0.0,0.0,0.0,15,0.0,0
0.0,0.0,0.0,0.0,0.0,0.0,0.0,2.17,101,0.0,0.0,0.0,0.0,0.0,0.0,0.0,15,0.0,0
1.19,0.0,0.0,0.0,0.0,0.0,0.0,4.76,79,0.0,0.286,0.0,2.38,0.0,0.0,0.0,13,0.0,0
0.49,0.0,0.0,0.0,2.46,0.0,0.0,1.23,224,0.73,0.041,0.0,0.73,0.24,0.0,0.0,12,0.0,0
0.0,0.0,0.0,0.0,1.56,0.0,0.0,1.56,81,0.0,0.0,0.0,1.56,0.0,0.0,0.0,11,0.0,0
0.0,0.0,0.0,0.0,4.76,0.0,0.0,0.0,9,0.0,0.0,0.0,0.0,0.0,0.0,0.0,5,0.0,0
0.05,0.0,0.0,0.005,0.07,0.13,0.0,0.53,2349,0.33,0.0,0.0,0.55,0.03,0.23,0.0,38,0.0,0
0.0,0.0,0.0,0.0,0.0,0.0,0.0,0.0,16,0.0,0.0,0.0,0.0,0.0,0.0,0.0,4,0.0,0
0.0,0.0,0.0,0.0,0.0,0.0,0.0,0.0,8,0.0,0.0,0.0,0.0,0.0,0.0,0.0,4,0.0,0
0.16,0.0,0.0,0.015,0.21,0.0,0.0,0.64,1073,0.16,0.0,0.0,0.69,0.05,0.48,0.0,47,0.0,0
0.0,0.0,0.0,0.0,0.0,0.0,0.0,0.0,9,0.0,0.0,0.0,0.0,0.0,0.0,0.0,5,0.0,0
0.0,0.0,0.0,0.0,1.36,0.0,0.0,1.36,88,0.0,0.0,0.0,1.36,0.0,0.0,0.0,11,0.0,0
1.01,0.0,0.0,0.0,2.37,0.0,0.0,0.67,100,0.0,0.0,0.0,1.69,0.0,0.0,0.0,13,0.0,0
0.38,0.0,0.0,0.0,1.14,0.0,0.0,0.0,53,0.38,0.276,0.0,0.0,0.0,0.0,0.0,2,0.0,0
0.0,0.0,0.0,0.0,0.0,0.0,0.0,0.0,111,0.0,0.0,0.0,0.0,0.26,0.26,0.0,61,0.0,0
0.0,0.0,0.0,0.0,3.44,0.0,0.0,0.0,15,3.44,0.0,0.0,0.0,0.0,0.0,0.0,4,0.0,0
0.0,0.0,0.0,0.0,0.0,0.0,0.68,1.9,473,0.0,0.0,0.0,0.13,0.13,0.0,0.0,21,0.27,0
0.0,0.0,0.0,0.0,1.68,0.0,0.84,0.0,116,0.0,0.413,0.0,0.0,0.0,0.0,0.0,13,0.0,0
0.42,0.0,0.0,0.0,2.12,0.42,0.0,1.7,163,0.0,0.134,0.0,0.42,0.0,0.0,0.0,17,0.0,0
0.26,0.0,0.0,0.0,0.26,0.0,0.0,0.26,237,0.0,0.0,0.0,1.05,0.0,0.0,0.0,50,0.0,0
0.0,0.0,0.0,0.0,0.0,0.0,0.0,0.0,8,0.0,0.0,0.0,0.0,0.0,0.0,0.0,3,0.0,0
0.0,0.0,0.0,0.0,0.0,0.0,0.0,0.0,10,0.0,0.0,0.0,0.0,0.0,0.0,0.0,1,0.0,0
0.0,0.0,0.0,0.0,0.67,0.0,0.0,0.0,67,0.0,0.217,0.0,0.0,0.0,0.0,0.0,14,0.0,0
0.0,0.0,0.0,0.0,0.0,0.0,0.0,0.0,10,0.0,0.0,0.0,0.0,0.0,0.0,0.0,4,0.0,0
0.0,0.0,0.0,0.0,0.0,0.0,0.0,0.0,45,0.0,0.0,0.0,0.0,0.0,0.0,0.0,8,0.0,0
1.16,0.0,0.0,0.0,2.32,0.0,0.0,0.0,51,0.0,0.0,0.0,0.0,0.0,0.0,0.0,17,0.0,0
0.0,0.0,0.0,0.0,0.0,0.0,0.0,15.38,34,0.0,0.0,0.0,7.69,0.0,0.0,0.0,17,0.0,0
0.0,0.0,0.0,0.0,0.0,0.0,0.0,0.0,9,0.0,0.0,0.0,0.0,0.0,0.0,0.0,2,0.0,0
0.0,0.0,0.0,0.0,0.0,0.0,0.0,0.0,48,0.0,0.0,0.0,0.0,0.0,0.0,0.0,8,0.0,0
0.0,0.0,0.0,0.0,0.0,0.0,0.0,0.0,13,0.0,0.0,0.0,0.0,0.0,0.0,0.0,3,0.0,0
3.4,0.0,0.0,0.0,2.27,0.0,0.0,0.0,11,1.13,0.0,0.0,0.0,0.0,0.0,0.0,1,0.0,0
0.0,0.0,0.0,0.0,0.0,0.0,0.0,0.87,100,0.0,0.0,0.0,0.87,0.0,0.0,0.0,11,0.0,0
5.26,0.0,0.0,0.0,0.0,0.0,0.0,0.0,6,0.0,0.0,0.0,0.0,0.0,0.0,0.0,1,0.0,0
0.0,0.0,0.0,0.0,4.34,0.0,0.0,0.0,18,0.0,0.735,0.0,0.0,0.0,0.0,0.0,10,0.0,0
2.5,0.0,0.0,0.0,0.0,0.0,0.0,0.0,5,0.0,0.0,0.0,0.0,0.0,0.0,0.0,1,0.0,0
0.0,0.0,0.0,0.0,2.43,0.0,0.0,0.0,14,0.0,0.0,0.0,0.0,0.0,0.0,0.0,3,0.0,0
1.33,0.0,0.0,0.0,0.0,0.0,0.0,2.0,97,0.0,0.0,0.0,1.33,0.0,0.66,0.0,12,0.0,0
0.0,0.0,0.0,0.0,0.0,0.0,0.0,0.0,118,0.0,0.0,0.0,0.0,0.0,0.0,0.0,8,0.0,0
0.0,0.0,0.0,0.0,0.0,0.0,0.0,0.0,82,0.0,0.0,0.0,0.0,0.0,0.0,0.0,11,0.0,0
2.17,0.0,0.0,0.0,4.34,0.0,0.0,0.0,8,0.0,0.0,0.0,0.0,0.0,0.0,0.0,1,0.0,0
1.69,0.0,0.0,0.0,0.0,0.0,0.0,0.0,11,0.0,0.0,0.0,0.0,0.0,0.0,0.0,3,0.0,0
0.0,0.0,0.0,0.0,0.0,0.0,0.0,0.0,9,0.0,0.0,0.0,0.0,0.0,0.0,0.0,6,0.0,0
0.0,0.0,0.0,0.0,0.0,0.0,0.0,0.0,8,0.0,0.0,0.0,0.0,0.0,0.0,0.0,6,0.0,0
0.0,0.0,0.0,0.0,3.28,0.0,0.0,1.31,88,1.31,0.116,0.0,0.65,0.65,0.0,0.0,12,0.0,0
8.0,0.0,0.0,0.0,2.0,0.0,0.0,0.0,53,0.0,0.0,2.0,0.0,0.0,0.0,0.0,29,0.0,0
0.0,0.0,0.0,0.0,0.0,0.0,0.0,0.0,161,0.0,0.0,0.0,0.0,0.0,0.0,0.0,28,0.0,0
0.0,0.0,0.0,0.0,0.0,0.0,0.0,0.0,6,0.0,0.0,0.0,0.0,0.0,0.0,0.0,4,0.0,0
0.0,0.0,0.0,0.0,0.0,0.0,0.0,0.0,41,0.0,0.0,0.0,0.0,0.0,0.0,0.0,7,0.0,0
1.61,0.0,0.0,0.0,0.0,0.0,0.0,0.0,43,0.0,0.506,0.0,0.0,0.0,0.0,0.0,6,0.0,0
0.0,0.0,0.0,0.0,0.0,0.0,0.0,0.0,91,0.0,0.0,0.0,0.0,0.0,0.0,0.0,8,0.0,0
0.0,0.0,0.0,0.0,0.0,0.0,0.0,0.0,298,0.0,0.0,0.0,0.0,0.0,0.0,0.0,28,0.0,0
0.47,0.0,0.0,0.069,1.18,0.0,0.23,0.0,215,0.0,0.0,0.0,0.0,0.23,0.0,0.0,44,0.0,0
0.67,0.0,0.67,0.0,3.37,0.0,0.0,0.0,58,0.0,0.0,0.0,0.0,0.0,0.0,0.0,7,0.0,0
0.0,0.0,0.0,0.0,0.0,0.0,0.0,0.0,61,0.0,0.0,0.0,0.0,0.0,0.0,0.0,7,0.0,0
0.0,0.0,0.0,0.0,0.0,0.0,0.0,0.0,7,0.0,0.0,0.0,0.0,0.0,0.0,0.0,5,0.0,0
0.0,0.0,0.0,0.0,0.0,0.0,0.0,0.0,7,0.0,0.0,0.0,0.0,0.0,0.0,0.0,5,0.0,0
0.0,0.0,0.0,0.0,0.0,0.0,0.0,0.0,7,0.0,0.0,0.0,0.0,0.0,0.0,0.0,5,0.0,0
0.0,0.0,0.0,0.0,0.87,0.0,0.0,0.87,103,0.0,0.0,0.0,0.87,0.0,0.0,0.0,11,0.0,0
0.0,0.0,0.0,0.053,0.0,0.0,0.82,2.97,574,0.0,0.0,0.0,0.0,0.1,0.0,0.0,19,0.51,0
0.0,0.0,0.0,0.0,0.43,0.0,0.0,1.74,212,0.87,0.059,0.0,1.74,0.43,0.0,0.0,15,0.0,0
0.0,0.0,0.0,0.0,0.0,0.0,0.0,0.0,43,0.0,0.0,0.0,0.0,0.0,0.0,0.0,7,0.0,0
0.0,0.0,0.0,0.0,0.0,0.0,0.0,0.72,107,0.0,0.0,0.0,0.0,0.0,0.0,0.0,12,0.0,0
0.19,0.0,0.0,0.0,0.59,0.0,0.0,1.39,349,0.59,0.0,0.0,0.0,0.0,0.0,0.0,34,0.0,0
1.01,0.0,0.0,0.0,2.02,0.0,0.0,2.02,45,0.0,0.0,0.0,1.01,1.01,0.0,0.0,11,0.0,0
0.0,0.0,0.0,0.0,0.57,0.0,0.0,0.86,52,0.0,0.043,0.0,0.0,0.0,0.0,0.0,7,0.0,0
0.0,0.0,0.0,0.0,0.0,0.0,0.0,0.0,55,1.05,0.0,0.0,0.0,0.0,0.0,0.0,10,0.0,0
0.0,0.0,0.0,0.0,4.83,1.61,0.0,0.0,29,0.0,0.0,0.0,0.0,0.0,0.0,0.0,7,0.0,0
0.0,0.0,0.0,0.0,0.0,0.0,0.0,1.16,31,0.0,0.0,0.0,1.16,0.0,0.0,0.0,7,0.0,0
0.0,0.0,0.0,0.0,2.32,0.0,0.0,0.0,52,0.0,0.344,0.0,0.0,0.0,0.0,0.0,17,0.0,0
0.0,0.0,0.0,0.0,6.81,0.0,0.0,0.0,5,0.0,0.0,0.0,0.0,0.0,0.0,0.0,1,0.0,0
0.0,0.0,0.0,0.0,3.31,0.0,0.0,2.2,187,0.0,0.0,0.0,1.65,0.0,0.0,0.0,34,0.0,0
1.16,0.0,0.0,0.0,3.48,0.0,0.0,0.0,49,0.77,0.0,0.0,0.0,0.38,0.0,0.0,5,0.0,0
0.63,0.0,0.0,0.061,0.84,0.1,0.1,1.47,939,0.31,0.038,0.0,0.36,0.1,0.0,0.05,25,0.0,0
2.5,0.0,0.0,0.0,5.0,0.0,0.0,0.0,8,0.0,0.0,0.0,0.0,0.0,0.0,0.0,2,0.0,0
1.58,0.0,0.0,0.0,3.17,0.0,0.0,1.58,35,0.0,0.0,0.0,0.0,0.0,0.0,0.0,5,0.0,0
1.31,0.0,0.0,0.0,1.31,0.0,0.0,1.31,42,0.0,0.0,0.0,0.0,0.0,0.0,0.0,15,0.0,0
1.4,0.0,0.0,0.0,1.4,0.0,0.7,0.0,378,0.0,0.0,0.0,0.0,0.0,0.0,0.0,200,0.0,0
0.65,0.0,0.0,0.0,0.65,0.0,0.0,1.3,48,0.0,0.0,0.0,0.0,0.0,0.0,0.0,4,0.0,0
0.0,0.0,0.0,0.0,2.17,0.0,0.0,0.0,8,2.17,0.0,0.0,0.0,0.0,0.0,0.0,1,0.0,0
0.0,0.0,0.0,0.0,0.0,0.0,0.0,0.0,161,0.0,0.0,0.0,0.49,0.49,0.99,0.0,29,0.0,0
1.07,0.0,0.0,0.0,3.76,1.07,0.0,0.0,67,0.53,0.367,1.07,0.0,0.0,0.0,0.0,21,0.53,0
0.0,0.0,0.0,0.0,5.0,0.71,0.0,0.0,43,0.0,0.0,0.71,0.0,0.0,0.0,0.0,5,0.0,0
0.0,0.0,0.0,0.0,3.84,1.92,0.0,0.0,31,0.0,0.171,0.0,0.0,0.0,0.0,0.0,5,0.0,0
0.0,0.0,0.0,0.0,1.13,0.0,1.7,0.0,71,0.56,0.0,0.0,0.0,0.0,0.0,0.0,13,0.0,0
0.0,0.38,0.0,0.108,0.0,0.0,0.58,3.48,303,0.0,0.0,0.0,0.0,0.0,0.0,0.0,23,0.0,0
0.0,0.0,0.0,0.0,0.0,0.0,0.0,1.58,48,0.0,0.0,0.0,1.58,0.0,0.0,0.0,6,0.0,0
0.0,0.0,0.0,0.0,0.0,0.0,0.0,0.0,186,0.0,0.0,0.0,0.0,0.0,0.0,0.0,28,0.0,0
0.0,0.0,0.0,0.0,0.0,0.0,0.0,0.0,115,0.0,0.0,0.0,0.0,0.0,0.0,0.0,9,0.0,0
0.0,0.0,0.0,0.0,0.0,0.0,0.0,3.03,65,0.0,0.0,0.0,3.03,0.0,0.0,0.0,22,0.0,0
0.0,0.0,0.0,0.0,0.0,0.0,0.0,0.0,10,0.0,0.0,0.0,0.0,0.0,0.0,0.0,4,0.0,0
0.0,0.0,0.0,0.0,0.0,0.0,0.0,8.69,30,0.0,0.0,0.0,4.34,0.0,0.0,0.0,11,0.0,0
0.0,0.0,0.0,0.0,2.32,2.32,0.0,0.0,9,0.0,0.0,0.0,0.0,0.0,0.0,0.0,1,0.0,0
0.0,0.0,0.0,0.0,0.0,0.0,0.0,1.05,73,1.05,0.0,0.0,0.0,0.0,0.0,0.0,7,0.0,0
0.0,0.0,0.0,0.0,0.16,0.0,0.0,0.0,240,0.66,0.0,0.0,0.0,0.0,0.0,0.0,19,0.0,0
0.0,0.0,0.0,0.017,0.0,0.0,0.24,0.49,456,0.12,0.0,0.12,0.0,0.12,0.12,0.0,18,0.37,0
0.0,0.0,0.0,0.0,0.0,0.0,0.0,0.0,15,0.0,0.0,0.0,0.0,0.0,0.0,0.0,3,0.0,0
0.0,0.0,0.0,0.0,0.0,0.0,0.0,0.0,10,0.0,0.0,0.0,0.0,0.0,0.0,0.0,1,0.0,0
0.0,0.12,0.0,0.016,0.0,0.0,0.6,3.63,425,0.0,0.0,0.0,0.0,0.0,0.0,0.12,25,0.36,0
0.66,0.0,0.0,0.0,1.98,1.98,0.0,0.0,47,0.0,0.44,0.66,0.0,0.0,0.66,0.0,5,0.0,0
0.0,0.0,0.0,0.0,0.0,0.27,0.0,0.27,189,0.27,0.0,0.0,0.27,0.0,0.0,0.0,55,0.27,0
0.0,0.0,0.0,0.0,0.0,0.0,0.0,0.0,112,0.0,0.0,0.0,0.0,0.0,0.0,0.0,28,0.0,0
0.0,0.0,0.0,0.0,2.82,0.0,0.0,1.12,57,0.0,0.0,0.56,0.56,0.0,0.0,0.0,7,0.0,0
0.0,0.0,0.0,0.0,0.0,1.4,0.0,0.0,46,0.0,0.0,0.0,0.0,0.0,0.0,0.0,9,0.0,0
0.0,0.0,0.0,0.0,0.0,0.0,0.0,1.18,282,0.0,0.0,0.0,0.59,0.0,0.0,0.0,75,0.0,0
0.0,0.0,0.0,0.0,1.56,0.0,0.0,0.78,89,0.0,0.0,0.0,0.78,0.0,0.0,0.0,11,0.0,0
0.76,0.0,0.0,0.0,1.53,0.0,0.0,0.0,33,0.0,0.0,0.0,0.0,0.76,0.0,0.0,4,0.0,0
0.0,0.0,0.0,0.0,0.0,0.0,0.0,0.0,10,0.0,0.0,0.0,0.0,0.0,0.0,0.0,4,0.0,0
0.86,0.0,0.0,0.0,1.73,0.0,0.0,6.08,73,0.0,0.133,0.0,3.47,0.0,0.0,0.0,13,0.0,0
2.85,0.0,0.0,0.0,0.0,0.0,0.0,0.0,38,2.85,0.0,0.0,0.0,0.0,0.0,0.0,29,0.0,0
0.0,0.0,0.0,0.0,0.0,0.0,0.0,0.0,13,0.0,0.925,0.0,0.0,0.0,0.0,0.0,4,0.0,0
0.82,0.0,0.0,0.0,1.65,0.0,0.0,0.0,47,0.82,0.0,0.0,0.0,0.0,0.0,0.0,5,0.0,0
0.15,0.0,0.0,0.021,0.31,0.0,0.0,0.55,890,0.0,0.0,0.0,0.63,0.0,0.71,0.0,42,0.0,0
0.08,0.0,0.0,0.008,0.11,0.0,0.0,0.5,1617,0.05,0.0,0.0,0.53,0.02,0.35,0.0,52,0.0,0
0.0,0.0,0.0,0.0,0.0,0.0,0.0,2.18,204,0.0,0.0,0.0,0.0,0.0,0.0,0.0,59,0.0,0
0.09,0.0,0.0,0.009,0.13,0.0,0.0,1.4,2688,0.06,0.0,0.0,1.44,0.03,0.32,0.0,34,0.0,0
0.18,0.0,0.0,0.017,0.24,0.0,0.0,1.14,1345,0.0,0.0,0.0,1.2,0.06,0.54,0.0,38,0.0,0
0.0,0.0,0.0,0.0,1.05,1.05,0.0,0.0,47,0.0,0.338,0.0,1.05,0.0,0.0,0.0,12,0.0,0
0.0,0.0,0.0,0.0,0.0,0.0,0.0,1.61,47,0.0,0.0,0.0,1.61,0.0,0.0,0.0,6,0.0,0
0.0,0.0,0.0,0.043,0.53,0.0,0.53,0.8,61,0.0,0.0,0.0,0.0,0.0,0.0,0.0,4,0.0,0
0.15,0.0,0.0,0.0,0.35,0.09,0.18,0.0,3168,0.09,0.016,0.0,0.0,0.03,0.05,0.03,102,0.0,0
0.0,0.0,0.0,0.0,0.0,0.0,1.01,2.02,68,0.0,0.162,0.0,1.01,0.0,0.0,0.0,12,0.0,0
0.0,0.0,0.0,0.0,3.33,0.0,0.0,0.0,21,0.0,1.156,0.0,0.0,0.0,0.0,0.0,10,0.0,0
0.0,0.0,0.0,0.0,0.0,0.0,0.0,0.0,6,4.76,0.0,0.0,0.0,0.0,0.0,0.0,1,0.0,0
0.0,0.0,0.0,0.0,2.15,0.0,0.0,2.15,55,0.0,0.0,0.0,3.22,0.0,0.0,0.0,11,0.0,0
1.47,0.0,0.0,0.0,0.0,0.0,0.0,0.0,41,0.0,0.0,0.0,1.47,0.0,0.0,0.0,16,0.0,0
0.0,0.0,0.0,0.0,1.51,0.0,0.0,0.0,15,0.0,0.595,0.0,0.0,0.0,0.0,0.0,4,0.0,0
0.0,0.0,0.0,0.0,4.54,0.0,0.0,0.0,20,0.0,0.763,0.0,0.0,0.0,0.0,0.0,8,0.0,0
0.0,0.0,0.0,0.0,0.0,0.0,0.0,2.22,30,0.0,0.0,0.0,6.66,0.0,0.0,0.0,6,0.0,0
0.0,0.0,0.0,0.0,0.0,0.0,0.0,0.0,7,0.0,0.0,0.0,0.0,0.0,0.0,0.0,1,0.0,0
0.0,0.0,0.0,0.0,0.0,0.0,0.0,0.0,6,0.0,0.0,0.0,0.0,0.0,0.0,0.0,1,0.0,0
0.0,0.0,0.0,0.0,0.0,0.0,0.0,0.0,4,0.0,0.0,0.0,0.0,0.0,0.0,0.0,1,0.0,0
2.58,0.0,0.0,0.0,0.86,0.0,0.0,1.72,58,0.0,0.11,0.0,0.86,0.0,0.0,0.0,10,0.0,0
0.0,0.0,0.0,0.0,0.0,0.0,0.0,2.99,195,0.0,0.043,0.0,1.87,0.0,0.0,0.0,15,0.0,0
0.0,0.0,0.0,0.0,0.0,0.0,0.0,4.08,37,0.0,0.0,0.0,2.04,0.0,0.0,0.0,10,0.0,0
0.0,0.0,0.0,0.0,1.23,1.23,0.0,0.0,43,0.0,0.192,0.0,1.23,0.0,0.0,0.0,12,0.0,0
0.0,0.0,0.0,0.0,2.94,0.0,0.0,0.0,7,0.0,0.0,0.0,0.0,0.0,0.0,0.0,1,0.0,0
0.0,0.0,0.66,0.0,0.0,0.0,0.0,8.0,139,0.0,0.0,0.0,6.0,0.0,0.0,0.0,18,0.0,0
0.0,0.0,0.0,0.0,1.62,0.0,0.0,0.0,18,0.0,0.0,0.0,0.0,0.0,0.0,0.0,3,0.0,0
0.0,0.0,0.0,0.0,0.68,0.0,0.0,1.37,90,0.0,0.0,0.0,0.68,0.0,0.0,0.0,11,0.0,0
0.57,0.0,0.0,0.0,2.89,0.0,0.0,0.0,40,0.0,0.0,0.0,0.0,0.0,0.0,0.0,5,0.0,0
0.0,0.0,0.0,0.0,1.03,0.0,0.0,0.0,26,2.06,0.0,0.0,0.0,0.0,0.0,0.0,5,0.0,0
1.25,0.0,0.0,0.0,1.87,0.0,0.0,1.87,141,0.0,0.0,0.0,1.87,0.0,0.62,0.0,12,0.0,0
0.94,0.0,0.0,0.0,1.89,0.0,0.0,1.42,112,0.0,0.0,0.0,0.94,0.0,0.0,0.0,13,0.0,0
0.18,0.0,0.0,0.039,0.0,0.0,0.27,3.06,590,0.09,0.0,0.27,0.0,0.0,0.0,0.0,24,0.0,0
0.0,0.0,0.0,0.0,0.0,0.0,0.0,0.0,89,0.0,0.0,0.0,0.0,0.0,0.0,0.0,8,0.0,0
0.0,0.0,0.0,0.0,1.69,0.0,0.0,0.0,68,0.0,0.0,0.0,0.0,0.0,0.0,0.0,12,0.0,0
0.0,0.0,0.0,0.0,18.75,0.0,0.0,0.0,6,0.0,0.0,0.0,0.0,0.0,0.0,0.0,1,0.0,0
2.23,0.0,0.0,0.0,1.67,0.55,0.0,0.55,48,1.11,0.085,0.0,0.55,0.0,0.0,0.0,5,0.55,0
0.0,0.0,0.0,0.0,0.0,0.0,0.0,2.08,78,1.04,0.0,0.0,2.08,0.0,0.0,0.0,22,0.0,0
0.0,0.0,0.0,0.0,0.0,0.0,0.0,0.0,37,0.0,0.0,0.0,0.0,0.0,0.0,0.0,26,0.0,0
0.0,0.0,0.0,0.0,3.57,0.0,0.0,0.0,25,0.0,0.523,0.0,0.0,0.0,0.0,0.0,9,0.0,0
1.25,0.0,0.0,0.0,1.0,0.0,0.0,0.5,227,0.0,0.0,0.0,0.25,0.0,0.0,0.0,11,0.0,0
0.0,0.0,0.0,0.0,5.88,0.0,0.0,0.0,4,0.0,0.0,0.0,0.0,0.0,0.0,0.0,1,0.0,0
1.06,0.0,0.0,0.009,1.23,0.19,0.0,1.53,1738,0.13,0.019,0.19,0.23,0.06,0.03,0.0,25,0.03,0
0.0,0.0,0.0,0.0,0.0,0.0,0.0,0.0,160,0.28,0.0,0.0,0.0,0.0,0.0,0.0,11,0.0,0
0.0,0.0,0.0,0.0,0.52,0.0,0.0,2.64,112,0.52,0.0,0.0,2.64,0.0,0.0,0.0,12,0.0,0
0.0,0.0,0.0,0.0,0.0,0.0,0.0,0.0,4,0.0,0.0,0.0,0.0,0.0,0.0,0.0,1,0.0,0
0.0,0.0,0.0,0.0,3.12,0.0,0.0,6.25,38,0.0,0.0,0.0,3.12,0.0,0.0,0.0,11,0.0,0
0.0,0.0,0.0,0.0,0.58,0.0,0.0,0.58,315,0.58,0.0,0.0,0.58,0.0,0.0,0.0,98,0.0,0
3.85,0.0,0.33,0.051,2.01,0.0,1.67,0.0,638,0.33,1.027,0.33,0.0,0.16,0.33,0.33,70,0.83,0
6.17,0.0,0.0,0.0,4.24,0.38,0.38,0.0,95,0.77,0.109,0.38,0.0,0.0,0.0,0.0,4,0.38,0
0.0,0.0,0.0,0.0,2.02,0.5,0.0,0.0,122,0.0,0.181,0.0,0.0,0.0,0.0,0.0,12,0.0,0
0.0,0.0,0.0,0.0,0.0,0.0,0.0,0.0,147,0.29,0.0,0.0,0.0,0.0,0.0,0.0,11,0.0,0
0.0,0.0,0.0,0.0,0.0,0.0,0.0,0.0,190,0.0,0.024,0.0,0.0,0.0,0.13,0.13,8,0.0,0
0.0,0.0,0.0,0.0,0.0,0.0,0.0,0.0,34,0.0,0.0,0.0,0.0,0.0,0.94,0.0,6,0.0,0
0.0,0.0,0.0,0.0,0.0,0.0,0.0,0.0,30,0.0,0.0,0.0,0.0,0.0,0.0,0.0,6,0.0,0
0.0,0.0,0.0,0.0,0.88,0.0,0.0,1.76,61,0.88,0.0,0.0,1.76,0.0,0.0,0.0,6,0.0,0
0.0,0.0,0.0,0.0,0.0,0.0,0.0,0.0,8,0.0,0.0,0.0,0.0,0.0,0.0,0.0,3,0.0,0
0.57,0.0,0.0,0.0,0.0,0.0,0.0,5.2,211,0.0,0.0,0.0,6.06,0.0,0.28,0.0,9,0.28,0
0.0,0.0,0.0,0.0,9.09,0.0,0.0,0.0,2,0.0,0.0,0.0,0.0,0.0,0.0,0.0,1,0.0,0
0.0,0.0,0.0,0.0,4.5,0.0,0.0,0.9,29,0.9,0.0,0.0,0.0,0.0,0.0,0.0,4,0.0,0
0.13,0.13,0.0,0.0,0.13,0.0,0.13,2.09,317,0.13,0.0,0.0,0.0,0.0,0.0,0.0,23,0.0,0
0.0,0.0,0.0,0.0,0.0,0.0,0.0,0.0,36,0.0,0.375,0.0,0.0,0.0,0.0,0.0,7,0.0,0
0.3,0.0,0.0,0.042,1.21,0.0,0.6,0.0,168,0.3,0.042,0.0,0.0,0.0,0.0,0.0,13,0.0,0
0.86,0.0,0.0,0.124,4.34,0.0,0.0,0.43,77,0.0,0.0,0.0,0.0,0.0,0.0,0.0,18,0.0,0
0.0,0.0,0.0,0.0,0.0,0.0,0.0,0.0,71,0.0,0.0,0.0,0.0,0.0,0.0,0.0,7,0.0,0
0.0,0.0,0.0,0.0,0.0,0.0,0.0,0.0,1,0.0,0.0,0.0,0.0,0.0,0.0,0.0,1,0.0,0
0.0,0.0,0.0,0.0,0.0,0.0,0.0,0.0,6,0.0,0.0,0.0,0.0,0.0,0.0,0.0,1,0.0,0
2.35,0.0,0.0,0.0,0.0,0.0,0.0,0.0,54,0.0,0.0,0.0,1.17,0.0,0.0,0.0,12,0.0,0
0.18,0.0,0.0,0.025,0.37,0.09,0.0,0.56,909,0.0,0.0,0.0,0.66,0.0,0.94,0.0,87,0.0,0
0.22,0.0,0.0,0.03,0.45,0.0,0.0,0.56,678,0.0,0.0,0.0,0.68,0.0,1.02,0.0,81,0.0,0
0.19,0.0,0.0,0.019,0.26,0.0,0.0,0.79,880,0.19,0.0,0.0,0.86,0.0,0.73,0.0,37,0.0,0
0.15,0.0,0.0,0.014,0.2,0.0,0.0,0.65,1080,0.15,0.0,0.0,0.7,0.1,0.55,0.0,45,0.0,0
0.0,0.0,0.0,0.0,0.0,0.0,0.0,1.21,99,0.0,0.0,0.0,1.21,0.0,0.0,0.0,11,0.0,0
0.0,0.0,0.0,0.0,0.0,0.0,0.0,0.0,12,5.26,0.0,0.0,0.0,0.0,0.0,0.0,7,0.0,0
0.63,0.0,0.0,0.053,1.78,0.1,0.0,0.0,417,0.21,0.07,0.0,0.0,0.1,0.1,0.1,29,0.0,0
0.88,0.0,0.0,0.0,0.88,0.0,0.0,0.0,67,0.0,0.0,0.0,0.0,0.0,0.0,0.0,9,0.0,0
0.37,0.0,0.0,0.054,1.12,0.0,0.75,0.0,128,0.37,0.0,0.0,0.0,0.0,0.0,0.0,4,0.0,0
0.0,0.0,0.0,0.043,0.0,0.0,0.41,2.07,525,0.0,0.0,0.0,0.0,0.1,0.0,0.0,24,0.0,0
0.0,0.0,0.0,0.0,0.0,0.0,0.0,0.0,10,0.0,0.0,0.0,0.0,0.0,0.0,0.0,2,0.0,0
0.72,0.0,0.0,0.0,0.72,0.0,0.48,1.69,285,0.0,0.0,0.0,0.0,0.0,0.0,0.0,87,0.0,0
0.29,0.0,0.0,0.0,2.38,0.29,0.29,1.19,212,0.0,0.344,0.0,0.59,0.0,0.0,0.0,17,0.0,0
0.0,0.0,0.0,0.0,0.0,0.0,0.0,0.0,10,0.0,0.0,0.0,0.0,0.0,0.0,0.0,2,0.0,0
0.0,0.0,0.0,0.0,0.0,0.0,0.0,13.04,60,0.0,0.0,0.0,0.0,0.0,0.0,0.0,8,0.0,0
0.42,0.0,0.21,0.069,1.49,0.0,0.0,0.21,312,0.0,0.0,0.0,0.21,0.0,0.0,0.0,37,0.0,0
0.0,0.0,0.0,0.0,0.0,0.0,0.0,13.04,60,0.0,0.0,0.0,0.0,0.0,0.0,0.0,8,0.0,0
0.0,0.07,0.0,0.009,0.0,0.0,0.15,4.42,707,0.15,0.0,0.0,0.0,0.0,0.07,0.0,27,0.07,0
0.0,0.0,0.0,0.0,0.0,0.0,0.0,0.0,48,0.0,0.0,0.0,0.0,0.0,0.0,0.0,7,0.0,0
0.0,0.0,0.0,0.0,0.0,0.0,0.0,0.0,1589,0.0,0.0,0.0,0.0,0.0,0.0,0.0,28,0.0,0
0.0,0.0,0.0,0.0,0.0,0.0,0.0,0.0,40,0.0,0.0,0.0,0.0,0.0,0.0,0.0,39,0.0,0
0.74,0.08,0.0,0.0,0.99,0.0,0.08,0.74,500,0.58,0.0,0.0,0.66,0.08,0.08,0.0,60,0.0,0
0.0,0.0,0.0,0.0,3.12,0.0,0.0,3.12,38,1.56,0.0,0.0,1.56,0.0,0.0,0.0,11,0.0,0
0.0,0.0,0.0,0.0,0.0,0.0,0.0,0.0,28,0.0,0.0,0.0,0.0,0.0,0.0,0.0,4,0.0,0
0.0,0.0,0.0,0.0,0.28,0.0,0.0,0.28,110,0.0,0.0,0.0,0.28,0.0,0.0,0.0,8,0.0,0
0.0,0.0,0.0,0.0,0.0,0.0,0.0,0.0,22,0.0,0.0,0.0,4.7,0.0,0.0,0.0,3,1.17,0
0.64,0.0,0.0,0.097,1.28,0.0,0.21,0.0,255,0.0,0.0,0.21,0.0,0.21,0.0,0.0,55,0.0,0
0.0,0.0,0.0,0.0,0.0,0.0,0.0,1.16,98,1.16,0.0,0.0,1.16,0.0,0.0,0.0,11,0.0,0
0.0,0.0,0.0,0.0,0.0,0.0,0.0,0.0,38,0.0,0.0,0.0,0.0,0.0,0.0,0.0,10,0.0,0
0.0,0.0,0.0,0.0,0.0,0.0,0.0,0.0,41,0.0,0.0,0.0,0.0,0.0,0.0,0.0,16,0.0,0
0.0,0.0,0.0,0.0,2.6,0.0,0.0,0.0,23,0.0,0.0,0.0,0.0,0.0,0.0,1.73,6,0.0,0
0.72,0.0,0.0,0.0,0.72,0.0,0.48,1.69,283,0.0,0.0,0.0,0.0,0.0,0.0,0.0,87,0.0,0
0.0,0.0,0.0,0.0,0.0,0.0,0.0,0.31,219,0.0,0.0,0.0,0.0,0.0,0.0,0.0,11,0.0,0
0.0,0.0,0.0,0.0,0.0,0.0,0.0,3.57,52,1.19,0.0,0.0,3.57,0.0,0.0,0.0,14,0.0,0
2.87,0.0,0.0,0.0,0.71,0.0,0.0,2.15,156,0.0,0.0,0.0,0.71,0.0,0.0,0.0,27,0.0,0
0.0,0.0,0.0,0.0,0.0,0.0,0.0,2.63,61,0.0,0.15,0.0,1.31,0.0,0.0,0.0,10,0.0,0
0.0,0.0,0.0,0.0,0.0,0.0,0.53,3.82,511,0.31,0.0,0.0,0.0,0.0,0.0,0.0,18,0.1,0
2.63,0.0,0.0,0.0,2.63,0.0,0.0,5.26,40,2.63,0.0,0.0,2.63,0.0,0.0,0.0,11,0.0,0
0.0,0.0,0.0,0.0,0.0,0.0,0.0,0.0,11,5.55,0.0,0.0,0.0,0.0,0.0,0.0,3,0.0,0
0.0,0.0,0.0,0.0,0.0,0.0,0.0,0.0,48,0.0,0.0,0.0,0.0,0.0,0.0,0.0,7,0.0,0
0.31,0.0,0.62,0.049,1.25,0.0,0.0,0.0,321,0.0,0.247,0.0,0.0,0.0,0.0,0.0,90,0.0,0
0.76,0.0,0.0,0.0,1.27,0.0,0.0,1.27,183,0.25,0.0,0.0,1.02,0.51,0.0,0.0,10,0.0,0
2.32,0.0,0.0,0.0,0.77,0.0,0.0,0.0,29,0.0,0.0,0.0,0.0,0.0,0.0,0.0,12,0.0,0
4.02,0.0,0.0,0.0,4.02,0.0,0.0,0.75,209,0.0,0.0,0.0,0.75,0.0,0.0,0.0,29,0.0,0
0.0,0.0,0.0,0.0,1.61,0.0,0.0,1.61,20,0.0,0.0,0.0,0.0,0.0,0.0,0.0,4,0.0,0
0.0,0.0,0.0,0.0,1.86,0.0,0.0,3.73,38,0.0,0.0,0.0,0.0,0.0,0.0,0.0,5,0.0,0
1.96,0.0,0.0,0.0,1.96,0.0,0.0,0.0,30,0.0,0.0,0.0,0.0,0.0,0.0,0.0,11,0.0,0
0.0,0.0,0.0,0.0,1.19,0.0,0.0,1.19,90,0.0,0.0,0.0,0.59,0.0,0.0,0.0,7,0.59,0
0.0,0.0,0.0,0.0,0.0,0.0,0.0,2.53,57,0.0,0.0,0.0,1.26,0.0,0.0,0.0,10,0.0,0
0.46,0.05,0.05,0.021,0.71,0.1,0.05,1.84,1123,0.15,0.029,0.15,0.3,0.0,0.05,0.0,25,0.05,0
0.0,0.0,0.0,0.0,2.85,0.0,0.0,0.0,43,0.0,0.436,0.0,0.0,0.0,0.0,0.0,13,0.0,0
1.21,0.0,0.0,0.0,0.6,0.0,0.0,0.0,86,0.0,0.0,0.0,0.0,0.0,0.0,0.0,13,0.0,0
0.04,0.0,0.0,0.0,0.09,0.0,0.0,0.04,1787,0.04,0.0,0.09,0.0,0.04,0.0,0.0,185,0.09,0
0.0,0.0,0.0,0.0,0.62,0.62,0.62,1.87,31,0.0,0.103,0.0,0.62,0.0,0.0,0.0,4,0.0,0
1.53,0.0,0.0,0.0,0.76,0.0,0.0,10.76,274,0.0,0.0,0.0,0.0,0.0,0.0,0.0,31,0.0,0
0.0,0.0,0.0,0.0,0.0,0.0,0.36,1.81,211,0.36,0.05,0.0,0.72,0.0,0.0,0.0,11,0.0,0
3.79,0.0,0.0,0.0,1.55,0.0,0.0,0.69,183,0.0,0.0,0.0,0.69,0.0,0.0,0.0,5,0.0,0
0.0,0.0,0.0,0.0,0.79,0.0,1.18,0.39,75,0.0,0.128,0.0,0.0,0.0,0.39,0.0,6,0.0,0
0.0,0.0,0.0,0.0,0.0,0.0,0.0,0.0,38,0.0,0.0,0.0,0.0,0.0,0.0,0.0,12,0.0,0
0.0,0.0,0.0,0.0,0.0,0.0,0.0,6.74,153,0.0,0.0,0.0,7.53,0.0,0.0,0.0,9,0.39,0
0.42,0.0,0.0,0.0,0.85,1.28,0.0,1.7,144,0.0,0.0,0.0,1.28,0.0,0.0,0.0,12,0.0,0
1.0,0.0,0.0,0.0,1.0,0.0,0.0,0.0,55,0.0,0.0,0.0,0.0,0.0,0.0,0.0,6,0.0,0
0.0,0.0,0.0,0.0,0.13,0.0,0.0,0.13,322,0.13,0.0,0.0,0.13,0.0,0.13,0.0,16,0.0,0
0.0,0.0,0.0,0.0,0.0,0.0,0.0,0.0,54,0.62,0.0,0.0,0.0,0.62,0.0,0.0,5,0.0,0
0.0,0.0,0.0,0.0,0.74,0.0,0.0,0.0,38,2.22,0.0,0.0,0.0,0.0,0.0,0.0,6,0.0,0
0.0,0.0,0.0,0.0,0.0,0.0,0.0,0.0,6,0.0,0.0,0.0,0.0,0.0,0.0,0.0,3,0.0,0
0.0,0.15,0.0,0.079,0.15,0.0,0.0,0.0,155,0.0,0.105,0.0,0.0,0.0,0.15,0.0,13,0.0,0
0.0,0.0,0.0,0.0,3.33,0.0,0.0,0.0,91,0.41,0.195,0.0,0.0,0.0,0.0,0.0,22,0.0,0
8.0,0.0,0.0,0.0,2.0,0.0,0.0,0.0,53,0.0,0.0,2.0,0.0,0.0,0.0,0.0,29,0.0,0
0.0,0.0,0.0,0.0,0.0,4.0,0.0,0.0,10,0.0,0.0,0.0,0.0,0.0,0.0,0.0,2,0.0,0
0.1,0.0,0.0,0.013,0.21,0.0,0.1,0.47,1329,0.1,0.0,0.0,0.52,0.0,0.52,0.0,35,0.0,0
0.0,0.0,0.0,0.0,0.0,0.0,0.52,3.64,387,0.13,0.0,0.0,0.65,0.26,0.0,0.0,19,0.0,0
0.23,0.0,0.0,0.021,0.3,0.0,0.07,0.69,791,0.0,0.0,0.0,0.76,0.0,0.69,0.0,60,0.46,0
0.17,0.0,0.0,0.016,0.23,0.0,0.0,0.65,896,0.0,0.0,0.0,0.71,0.0,0.53,0.0,47,0.0,0
0.05,0.0,0.0,0.005,0.07,0.01,0.01,0.56,3334,0.09,0.0,0.0,0.58,0.05,0.16,0.0,66,0.01,0
0.0,0.0,0.0,0.0,0.0,0.0,0.0,0.19,205,0.0,0.0,0.0,0.0,0.0,0.0,0.0,9,0.0,0
0.0,0.0,0.0,0.0,3.22,0.0,0.0,0.0,22,0.0,0.0,0.0,0.0,0.0,0.0,0.0,5,0.0,0
0.0,0.0,0.0,0.0,0.0,0.0,0.0,3.3,113,0.0,0.0,0.0,0.0,0.82,0.0,0.0,7,0.0,0
0.0,0.0,0.0,0.0,0.63,0.0,0.0,3.16,64,0.0,0.0,0.0,0.0,0.63,0.0,0.0,9,0.0,0
0.0,0.0,0.0,0.0,0.0,0.0,0.0,4.16,24,0.0,0.0,0.0,4.16,0.0,0.0,0.0,6,0.0,0
0.0,0.0,0.0,0.0,0.0,0.0,0.0,15.38,25,0.0,0.0,0.0,0.0,0.0,0.0,0.0,17,0.0,0
0.8,0.0,0.0,0.0,3.62,0.4,0.0,0.0,164,2.01,0.301,0.2,0.0,0.0,0.0,0.0,17,0.0,0
0.0,0.0,0.0,0.0,0.0,0.0,0.0,3.44,38,0.0,0.0,0.0,1.72,0.0,0.0,0.0,11,0.0,0
0.0,0.0,0.0,0.0,0.0,0.0,0.0,3.44,38,0.0,0.0,0.0,1.72,0.0,0.0,0.0,11,0.0,0
0.0,0.0,0.0,0.069,0.83,0.0,0.41,1.25,74,0.0,0.0,0.0,0.0,0.0,0.0,0.0,6,0.0,0
1.19,0.0,0.0,0.0,2.97,0.0,0.0,1.78,119,0.0,0.0,0.0,1.19,0.0,0.0,0.0,12,0.59,0
0.0,0.09,0.0,0.125,0.0,0.0,0.27,3.2,641,0.0,0.0,0.09,0.0,0.09,0.0,0.0,21,0.09,0
2.24,0.0,0.0,0.0,3.37,0.0,0.0,0.0,44,0.0,0.0,0.0,0.0,0.0,0.0,0.0,5,1.12,0
1.49,0.0,0.0,0.0,2.61,0.0,0.0,0.37,130,0.0,0.0,0.0,0.37,0.74,0.0,0.0,11,0.0,0
0.76,0.0,0.0,0.0,0.0,0.0,0.0,0.76,90,0.76,0.487,0.0,0.76,0.0,0.0,0.0,22,0.0,0
2.4,0.0,0.0,0.0,3.2,0.0,0.0,1.6,95,0.0,0.0,0.0,0.8,0.0,0.0,0.0,12,0.0,0
1.12,0.0,0.0,0.0,1.12,0.0,0.0,0.56,92,0.0,0.0,0.0,0.56,0.0,0.0,0.0,11,0.0,0
0.0,0.0,0.0,0.0,0.0,0.0,0.0,0.0,2,0.0,0.0,0.0,0.0,0.0,0.0,0.0,1,0.0,0
0.0,0.0,0.0,0.0,0.0,0.0,0.0,0.0,15,0.0,0.0,0.0,0.0,0.0,0.0,0.0,9,0.0,0
0.0,0.0,0.0,0.0,0.0,0.0,0.0,1.81,408,0.0,0.0,0.0,2.11,0.0,0.0,0.0,18,0.0,0
6.52,0.0,0.0,0.0,8.69,0.0,0.0,0.0,8,0.0,0.0,0.0,0.0,0.0,0.0,0.0,3,0.0,0
2.04,0.0,0.0,0.0,2.04,0.0,0.0,0.0,20,0.0,0.0,0.0,0.0,0.0,0.0,0.0,3,0.0,0
0.0,0.0,0.0,0.0,0.0,0.0,0.0,0.0,37,0.0,0.0,0.0,0.0,0.0,0.0,0.0,26,0.0,0
2.32,0.0,0.0,0.0,0.77,0.0,0.0,0.0,37,0.0,0.0,0.0,0.77,0.0,0.0,0.0,3,0.0,0
1.61,0.0,0.0,0.0,3.22,0.0,0.0,0.0,13,0.0,0.0,0.0,0.0,0.0,0.0,0.0,3,0.0,0
0.0,0.0,0.0,0.0,3.84,0.0,0.0,0.0,7,3.84,0.0,0.0,0.0,0.0,0.0,0.0,1,0.0,0
0.79,0.0,0.0,0.0,0.79,0.0,0.0,0.0,45,0.0,0.0,0.0,0.0,0.0,0.0,0.0,8,0.0,0
0.0,0.0,0.0,0.0,0.0,0.0,0.0,0.0,87,0.0,0.0,0.0,0.0,0.0,0.0,0.0,7,0.0,0
7.14,0.0,0.0,0.0,14.28,0.0,0.0,0.0,3,0.0,0.0,0.0,0.0,0.0,0.0,0.0,1,0.0,0
2.81,0.0,0.0,0.0,1.8,1.8,0.0,0.0,227,0.6,0.06,0.0,0.0,0.0,0.0,0.0,43,0.2,0
0.12,0.0,0.0,0.0,0.31,0.0,0.33,0.0,1825,0.02,0.0,0.0,0.0,0.02,0.0,0.0,55,0.02,0
0.0,0.0,0.0,0.0,0.53,0.0,0.0,1.07,73,0.0,0.09,0.0,0.0,0.0,0.0,0.0,7,0.0,0
0.48,0.0,0.0,0.0,1.44,0.48,0.48,1.92,464,0.24,0.0,0.0,0.0,0.0,0.0,0.0,143,0.0,0
0.0,0.0,0.0,0.0,0.0,0.0,0.0,2.7,7,0.0,0.0,0.0,5.4,0.0,0.0,0.0,3,0.0,0
0.0,0.0,0.0,0.0,0.63,0.0,0.0,0.0,45,0.0,0.111,0.0,0.0,0.0,0.0,0.0,7,0.0,0
0.0,0.0,0.0,0.0,0.0,0.0,0.0,0.0,11,0.0,0.0,0.0,0.0,0.0,0.0,0.0,3,0.0,0
0.0,0.0,0.0,0.0,0.0,0.0,0.0,0.0,25,1.81,0.0,0.0,0.0,0.0,0.0,0.0,5,0.0,0
0.0,0.0,0.0,0.0,0.0,0.0,0.0,0.0,6,0.0,0.0,0.0,0.0,0.0,0.0,0.0,1,0.0,0
0.0,0.0,0.0,0.0,0.0,0.0,0.0,0.0,164,0.0,0.0,0.0,0.0,0.0,0.0,0.0,28,0.0,0
0.61,0.0,0.0,0.0,1.84,0.0,0.0,0.0,47,0.0,0.327,0.0,0.0,0.0,0.0,0.0,2,0.0,0
0.0,0.0,0.0,0.0,0.28,0.0,0.0,0.28,109,0.0,0.0,0.0,0.28,0.0,0.0,0.0,8,0.0,0
0.0,0.0,0.0,0.0,0.0,0.0,0.0,0.0,51,0.0,0.0,0.0,0.0,0.0,0.0,0.0,7,0.0,0
0.0,0.0,0.0,0.0,0.0,0.0,0.0,0.0,822,0.0,0.0,0.0,0.0,0.0,0.0,0.0,28,0.0,0
1.36,0.0,0.0,0.0,6.84,0.0,0.0,0.0,43,1.36,0.42,0.0,0.0,0.0,0.0,0.0,7,0.0,0
0.0,0.0,0.0,0.0,0.0,0.0,0.0,0.0,238,0.0,0.0,0.0,0.0,0.0,0.0,0.0,28,0.0,0
0.0,0.0,0.0,0.0,0.0,0.0,0.0,3.12,69,0.0,0.0,0.0,3.12,0.0,0.0,0.0,24,0.0,0
0.0,0.0,0.0,0.0,0.0,0.0,0.0,0.0,49,0.0,0.0,0.0,0.0,0.0,0.0,0.0,7,0.0,0
0.0,0.0,0.0,0.0,1.67,0.0,0.0,3.91,106,0.0,0.367,0.0,2.23,0.0,0.0,0.0,13,0.0,0
0.0,0.0,0.0,0.0,0.0,0.0,0.0,0.0,10,0.0,0.0,0.0,0.0,0.0,0.0,0.0,3,0.0,0
0.0,0.0,0.0,0.0,0.0,0.0,0.0,0.0,31,0.0,0.0,0.0,0.0,0.0,0.0,0.0,16,0.0,0
0.0,0.0,0.0,0.0,0.0,0.0,0.53,3.2,244,0.53,0.0,0.17,0.0,0.0,0.0,0.0,80,0.35,0
0.0,0.0,0.0,0.331,0.0,0.0,0.37,2.26,167,0.0,0.0,0.0,0.0,0.37,0.0,0.0,14,0.0,0
1.4,0.0,0.0,0.0,1.4,0.0,0.7,0.0,378,0.0,0.0,0.0,0.0,0.0,0.0,0.0,200,0.0,0
1.07,0.0,0.0,0.0,0.71,0.0,0.0,0.35,152,1.79,0.244,0.0,0.35,0.35,0.0,0.0,22,0.0,0
2.81,0.0,0.0,0.0,0.0,0.0,0.0,0.0,18,0.0,0.0,0.0,0.0,0.0,0.0,0.0,2,0.0,0
0.59,0.0,0.0,0.0,1.19,0.0,0.0,0.59,80,0.59,0.312,0.0,0.0,1.19,0.0,0.0,22,0.0,0
0.0,0.0,0.0,0.0,8.95,0.0,0.0,0.0,26,0.0,0.0,0.0,0.0,0.0,0.0,0.0,7,0.0,0
0.0,0.0,0.0,0.0,0.02,0.0,0.02,0.44,2015,0.0,0.126,0.02,0.26,0.0,0.05,0.0,49,0.0,0
0.81,0.0,0.0,0.0,2.44,0.0,0.0,1.22,89,0.4,0.068,0.0,3.26,0.0,0.0,0.0,21,0.0,0
1.1,0.0,0.0,0.0,0.0,0.0,0.0,0.55,127,0.55,0.177,0.0,0.55,0.0,0.0,0.0,22,0.0,0
0.0,0.0,0.0,0.0,0.0,0.0,0.0,0.0,11,0.0,0.666,0.0,0.0,0.0,0.0,0.0,3,0.0,0
1.28,0.0,0.0,0.0,0.0,0.0,0.0,0.64,102,0.64,0.209,0.0,0.64,0.0,0.0,0.0,22,0.0,0
0.0,0.0,0.0,0.0,7.31,0.0,0.0,0.0,12,0.0,0.0,0.0,0.0,0.0,0.0,0.0,4,0.0,0
0.37,0.0,0.0,0.0,0.37,0.37,0.0,0.37,193,0.37,0.0,0.0,0.74,0.0,0.0,0.0,34,0.0,0
0.37,0.0,0.0,0.0,2.23,0.0,0.37,1.11,177,0.0,0.32,0.0,0.37,0.0,0.0,0.0,17,0.0,0
0.0,0.0,0.0,0.0,1.19,0.0,0.0,0.0,34,0.0,0.0,0.0,0.0,0.0,0.0,0.0,12,0.0,0
0.0,0.0,0.0,0.0,0.0,0.0,0.0,0.0,9,0.0,0.0,0.0,0.0,0.0,0.0,0.0,5,0.0,0
0.0,0.0,0.0,0.0,0.0,0.0,0.0,0.0,9,0.0,0.0,0.0,0.0,0.0,0.0,0.0,5,0.0,0
0.0,0.0,0.0,0.0,0.0,0.0,0.0,0.0,9,0.0,0.0,0.0,0.0,0.0,0.0,0.0,5,0.0,0
0.0,0.0,0.0,0.0,2.06,0.0,0.0,2.06,157,0.0,0.216,0.0,1.37,0.0,0.0,0.0,25,0.0,0
0.0,0.0,0.0,0.0,0.0,0.0,0.0,0.0,9,0.0,0.0,0.0,0.0,0.0,0.0,0.0,5,0.0,0
0.0,0.0,0.0,0.0,0.0,0.0,0.0,0.0,9,0.0,0.0,0.0,0.0,0.0,0.0,0.0,5,0.0,0
0.0,0.0,0.0,0.0,2.29,0.0,0.0,1.14,64,0.0,0.596,0.0,1.14,0.0,0.0,0.0,14,0.0,0
0.0,0.0,0.0,0.0,2.32,0.0,0.0,0.0,47,0.0,0.314,0.0,0.0,0.0,0.0,0.0,10,0.0,0
0.0,0.0,0.0,0.0,2.63,0.0,0.0,2.63,8,0.0,0.0,0.0,2.63,0.0,0.0,0.0,1,0.0,0
0.0,0.0,0.0,0.0,0.0,0.0,0.0,1.02,92,0.0,0.0,0.0,1.02,0.0,0.0,0.0,11,0.0,0
0.0,0.0,0.0,0.0,3.01,0.0,0.0,0.0,92,0.6,0.085,0.0,0.0,0.0,0.0,0.0,22,0.0,0
0.0,0.0,0.0,0.0,1.0,0.0,0.0,1.0,55,1.0,0.487,0.0,0.0,1.0,0.0,0.0,22,0.0,0
0.78,0.0,0.0,0.008,0.6,0.06,0.18,1.99,941,0.12,0.0,0.12,0.42,0.0,0.06,0.0,27,0.06,0
0.0,0.0,0.0,0.0,5.0,0.0,0.0,0.0,31,0.0,0.833,0.0,0.0,0.0,0.0,0.0,8,0.0,0
0.0,0.0,0.0,0.0,1.49,0.0,0.0,4.47,49,1.49,0.0,0.0,2.98,0.0,0.0,0.0,10,0.0,0
0.0,0.0,0.0,0.0,0.0,0.0,0.0,0.0,9,0.0,0.0,0.0,0.0,0.0,0.0,0.0,5,0.0,0
1.33,0.0,0.0,0.0,0.0,0.0,0.0,0.0,55,1.33,0.227,0.0,0.0,0.0,0.0,0.0,22,0.0,0
3.27,0.0,0.0,0.0,0.0,0.0,0.0,0.0,53,1.63,0.263,0.0,0.0,0.0,0.0,0.0,22,0.0,0
0.81,0.0,0.0,0.0,1.62,0.0,0.0,0.81,94,0.0,0.406,0.0,0.0,0.0,0.0,0.0,17,0.0,0
0.0,0.0,0.0,0.0,3.52,0.0,0.0,0.0,69,0.7,0.1,0.0,0.0,0.0,0.0,0.0,22,0.0,0
0.0,0.0,0.0,0.0,5.26,0.0,0.0,0.0,5,0.0,0.0,0.0,0.0,0.0,0.0,0.0,2,0.0,0
0.0,0.0,0.0,0.0,0.61,0.0,0.0,0.0,63,0.61,0.098,0.0,0.0,0.0,0.0,0.0,6,0.0,0
0.0,0.0,0.0,0.0,0.0,0.0,0.0,0.0,9,0.0,0.0,0.0,0.0,0.0,0.0,0.0,5,0.0,0
0.0,0.0,0.0,0.0,0.0,0.0,0.0,0.0,9,0.0,0.0,0.0,0.0,0.0,0.0,0.0,5,0.0,0
0.0,0.0,0.0,0.0,0.0,0.0,0.0,1.07,56,1.07,0.185,0.0,0.0,1.07,0.0,0.0,22,0.0,0
0.0,0.0,0.0,0.0,0.0,0.0,0.0,0.0,9,0.0,0.0,0.0,0.0,0.0,0.0,0.0,5,0.0,0
0.0,0.0,0.0,0.0,0.0,0.0,0.0,0.0,8,0.0,0.0,0.0,0.0,0.0,0.0,0.0,5,0.0,0
1.75,0.25,0.0,0.0,2.51,0.25,0.0,0.0,118,1.0,0.042,0.25,0.0,0.25,0.0,0.0,7,0.0,0
0.0,0.0,0.0,0.0,0.0,0.0,0.0,0.0,8,0.0,0.0,0.0,0.0,0.0,0.0,0.0,5,0.0,0
0.0,0.0,0.0,0.0,0.0,0.0,0.0,0.0,9,0.0,0.0,0.0,0.0,0.0,0.0,0.0,5,0.0,0
2.73,0.0,0.68,0.048,3.42,0.34,0.0,0.34,96,0.68,0.048,0.34,0.34,0.0,0.0,0.0,15,0.0,0
0.0,0.0,0.0,0.0,1.25,0.0,0.0,0.0,66,0.0,0.0,0.0,0.0,0.0,0.0,0.0,13,0.0,0
0.0,0.0,0.0,0.0,2.56,0.0,0.0,0.0,20,0.0,0.0,0.0,0.0,0.0,0.0,0.0,7,0.0,0
0.0,0.0,0.0,0.0,0.0,0.0,0.0,0.0,33,0.0,0.0,0.0,0.0,0.0,0.0,0.0,8,0.0,0
0.0,0.0,0.0,0.0,4.37,0.0,0.0,1.45,37,0.0,0.0,0.0,0.0,0.0,0.0,0.0,9,0.0,0
0.36,0.0,0.0,0.0,1.44,0.36,0.0,0.36,263,0.72,0.107,0.0,0.9,0.0,0.0,0.0,51,0.0,0
2.94,0.0,0.0,0.0,1.47,0.0,0.0,1.47,65,0.0,0.484,0.0,0.0,0.0,0.0,0.0,15,0.0,0
0.0,0.0,0.0,0.0,0.37,0.0,0.0,2.43,1131,0.09,0.013,0.0,1.21,0.0,0.0,0.0,51,0.0,0
0.0,0.0,0.0,0.0,0.0,0.0,0.0,0.0,239,0.24,0.0,0.0,0.0,0.0,0.0,0.0,35,0.0,0
0.0,0.0,0.0,0.0,0.0,0.0,0.0,0.0,9,0.0,0.0,0.0,0.0,0.0,0.0,0.0,5,0.0,0
0.0,0.0,0.0,0.0,0.0,0.0,0.0,1.78,49,0.0,0.0,0.0,1.78,0.0,0.0,0.0,14,0.0,0
0.0,0.0,0.0,0.0,0.0,0.0,0.0,0.0,9,0.0,0.0,0.0,0.0,0.0,0.0,0.0,5,0.0,0
0.0,0.0,0.0,0.0,0.0,0.0,0.0,0.0,9,0.0,0.0,0.0,0.0,0.0,0.0,0.0,5,0.0,0
0.0,0.0,0.0,0.0,0.0,0.0,0.0,0.0,9,0.0,0.0,0.0,0.0,0.0,0.0,0.0,5,0.0,0
0.0,0.0,0.0,0.0,0.0,0.0,0.0,0.0,9,0.0,0.0,0.0,0.0,0.0,0.0,0.0,5,0.0,0
0.0,0.0,0.0,0.0,0.0,0.0,0.0,0.0,9,0.0,0.0,0.0,0.0,0.0,0.0,0.0,5,0.0,0
0.0,0.0,0.0,0.0,0.0,0.0,0.0,0.0,8,0.0,0.0,0.0,0.0,0.0,0.0,0.0,5,0.0,0
0.0,0.0,0.0,0.0,0.0,0.0,0.0,0.0,8,0.0,0.0,0.0,0.0,0.0,0.0,0.0,5,0.0,0
0.0,0.0,0.0,0.0,0.0,0.0,0.0,0.0,9,0.0,0.0,0.0,0.0,0.0,0.0,0.0,5,0.0,0
0.0,0.0,0.0,0.0,0.0,0.0,0.0,0.0,9,0.0,0.0,0.0,0.0,0.0,0.0,0.0,5,0.0,0
0.0,0.0,0.0,0.0,0.0,0.0,0.0,0.0,9,0.0,0.0,0.0,0.0,0.0,0.0,0.0,5,0.0,0
0.0,0.0,0.0,0.0,0.0,0.0,0.0,0.0,9,0.0,0.0,0.0,0.0,0.0,0.0,0.0,5,0.0,0
0.0,0.0,0.0,0.0,0.0,0.0,0.0,0.0,9,0.0,0.0,0.0,0.0,0.0,0.0,0.0,5,0.0,0
0.0,0.0,0.0,0.0,0.0,0.0,0.0,0.0,9,0.0,0.0,0.0,0.0,0.0,0.0,0.0,5,0.0,0
0.0,0.0,0.0,0.0,0.0,0.0,0.0,0.0,9,0.0,0.0,0.0,0.0,0.0,0.0,0.0,5,0.0,0
0.0,0.0,0.0,0.0,0.0,0.0,0.0,0.0,9,0.0,0.0,0.0,0.0,0.0,0.0,0.0,5,0.0,0
0.0,0.0,0.0,0.0,0.0,0.0,0.0,0.0,9,0.0,0.0,0.0,0.0,0.0,0.0,0.0,5,0.0,0
0.0,0.0,0.0,0.0,0.0,0.0,0.0,0.0,9,0.0,0.0,0.0,0.0,0.0,0.0,0.0,5,0.0,0
0.0,0.0,0.0,0.0,0.0,0.0,0.0,0.0,7,0.0,0.0,0.0,0.0,0.0,0.0,0.0,5,0.0,0
0.0,0.0,0.0,0.0,0.0,0.0,0.0,0.0,9,0.0,0.0,0.0,0.0,0.0,0.0,0.0,5,0.0,0
0.0,0.0,0.0,0.0,0.0,0.0,0.0,0.0,9,0.0,0.0,0.0,0.0,0.0,0.0,0.0,5,0.0,0
0.0,0.0,0.0,0.0,0.0,0.0,0.0,0.0,9,0.0,0.0,0.0,0.0,0.0,0.0,0.0,5,0.0,0
0.0,0.0,0.0,0.0,0.0,0.0,0.0,0.0,9,0.0,0.0,0.0,0.0,0.0,0.0,0.0,5,0.0,0
0.0,0.0,0.0,0.0,0.0,0.0,0.0,0.0,9,0.0,0.0,0.0,0.0,0.0,0.0,0.0,5,0.0,0
0.0,0.0,0.0,0.0,0.0,0.0,0.0,0.0,9,0.0,0.0,0.0,0.0,0.0,0.0,0.0,5,0.0,0
0.0,0.0,0.0,0.0,0.0,0.0,0.0,0.0,9,0.0,0.0,0.0,0.0,0.0,0.0,0.0,5,0.0,0
0.0,0.0,0.0,0.0,0.0,0.0,0.0,0.0,9,0.0,0.0,0.0,0.0,0.0,0.0,0.0,5,0.0,0
0.0,0.0,0.0,0.0,0.0,0.0,0.0,0.0,4,0.0,0.0,0.0,0.0,0.0,0.0,0.0,1,0.0,0
0.0,0.0,0.0,0.0,0.0,0.0,0.0,0.0,5,0.0,0.0,0.0,0.0,0.0,0.0,0.0,4,0.0,0
0.0,0.0,0.0,0.0,0.0,0.0,0.0,0.0,13,0.0,0.0,0.0,0.0,0.0,0.0,0.0,4,0.0,0
0.0,0.0,0.0,0.0,7.5,0.0,0.0,0.0,15,0.0,0.0,0.0,0.0,0.0,0.0,0.0,5,0.0,0
0.0,0.0,0.0,0.0,0.0,0.0,0.0,0.0,4,0.0,0.0,0.0,0.0,0.0,0.0,0.0,1,0.0,0
0.0,0.0,0.0,0.158,1.19,0.0,0.0,0.47,1094,0.23,0.0,0.0,0.0,0.0,0.0,0.0,235,0.0,0
0.0,0.0,0.0,0.0,0.0,0.0,0.0,0.0,7,0.0,0.0,0.0,0.0,0.0,0.0,0.0,1,0.0,0
0.0,0.0,0.0,0.0,0.12,0.0,0.0,0.9,1232,0.0,0.0,0.0,0.38,0.0,0.0,0.0,53,0.12,0
0.0,0.0,0.0,0.0,0.0,0.0,0.0,0.0,12,0.0,0.0,0.0,0.0,0.0,0.0,0.0,3,0.0,0
0.0,0.0,0.14,0.0,0.28,0.0,0.0,1.13,1029,0.0,0.0,0.0,0.42,0.0,0.0,0.0,80,0.14,0
0.0,0.0,0.0,0.0,0.0,0.0,0.0,0.0,22,0.0,0.0,0.0,0.0,0.0,0.0,0.0,16,0.0,0
0.0,0.0,0.0,0.021,0.24,0.0,0.0,0.0,1122,0.08,0.01,0.0,0.0,0.16,0.0,0.0,55,0.0,0
2.04,0.0,0.0,0.0,0.0,0.0,0.0,2.04,43,0.0,0.0,0.0,2.04,0.0,0.0,0.0,11,0.0,0
0.0,0.0,0.0,0.0,0.0,0.0,0.0,10.0,1,0.0,0.0,0.0,0.0,0.0,0.0,0.0,1,0.0,0
0.38,0.0,0.0,0.0,1.03,0.0,0.25,0.9,267,0.12,0.02,0.0,0.38,0.25,0.0,0.0,11,0.0,0
0.97,0.0,0.0,0.0,0.0,0.0,0.0,0.97,67,0.0,0.0,0.0,0.97,0.0,0.0,0.0,11,0.0,0
0.44,0.0,0.0,0.0,0.0,0.0,0.0,2.22,74,1.33,0.0,0.0,0.0,0.0,0.0,0.0,7,0.0,0
0.86,0.0,0.0,0.0,0.0,0.0,0.0,0.86,47,0.0,0.0,0.0,0.86,0.0,0.0,0.0,11,0.0,0
0.32,0.0,0.0,0.0,0.97,0.0,0.32,0.32,82,0.32,0.0,0.0,0.32,0.32,0.0,0.0,11,0.0,0
0.66,0.0,0.0,0.0,1.06,0.0,0.13,0.13,1160,0.0,0.0,0.0,0.0,0.0,0.13,0.0,57,0.0,0
0.0,0.0,0.0,0.0,0.0,0.0,0.0,0.0,1,9.09,0.0,0.0,0.0,0.0,0.0,0.0,1,0.0,0
0.0,0.0,0.0,0.0,0.0,0.0,0.0,16.66,20,0.0,0.0,0.0,0.0,0.0,0.0,0.0,14,0.0,0
0.0,0.0,0.0,0.0,0.0,0.0,0.0,0.0,6,0.0,0.0,0.0,0.0,0.0,0.0,0.0,1,0.0,0
0.0,0.0,0.0,0.0,0.0,0.0,0.0,0.0,7,0.0,0.0,0.0,0.0,0.0,0.0,0.0,1,0.0,0
0.0,0.0,0.0,0.0,0.0,0.0,0.0,20.0,20,0.0,0.0,0.0,0.0,0.0,0.0,0.0,14,0.0,0
0.91,0.0,0.0,0.0,0.6,0.0,0.3,0.0,358,0.0,0.0,0.0,0.0,0.0,0.3,0.0,28,0.0,0
0.0,0.0,0.0,0.0,0.0,0.0,0.0,0.0,13,0.0,0.0,0.0,0.0,0.0,0.0,0.0,5,0.0,0
0.0,0.0,0.0,0.0,0.0,0.0,0.0,0.0,17,0.0,0.0,0.0,0.0,0.0,0.0,0.0,5,0.0,0
0.0,0.0,0.0,0.0,0.0,0.0,0.0,9.09,5,0.0,0.0,0.0,9.09,0.0,0.0,0.0,2,0.0,0
0.0,0.0,0.0,0.0,0.0,0.0,0.0,0.0,15,0.0,0.0,0.0,0.0,0.0,0.0,0.0,5,0.0,0
0.0,0.0,0.0,0.0,0.0,0.0,0.0,0.0,7,0.0,0.0,0.0,0.0,0.0,0.0,0.0,1,0.0,0
0.0,0.0,0.0,0.0,0.0,0.0,0.21,0.21,258,2.54,0.0,0.0,0.0,0.0,0.0,0.0,45,0.0,0
0.0,0.0,0.0,0.0,0.0,0.0,0.0,18.18,4,0.0,0.0,0.0,9.09,0.0,0.0,0.0,3,0.0,0
0.0,0.0,0.0,0.0,0.0,0.0,0.0,10.0,4,10.0,0.0,0.0,0.0,0.0,0.0,0.0,2,0.0,0
0.7,0.0,0.0,0.0,1.41,0.0,0.17,0.17,447,0.17,0.019,0.0,0.0,0.0,0.17,0.0,28,0.0,0
0.0,0.0,0.0,0.0,2.94,0.0,0.0,5.88,82,1.47,0.0,0.0,0.0,0.0,0.0,0.0,15,0.0,0
0.0,0.0,0.0,0.0,0.0,0.0,0.0,16.66,26,0.0,0.0,0.0,0.0,0.0,0.0,0.0,20,0.0,0
0.0,0.0,0.0,0.0,0.0,0.0,0.0,0.0,21,0.0,0.0,0.0,0.0,0.0,0.0,0.0,1,0.0,0
0.0,0.0,0.0,0.0,0.0,0.0,0.0,0.0,14,0.0,0.289,0.0,0.0,0.0,0.0,0.0,2,0.0,0
0.0,0.0,0.0,0.0,0.0,0.0,0.0,0.0,20,0.0,0.0,0.0,0.0,0.0,0.0,0.0,15,0.0,0
0.01,0.0,0.0,0.09,0.01,0.0,0.01,0.0,5395,0.05,0.002,0.05,0.0,0.0,0.03,0.0,82,0.01,0
0.0,0.0,0.0,0.0,0.0,0.0,0.0,0.0,36,0.0,0.0,0.0,0.0,0.0,0.0,0.0,5,0.0,0
1.13,0.0,0.0,0.0,1.13,0.0,0.0,2.27,58,0.0,0.136,0.0,1.13,0.0,0.0,0.0,10,0.0,0
0.0,0.0,0.0,0.0,0.0,0.0,0.0,3.44,31,0.0,0.0,0.0,3.44,0.0,0.0,0.0,8,0.0,0
0.0,0.0,0.0,0.0,3.17,0.0,0.0,1.58,18,0.0,0.0,0.0,0.0,0.0,0.0,0.0,4,0.0,0
0.0,0.0,0.0,0.0,3.03,0.0,0.0,0.0,37,0.0,0.476,0.0,0.0,0.0,0.0,0.0,9,0.0,0
0.0,0.0,0.0,0.0,0.0,0.0,0.0,0.0,5,0.0,0.0,0.0,0.0,0.0,0.0,0.0,1,0.0,0
0.0,0.0,0.0,0.0,0.17,0.0,0.0,1.57,601,0.0,0.0,0.0,1.4,0.0,0.0,0.0,20,0.0,0
0.39,0.06,0.0,0.03,1.24,0.0,0.13,1.04,297,1.24,0.0,0.0,0.0,0.13,0.32,0.0,42,0.06,0
0.0,0.0,1.78,0.0,3.57,0.0,0.0,0.0,17,0.0,0.586,0.0,0.0,0.0,0.0,0.0,4,0.0,0
0.58,0.0,0.0,0.0,0.0,0.0,0.0,0.0,49,0.0,0.107,0.0,0.0,0.0,0.0,0.0,6,0.0,0
0.0,0.0,0.0,0.166,0.0,0.0,1.01,1.08,617,0.54,0.0,0.0,0.0,0.13,0.4,0.0,45,0.13,0
0.0,0.0,0.0,0.0,2.04,0.0,0.0,0.0,12,0.0,0.373,0.0,0.0,0.0,0.0,0.0,4,0.0,0
0.0,0.0,0.0,0.0,0.0,0.0,0.0,0.0,6,0.0,0.0,0.0,0.0,0.0,0.0,0.0,1,0.0,0
0.0,0.0,0.0,0.0,0.0,0.0,0.0,0.0,2,0.0,0.0,0.0,0.0,0.0,0.0,0.0,1,0.0,0
0.0,0.0,0.0,0.0,0.0,0.0,0.0,0.0,172,0.0,0.0,0.0,0.26,0.26,0.0,0.0,77,0.0,0
0.0,0.0,0.0,0.0,0.0,0.0,0.0,0.0,172,0.0,0.0,0.0,0.26,0.26,0.0,0.0,77,0.0,0
0.55,0.0,0.0,0.0,0.0,0.0,0.0,0.55,173,0.0,0.0,0.0,0.0,0.0,0.0,0.0,8,0.0,0
0.0,0.0,0.0,0.0,1.28,0.0,0.0,2.56,45,0.0,0.0,0.0,1.28,0.0,0.0,0.0,11,0.0,0
0.0,0.0,0.0,0.0,0.29,0.0,0.0,1.75,175,0.0,0.045,0.0,0.29,0.0,0.0,0.0,15,0.0,0
0.0,0.0,0.0,0.0,2.4,0.6,0.0,0.0,29,0.6,0.0,0.0,0.0,0.0,0.0,0.0,3,0.0,0
2.08,0.0,0.0,0.377,0.8,0.0,0.32,0.0,772,0.16,0.022,0.0,0.0,0.16,0.16,0.16,157,0.0,0
0.88,0.04,0.0,0.071,0.68,0.24,0.04,1.76,1361,0.04,0.071,0.08,0.6,0.16,0.16,0.0,23,0.04,0
1.93,0.0,0.0,0.0,2.46,0.0,0.0,0.52,162,0.7,0.057,0.0,0.35,0.0,0.0,0.0,15,0.88,0
0.19,0.0,0.0,0.041,0.39,0.0,0.0,0.58,686,0.29,0.0,0.0,0.68,0.0,0.87,0.0,41,0.0,0
0.04,0.0,0.0,0.004,0.05,0.02,0.0,0.48,3086,0.27,0.0,0.0,0.49,0.07,0.14,0.0,38,0.0,0
0.17,0.0,0.0,0.016,0.22,0.0,0.0,0.96,1161,0.28,0.0,0.0,1.02,0.0,0.51,0.0,38,0.0,0
0.16,0.0,0.0,0.016,0.22,0.0,0.0,0.62,1090,0.16,0.0,0.0,0.67,0.05,0.5,0.0,47,0.0,0
0.0,0.05,0.0,0.053,0.0,0.0,0.75,1.16,910,0.0,0.0,0.11,0.0,0.05,0.0,0.0,32,0.34,0
2.81,0.0,0.0,0.0,2.11,0.0,0.0,0.0,163,1.05,0.0,0.0,0.0,0.0,0.0,0.0,12,0.0,0
0.0,0.0,0.0,0.0,5.55,0.0,0.0,0.0,7,0.0,0.0,0.0,0.0,0.0,0.0,0.0,1,0.0,0
0.0,0.0,0.0,0.0,0.0,0.0,0.0,0.72,40,0.0,0.0,0.0,0.0,0.0,0.0,0.0,5,0.0,0
0.27,0.0,0.0,0.084,1.1,0.0,0.0,1.93,101,0.83,0.0,0.0,0.27,0.0,0.0,0.0,6,0.0,0
1.69,0.0,0.0,0.63,3.38,0.0,0.0,1.69,37,0.0,0.0,0.0,1.69,0.0,0.0,0.0,12,0.0,0
0.0,0.0,0.0,0.0,0.87,0.0,0.0,0.0,33,0.0,0.0,0.0,0.0,2.63,0.0,0.0,5,0.0,0
0.0,0.0,0.0,0.0,0.0,0.0,0.0,0.0,138,0.0,0.0,0.0,0.0,0.0,0.0,0.0,33,0.0,0
0.0,0.0,0.0,0.0,0.0,0.0,0.0,0.42,114,0.0,0.0,0.0,0.42,0.0,0.0,0.0,9,0.0,0
0.0,0.0,0.0,0.0,0.0,0.0,0.0,0.0,12,0.0,0.0,0.0,0.0,0.0,0.0,0.0,4,0.0,0
0.0,0.0,0.0,0.0,0.0,0.0,0.0,2.94,78,0.0,0.0,0.0,4.41,0.0,0.0,0.0,9,0.73,0
1.16,0.0,0.0,0.0,1.55,0.0,0.0,0.0,37,0.0,0.0,0.0,0.0,0.0,0.0,0.0,4,0.0,0
8.0,0.0,0.0,0.0,2.0,0.0,0.0,0.0,53,0.0,0.0,2.0,0.0,0.0,0.0,0.0,29,0.0,0
0.28,0.0,0.0,0.0,0.0,0.0,0.0,0.28,238,0.0,0.0,0.0,1.14,0.0,0.0,0.0,55,0.0,0
0.0,0.0,0.0,0.0,1.49,0.0,0.0,7.46,51,0.0,0.0,0.0,2.98,0.0,0.0,0.0,11,0.0,0
0.0,0.0,0.0,0.0,0.0,0.0,0.0,0.0,4,0.0,0.0,0.0,0.0,0.0,0.0,0.0,1,0.0,0
0.0,0.0,0.0,0.0,0.0,0.0,0.0,0.0,5,0.0,0.0,0.0,0.0,0.0,0.0,0.0,3,0.0,0
0.0,0.0,0.0,0.0,0.0,0.0,0.0,0.0,6,0.0,0.0,0.0,0.0,0.0,0.0,0.0,4,0.0,0
1.61,0.0,0.0,0.0,0.0,0.0,0.0,0.0,54,0.8,0.0,0.0,0.0,0.0,0.0,0.0,3,0.0,0
0.56,0.0,0.0,0.0,2.24,0.0,0.0,0.0,85,0.0,0.0,0.0,0.0,0.0,0.0,0.56,13,0.0,0
0.0,0.0,0.0,0.219,0.0,0.0,0.0,0.0,65,0.0,0.0,0.0,0.0,0.0,0.0,0.0,11,0.0,0
0.0,0.0,0.0,0.0,0.0,0.0,0.0,0.0,5,0.0,0.0,0.0,0.0,0.0,0.0,0.0,1,0.0,0
0.0,0.0,0.0,0.0,0.0,0.0,0.0,0.0,10,0.0,0.0,0.0,0.0,0.0,0.0,0.0,8,0.0,0
0.0,0.74,0.0,0.0,0.0,0.0,0.0,0.0,41,0.0,0.0,0.0,0.0,0.0,0.0,0.0,5,0.0,0
0.0,0.0,0.0,0.0,2.4,0.0,0.0,0.0,35,0.0,0.0,0.0,0.0,0.0,0.0,0.0,5,0.0,0
0.0,0.0,0.0,0.0,0.0,0.0,0.0,0.0,3,0.0,0.0,0.0,0.0,0.0,0.0,0.0,1,0.0,0
0.0,0.97,0.0,0.0,0.0,0.0,0.0,0.0,38,0.0,0.0,0.0,0.0,0.0,0.0,0.0,5,0.0,0
2.12,0.0,0.0,0.0,0.0,0.0,0.0,2.12,65,0.0,0.0,0.0,0.0,0.0,0.0,0.0,15,0.0,0
1.96,0.0,0.0,0.0,0.98,0.0,0.0,0.0,42,0.0,0.0,0.0,0.0,0.0,0.0,0.0,13,0.0,0
0.0,2.12,0.0,0.0,0.0,0.0,0.0,0.0,13,0.0,0.0,0.0,0.0,0.0,0.0,0.0,5,0.0,0
0.0,0.0,0.0,0.0,0.0,0.0,0.0,0.0,12,0.0,0.0,0.0,0.0,0.0,0.0,0.0,3,0.0,0
0.0,0.0,0.0,0.0,0.0,0.0,0.0,0.0,148,0.0,0.0,0.0,0.0,0.0,0.0,0.0,33,0.0,0
0.0,0.0,0.0,0.0,0.0,0.0,0.0,9.52,30,0.0,0.0,0.0,4.76,0.0,0.0,0.0,11,0.0,0
0.0,0.0,0.0,0.0,0.0,20.0,0.0,0.0,4,0.0,0.0,0.0,0.0,0.0,0.0,0.0,1,0.0,0
0.34,0.0,0.0,0.0,1.7,0.0,0.0,1.36,112,0.0,0.0,0.0,0.68,0.0,0.34,0.0,13,0.0,0
1.57,0.0,0.0,0.0,1.57,0.0,0.0,3.14,139,0.0,0.0,0.0,2.36,0.0,0.0,0.0,34,1.57,0
0.0,0.0,0.0,0.0,0.0,0.0,0.0,0.0,21,0.0,0.0,0.0,0.0,0.0,0.88,0.0,3,0.0,0
0.0,0.0,0.0,0.0,0.0,0.0,0.0,0.0,16,0.0,0.0,0.0,0.0,0.0,0.0,0.0,10,0.0,0
0.95,0.0,0.0,0.0,0.95,0.0,0.0,1.27,164,0.0,0.0,0.0,0.63,0.0,0.0,0.0,15,0.0,0
0.0,0.0,0.0,0.0,0.18,0.0,1.89,0.37,168,0.18,0.0,0.0,0.18,0.0,0.0,0.0,10,0.37,0
0.0,0.0,0.0,0.0,0.0,0.0,0.0,0.0,15,0.0,0.0,0.0,0.0,0.0,0.0,0.0,8,0.0,0
0.97,0.0,0.0,0.0,0.97,0.0,0.0,1.29,156,0.0,0.0,0.0,0.64,0.0,0.0,0.0,15,0.0,0
1.85,0.0,0.0,0.0,1.38,0.0,0.0,2.31,167,0.0,0.0,0.0,0.46,0.0,0.0,0.0,28,0.0,0
0.65,0.05,0.0,0.058,0.55,0.25,0.05,1.3,1081,0.05,0.022,0.2,0.35,0.15,0.3,0.0,23,0.25,0
0.0,0.0,0.0,0.0,1.62,0.0,0.0,0.81,19,0.81,0.143,0.0,0.0,0.0,0.0,0.0,2,0.0,0
1.4,0.0,0.0,0.0,1.4,0.0,0.7,0.0,377,0.0,0.0,0.0,0.0,0.0,0.0,0.0,200,0.0,0
0.0,0.0,0.0,0.0,0.0,0.0,0.0,0.0,143,0.0,0.0,0.0,0.61,0.0,0.0,0.0,17,0.0,0
0.39,0.0,0.0,0.0,0.78,0.0,0.0,0.0,42,0.39,0.0,0.0,0.0,0.0,0.0,0.39,8,0.0,0
0.0,0.0,0.0,0.0,0.0,0.0,0.0,0.0,16,0.0,0.0,0.0,0.0,0.0,0.0,0.0,5,0.0,0
0.07,0.0,0.0,0.0,0.07,0.0,0.29,1.99,568,0.07,0.031,0.0,0.0,0.07,0.0,0.0,22,0.14,0
0.0,0.0,0.0,0.0,0.0,0.0,0.0,0.22,122,0.0,0.0,0.0,0.22,0.0,0.0,0.0,15,0.0,0
0.0,0.0,0.0,0.0,0.0,0.0,0.0,0.33,116,0.33,0.0,0.0,0.33,0.0,0.0,0.0,15,0.0,0
0.0,0.0,0.0,0.0,0.49,0.0,0.0,2.48,87,0.49,0.0,0.0,0.99,0.49,0.0,0.0,10,0.49,0
1.28,0.0,0.0,0.0,1.28,0.0,0.0,0.85,97,0.0,0.0,0.0,0.42,0.0,0.0,0.0,15,0.0,0
0.0,0.0,0.0,0.0,0.0,0.0,0.0,0.77,99,1.54,0.0,0.0,0.25,0.0,0.25,0.0,7,0.0,0
1.01,0.0,0.0,0.0,2.53,0.0,0.0,1.52,101,0.5,0.0,0.0,1.01,0.0,0.0,0.0,13,0.0,0
0.89,0.0,0.0,0.0,1.78,0.0,0.0,0.0,37,0.0,0.0,0.0,0.0,0.0,0.0,0.0,15,0.0,0
0.0,0.0,0.0,0.0,4.91,0.0,0.0,0.0,46,1.63,0.0,0.0,0.0,0.0,0.0,0.0,5,0.0,0
0.0,0.0,0.0,0.0,0.0,0.0,0.0,0.0,23,0.0,0.709,0.0,0.0,0.0,0.0,0.0,9,0.0,0
0.0,0.0,0.0,0.0,0.0,0.0,0.0,9.52,30,0.0,0.0,0.0,4.76,0.0,0.0,0.0,11,0.0,0
0.0,0.0,0.0,0.0,0.0,0.0,0.0,0.0,47,0.0,0.0,0.0,0.0,0.0,0.0,0.0,23,0.0,0
0.0,0.0,0.0,0.0,0.0,0.0,0.0,1.63,37,0.0,0.0,0.0,4.91,0.0,0.0,0.0,6,0.0,0
0.0,0.0,2.22,0.665,0.0,0.0,0.0,0.0,64,0.0,0.0,0.0,0.0,0.0,0.0,0.0,25,2.22,0
0.0,0.0,2.22,0.665,0.0,0.0,0.0,0.0,64,0.0,0.0,0.0,0.0,0.0,0.0,0.0,25,2.22,0
0.0,0.0,0.0,0.0,0.33,0.0,0.33,0.0,149,0.0,0.0,0.0,0.0,0.49,0.16,0.0,10,1.32,0
1.06,0.0,0.0,0.0,1.06,0.0,0.0,1.06,28,1.06,0.0,0.0,1.06,0.0,0.0,0.0,4,0.0,0
0.88,0.0,0.0,0.0,0.88,0.0,0.0,1.32,132,0.0,0.0,0.0,0.88,0.0,0.0,0.0,40,0.0,0
0.51,0.0,0.0,0.0,1.03,0.0,0.0,1.54,130,0.0,0.0,0.0,1.03,0.0,0.0,0.0,40,0.0,0
0.45,0.0,0.0,0.0,0.91,0.0,0.0,2.73,136,0.0,0.0,0.0,3.19,0.0,0.0,0.0,20,0.0,0
0.15,0.0,0.0,0.014,0.21,0.0,0.26,0.79,1303,0.0,0.0,0.0,0.85,0.05,0.47,0.0,52,0.05,0
0.0,0.0,0.0,0.0,0.7,0.0,0.0,0.35,113,0.0,0.0,0.0,0.35,0.0,0.0,0.0,11,0.0,0
0.0,0.0,0.0,0.0,0.23,0.0,0.0,0.23,86,0.69,0.0,0.0,0.23,0.0,0.0,0.0,9,0.0,0
0.0,0.0,0.0,0.0,0.47,0.23,0.0,0.47,143,0.23,0.0,0.0,0.23,0.23,0.0,0.0,8,0.0,0
0.0,0.0,0.0,0.0,6.57,0.0,0.0,2.63,62,0.0,0.0,0.0,1.31,0.0,0.0,0.0,13,0.0,0
0.16,0.0,0.0,0.016,0.22,0.0,0.0,0.62,963,0.05,0.0,0.0,0.67,0.05,0.5,0.0,46,0.0,0
0.0,0.0,0.0,0.0,0.0,0.0,0.0,0.0,4,0.0,0.0,0.0,0.0,0.0,0.0,0.0,1,0.0,0
0.53,0.0,0.0,0.427,0.8,0.0,0.13,0.0,1538,0.0,0.014,0.0,0.0,0.0,0.0,0.0,143,0.0,0
0.0,0.0,0.0,0.0,0.0,0.0,0.0,0.0,1,0.0,0.0,0.0,0.0,0.0,0.0,0.0,1,0.0,0
0.2,0.0,0.0,0.029,0.41,0.0,0.0,0.52,490,0.1,0.0,0.0,0.62,0.0,0.94,0.0,32,0.0,0
0.22,0.0,0.0,0.031,0.44,0.0,0.0,0.78,571,0.0,0.0,0.0,0.67,0.11,1.01,0.0,32,0.0,0
0.0,0.0,0.0,0.0,0.0,0.0,0.37,2.51,558,0.0,0.0,0.09,0.0,0.0,0.0,0.0,27,0.09,0
0.08,0.0,0.0,0.007,0.1,0.0,0.0,0.46,1758,0.05,0.0,0.0,0.49,0.05,0.3,0.0,52,0.13,0
0.0,0.0,0.0,0.0,0.0,0.0,0.0,2.12,71,0.0,0.0,0.0,1.06,0.0,0.0,0.0,10,0.0,0
0.0,0.0,0.0,0.0,1.88,0.0,0.0,0.0,19,0.0,0.0,0.0,0.0,0.0,0.0,0.0,6,0.0,0
0.0,0.0,0.0,0.0,0.0,0.0,0.0,0.0,26,0.0,0.74,0.0,0.0,0.0,0.0,0.0,7,0.0,0
0.0,0.0,0.0,0.0,0.0,0.0,0.0,0.0,3,0.0,0.0,0.0,0.0,0.0,0.0,0.0,1,0.0,0
1.05,0.0,0.0,0.053,1.05,0.0,0.39,0.39,685,0.26,0.035,0.0,0.0,0.13,0.0,0.0,107,0.0,0
0.0,0.0,0.0,0.0,0.0,0.0,0.0,0.0,5,0.0,0.0,0.0,0.0,0.0,0.0,0.0,2,0.0,0
2.94,0.0,0.0,0.0,2.94,0.0,0.0,0.0,10,0.0,0.0,0.0,0.0,0.0,0.0,0.0,1,0.0,0
0.48,0.0,0.0,0.0,0.48,0.0,0.24,1.69,227,2.18,0.0,0.0,0.24,0.0,0.48,0.0,73,0.0,0
0.0,0.0,0.0,0.0,0.0,0.0,0.0,6.06,33,0.0,0.0,0.0,3.03,0.0,0.0,0.0,11,0.0,0
0.0,0.0,0.0,0.0,1.26,0.0,0.0,0.63,215,0.31,0.048,0.0,0.95,0.0,0.0,0.0,14,0.0,0
0.0,0.0,0.0,0.0,0.0,0.0,0.0,2.0,117,0.0,0.0,0.0,0.5,0.0,0.0,0.0,13,1.0,0
0.0,0.0,0.0,0.0,0.0,0.0,0.0,0.0,17,0.0,0.0,0.0,0.0,0.0,0.0,0.0,5,0.0,0
0.0,0.0,0.0,0.0,2.94,0.0,0.0,0.0,19,0.0,0.505,0.0,0.0,0.0,0.0,0.0,4,0.0,0
2.5,0.0,0.0,0.0,0.83,0.0,0.0,0.0,59,0.0,0.0,0.0,0.0,0.0,0.83,0.0,11,0.0,0
0.85,0.0,0.0,0.242,1.42,0.85,0.0,0.0,278,0.85,0.282,0.57,0.0,0.0,0.28,0.0,26,0.0,0
0.14,0.0,0.14,0.0,0.85,0.0,0.0,0.0,168,1.0,0.0,0.14,0.0,0.14,0.0,0.0,9,0.0,0
0.0,0.0,0.0,0.0,0.0,0.0,0.0,0.0,7,0.0,0.0,0.0,0.0,0.0,0.0,0.0,3,0.0,0
5.26,0.0,0.0,0.0,2.63,0.0,2.63,0.0,35,0.0,0.0,0.0,0.0,0.0,5.26,0.0,11,0.0,0
2.0,0.0,0.0,0.0,4.0,1.0,2.0,0.0,56,0.0,0.0,0.0,0.0,0.0,0.0,0.0,11,0.0,0
0.0,0.0,0.0,0.0,0.0,0.0,0.0,0.0,81,0.0,0.083,0.0,0.0,0.0,0.0,0.0,13,1.08,0
0.8,0.0,0.0,0.0,2.41,0.8,0.0,0.0,30,0.0,0.0,0.0,0.0,0.0,0.0,0.0,4,0.0,0
0.0,0.0,0.0,0.0,0.0,0.0,0.0,6.64,430,0.27,0.0,0.0,4.15,0.0,0.0,0.0,57,0.55,0
0.0,0.0,0.0,0.0,0.0,0.0,0.0,0.0,72,0.0,0.271,0.0,0.0,0.0,0.0,0.0,18,0.0,0
0.28,0.0,0.0,0.0,0.43,0.0,0.0,1.43,372,0.0,0.0,0.0,1.15,0.0,0.0,0.0,12,0.0,0
0.0,0.0,0.0,0.0,0.0,0.0,0.0,6.79,72,0.0,0.0,0.0,3.88,0.0,0.0,0.0,13,0.0,0
0.0,0.0,0.0,0.0,0.0,0.0,0.0,0.0,31,0.0,0.0,0.0,0.0,0.0,0.0,0.0,12,0.0,0
0.0,0.0,0.0,0.0,0.0,0.0,0.0,0.0,20,0.0,0.0,0.0,0.0,0.0,0.0,0.0,5,0.0,0
0.0,0.0,0.0,0.0,2.38,1.19,0.0,0.0,19,0.0,0.2,0.0,0.0,0.0,0.0,0.0,4,0.0,0
0.0,0.0,0.0,0.0,0.0,0.0,0.0,1.81,13,1.81,0.0,0.0,1.81,0.0,0.0,0.0,3,0.0,0
0.0,0.0,0.0,0.0,0.9,0.0,0.0,0.0,40,0.0,0.0,0.0,0.45,0.0,0.0,0.0,4,0.0,0
0.0,0.0,0.0,0.0,0.0,0.0,0.26,1.61,139,0.53,0.0,0.0,0.8,0.0,0.0,0.0,6,0.0,0
0.96,0.0,0.0,0.063,0.96,0.0,0.48,0.48,432,0.0,0.021,0.0,0.0,0.16,0.0,0.0,39,0.0,0
0.24,0.0,0.0,0.0,0.0,0.0,0.0,1.93,210,0.0,0.0,0.0,1.69,0.0,0.0,0.0,12,0.0,0
0.0,0.0,0.0,0.0,0.0,0.0,0.0,1.97,206,0.0,0.037,0.0,1.72,0.0,0.0,0.0,12,0.0,0
0.0,0.09,0.0,0.066,0.0,0.0,0.46,2.42,552,0.0,0.0,0.18,0.0,0.09,0.0,0.0,26,0.27,0
0.0,0.0,0.0,0.0,0.0,0.0,0.0,2.56,24,0.0,0.0,0.0,2.56,0.0,0.0,0.0,4,0.0,0
0.0,0.0,0.0,0.0,0.0,0.0,0.0,2.73,37,0.0,0.0,0.0,2.73,0.0,0.0,0.0,7,1.36,0
0.0,0.0,0.0,0.0,6.25,0.0,0.0,0.0,14,0.0,0.0,0.0,0.0,0.0,0.0,0.0,2,0.0,0
0.0,0.0,0.0,0.013,0.26,0.0,0.87,2.79,904,0.0,0.0,0.08,0.69,0.08,0.0,0.0,57,0.34,0
0.0,0.0,0.0,0.0,0.0,0.0,0.0,0.0,26,0.0,0.0,0.0,0.0,0.0,0.0,0.0,9,0.0,0
0.0,0.0,0.0,0.0,0.0,0.0,0.0,0.0,41,0.0,0.0,0.0,0.0,0.0,0.0,0.0,12,0.0,0
0.0,0.0,0.0,0.0,3.7,0.0,0.0,0.0,18,0.0,0.0,0.0,0.0,0.0,0.0,0.0,5,0.0,0
0.0,0.0,0.0,0.0,0.0,0.0,0.0,0.0,17,0.0,0.0,0.0,0.0,0.0,0.0,0.0,4,0.0,0
0.17,0.0,0.0,0.0,0.35,0.0,0.0,0.53,204,0.71,0.0,0.0,0.35,0.0,0.0,0.0,13,0.0,0
0.97,0.0,0.0,0.0,1.94,0.13,0.0,0.13,598,0.27,0.025,0.0,1.11,0.13,0.0,0.0,82,0.0,0
0.0,0.48,0.0,0.059,0.0,0.0,0.0,1.44,338,0.0,0.119,0.0,1.93,0.0,0.0,0.0,115,0.0,0
0.64,0.0,0.0,0.044,0.69,0.14,0.19,2.04,1223,0.09,0.014,0.04,1.09,0.04,0.04,0.0,26,0.0,0
0.0,0.0,0.0,0.0,1.28,0.0,0.0,0.0,107,0.0,0.0,0.0,0.0,0.0,0.0,0.0,13,0.0,0
0.0,0.0,0.0,0.0,0.0,0.0,0.0,0.0,23,0.0,0.0,0.0,0.0,0.0,0.0,0.0,7,0.0,0
0.0,0.0,0.0,0.0,0.97,0.0,0.0,0.0,68,0.0,0.0,0.0,0.0,0.0,0.0,0.0,12,0.0,0
0.0,0.0,0.0,0.0,1.72,0.0,0.0,0.0,33,0.0,0.0,0.0,0.0,0.0,0.0,0.0,12,0.0,0
0.0,0.0,0.0,0.0,0.0,0.0,0.0,0.0,4,0.0,0.0,0.0,0.0,0.0,0.0,0.0,1,0.0,0
0.0,0.0,0.0,0.0,0.0,0.0,0.0,0.0,23,0.0,0.0,0.0,0.0,0.0,0.0,0.0,7,0.0,0
0.0,0.0,0.0,0.0,0.0,0.0,0.0,0.0,17,0.0,0.0,0.0,0.0,0.0,0.0,0.0,9,0.0,0
0.0,0.0,0.0,0.0,0.0,0.0,0.0,0.0,6,0.0,0.0,0.0,0.0,0.0,0.0,0.0,4,0.0,0
0.0,0.0,0.0,0.0,0.0,0.0,0.0,0.0,6,0.0,0.0,0.0,0.0,0.0,0.0,0.0,4,0.0,0
0.0,0.0,0.0,0.0,4.16,0.0,0.0,4.16,10,0.0,0.0,0.0,0.0,0.0,0.0,0.0,4,0.0,0
0.0,0.0,0.0,0.011,0.0,0.0,0.16,3.53,598,0.0,0.0,0.08,0.0,0.16,0.08,0.0,18,0.08,0
2.38,0.0,0.0,0.0,2.38,0.0,0.0,0.0,15,2.38,0.0,0.0,0.0,0.0,0.0,0.0,4,0.0,0
0.42,0.0,0.0,0.0,1.68,0.42,0.0,0.0,61,0.84,0.0,0.0,0.0,0.0,0.0,0.0,8,0.0,0
0.0,0.0,0.0,0.0,4.2,0.0,0.0,1.68,32,0.0,0.0,0.0,0.0,0.0,0.0,0.0,9,0.0,0
0.4,0.0,0.0,0.022,0.65,0.0,0.81,1.38,542,0.48,0.057,0.0,0.0,0.0,0.0,0.0,65,0.08,0
0.0,0.0,0.0,0.0,1.66,0.0,0.0,0.0,34,0.0,0.304,0.0,0.0,0.0,0.0,0.0,9,0.0,0
0.0,0.0,0.0,0.0,1.78,0.0,0.0,1.78,55,0.0,0.0,0.0,0.0,0.0,0.0,0.0,10,0.0,0
0.86,0.0,0.0,0.0,0.0,0.0,0.86,0.86,35,0.0,0.0,0.0,0.0,0.0,0.0,0.0,8,0.0,0
0.0,0.0,0.0,0.0,0.0,0.0,0.0,0.0,23,0.0,0.0,0.0,0.0,0.0,0.0,0.0,7,0.0,0
0.0,0.0,0.0,0.0,0.0,0.0,0.0,0.0,10,0.0,0.0,0.0,0.0,0.0,0.0,0.0,1,0.0,0
0.9,0.0,0.0,0.0,4.5,0.0,0.0,0.0,39,0.9,0.0,0.0,0.0,0.0,0.0,0.0,4,0.0,0
0.0,0.0,0.0,0.0,0.0,0.0,0.0,9.52,30,0.0,0.0,0.0,4.76,0.0,0.0,0.0,11,0.0,0
0.0,0.0,0.0,0.0,0.0,0.0,0.0,0.0,44,0.0,0.0,0.0,0.0,0.0,0.0,0.0,6,0.0,0
0.0,0.0,0.0,0.0,2.03,0.0,0.0,2.53,63,0.0,0.094,0.0,2.53,0.0,0.0,0.0,12,0.0,0
1.2,0.0,0.0,0.0,4.81,0.0,0.0,0.0,17,0.0,0.0,0.0,0.0,0.0,0.0,0.0,2,0.0,0
0.0,0.0,0.0,0.0,3.09,0.0,0.0,1.03,23,0.0,0.193,0.0,1.03,0.0,0.0,0.0,1,0.0,0
1.2,0.0,0.0,0.0,1.2,0.0,0.0,0.0,62,0.0,0.237,0.0,0.0,0.0,0.0,0.0,8,0.0,0
0.0,0.0,0.0,0.0,0.0,0.0,0.0,1.73,91,0.0,0.0,0.0,0.86,0.0,0.0,0.0,12,0.0,0
0.0,0.0,0.0,0.0,0.0,0.0,0.0,0.0,9,0.0,0.0,0.0,0.0,0.0,0.0,0.0,1,0.0,0
0.0,0.0,0.0,0.0,0.0,0.0,0.0,0.0,72,0.0,0.0,0.0,0.0,0.0,0.0,0.0,10,0.0,0
1.91,0.23,0.0,0.205,2.87,0.23,0.0,0.0,146,0.23,0.37,0.23,0.0,0.23,0.23,0.23,24,0.47,0
0.0,0.0,0.0,0.0,0.0,0.0,0.0,0.0,7,0.0,0.0,0.0,0.0,0.0,0.0,0.0,1,0.0,0
0.22,0.0,0.0,0.032,0.45,0.0,0.0,0.68,549,0.34,0.0,0.0,0.79,0.22,1.02,0.0,32,0.0,0
0.23,0.0,0.0,0.031,0.46,0.0,0.0,0.57,505,0.0,0.0,0.0,0.69,0.0,1.15,0.0,32,0.0,0
0.0,0.0,0.0,0.0,0.0,0.0,0.0,0.0,5,0.0,0.0,0.0,0.0,0.0,0.0,0.0,1,0.0,0
6.66,0.0,0.0,0.0,0.0,0.0,0.0,0.0,12,0.0,0.0,0.0,0.0,0.0,0.0,0.0,1,0.0,0
0.0,0.0,0.0,0.0,0.0,3.7,0.0,0.0,14,0.0,0.0,0.0,0.0,0.0,0.0,0.0,3,0.0,0
1.19,0.0,0.0,0.0,2.97,0.0,0.0,0.0,38,0.0,0.102,0.0,0.0,0.0,0.0,0.0,7,0.0,0
0.26,0.0,0.0,0.024,0.35,0.0,0.0,0.88,673,0.0,0.0,0.0,0.97,0.0,0.79,0.0,40,0.0,0
0.15,0.0,0.0,0.014,0.2,0.0,0.0,0.67,1423,0.3,0.0,0.0,0.72,0.0,0.51,0.0,85,0.0,0
0.25,0.0,0.0,0.024,0.34,0.08,0.0,0.76,715,0.17,0.0,0.0,0.85,0.08,0.76,0.0,47,0.0,0
0.0,0.0,0.0,0.0,0.0,0.0,0.0,1.16,46,0.0,0.0,0.58,0.0,0.0,0.0,0.0,4,0.0,0
0.0,0.15,0.0,0.043,0.15,0.07,1.01,3.11,576,0.23,0.0,0.0,0.0,0.0,0.07,0.07,24,0.07,0
0.0,0.0,0.0,0.0,0.0,0.0,0.0,0.0,15,0.0,1.098,0.0,0.0,0.0,0.0,0.0,9,0.0,0
0.0,0.0,0.0,0.0,0.0,0.0,0.0,2.08,48,0.0,0.173,0.0,0.0,0.0,0.0,0.0,6,0.0,0
0.74,0.0,0.0,0.0,1.49,0.0,0.0,2.98,133,0.74,0.0,0.0,2.23,0.0,0.0,0.0,12,0.0,0
0.0,0.0,0.0,0.0,0.0,0.0,0.0,0.0,19,0.0,0.0,0.0,0.0,0.0,0.0,0.0,8,0.0,0
1.26,0.0,0.0,0.0,1.26,0.0,0.0,0.0,14,0.0,0.178,0.0,0.0,0.0,0.0,0.0,3,0.0,0
0.0,0.0,0.0,0.0,0.0,0.0,0.0,5.55,26,0.0,0.0,0.0,2.77,0.0,0.0,0.0,11,0.0,0
0.39,0.0,0.0,0.04,0.26,0.13,0.0,0.0,372,0.0,0.04,0.0,0.0,0.13,0.0,0.0,26,0.79,0
1.88,0.0,0.0,0.0,1.07,0.26,0.0,2.15,262,0.0,0.043,0.0,1.61,0.0,0.0,0.0,19,0.0,0
0.72,0.0,0.0,0.0,0.36,0.0,0.36,1.09,110,0.36,0.0,0.0,1.09,0.72,0.0,0.0,7,0.0,0
0.0,0.0,0.0,0.0,1.36,0.0,0.0,0.34,84,0.0,0.387,0.0,0.34,0.0,0.0,0.0,15,0.0,0
0.86,0.0,0.0,0.0,0.43,0.0,0.0,6.03,179,0.0,0.065,0.0,3.44,0.0,0.0,0.0,40,0.0,0
0.0,0.0,0.0,0.0,0.0,0.0,0.0,0.0,5,0.0,0.0,0.0,0.0,0.0,0.0,0.0,4,0.0,0
0.0,0.0,0.0,0.0,0.0,0.0,0.0,0.0,20,0.0,0.391,0.0,0.0,0.0,0.0,0.0,4,0.0,0
0.0,0.0,1.23,0.0,0.0,0.0,1.23,2.46,45,0.0,0.403,0.0,0.0,0.0,0.0,0.0,6,0.0,0
0.0,0.0,0.0,0.0,0.0,0.0,0.0,0.0,15,0.0,0.0,0.0,0.0,0.0,0.0,0.0,5,0.0,0
1.41,0.0,0.0,0.0,1.41,0.0,0.7,0.0,375,0.0,0.0,0.0,0.0,0.0,0.0,0.0,199,0.0,0
0.12,0.0,0.0,0.041,0.22,0.02,0.17,0.0,2458,0.12,0.015,0.0,0.0,0.02,0.0,0.0,25,0.02,0
2.46,0.0,0.0,0.0,3.7,1.23,0.0,0.0,26,0.0,0.0,0.0,0.0,0.0,0.0,0.0,3,0.0,0
0.0,0.0,0.0,0.0,0.0,0.0,0.0,0.0,5,0.0,0.0,0.0,0.0,0.0,0.0,0.0,1,0.0,0
0.0,0.0,0.0,0.0,0.0,0.0,0.0,0.0,7,0.0,0.0,0.0,0.0,0.0,0.0,0.0,2,0.0,0
1.03,0.0,0.0,0.0,1.54,0.51,0.0,0.51,77,1.54,0.079,0.0,0.51,0.0,0.0,0.0,15,0.51,0
0.0,0.0,0.0,0.0,0.0,0.0,0.0,0.0,7,0.0,0.0,0.0,0.0,0.0,0.0,0.0,2,0.0,0
1.75,0.0,0.0,0.0,1.75,0.0,0.0,0.0,9,0.0,0.0,0.0,0.0,0.0,0.0,0.0,2,0.0,0
0.0,0.0,0.0,0.0,0.0,0.0,0.0,13.04,96,0.0,0.0,0.0,0.0,0.0,0.0,0.0,19,0.0,0
0.0,0.0,0.0,0.0,0.0,0.0,0.0,3.7,22,0.0,0.0,0.0,0.0,0.0,0.0,0.0,6,0.0,0
0.0,0.0,0.0,0.0,0.0,0.0,0.0,0.0,3,0.0,0.0,0.0,0.0,0.0,0.0,0.0,1,0.0,0
0.0,0.0,0.0,0.0,1.05,0.0,0.0,0.0,22,1.05,0.181,0.0,0.0,0.0,0.0,0.0,7,0.0,0
0.0,0.0,0.0,0.0,0.0,0.0,0.0,0.0,29,0.0,0.0,0.0,0.0,0.0,0.0,0.0,9,0.0,0
0.22,0.0,0.0,0.024,0.67,0.0,0.0,0.67,359,0.22,0.0,0.0,0.0,0.22,0.0,0.0,157,0.0,0
0.0,0.0,0.0,0.0,0.0,0.0,0.0,0.0,7,0.0,0.0,0.0,0.0,0.0,0.0,0.0,2,0.0,0
0.0,0.0,0.0,0.0,0.0,0.0,0.0,0.0,7,0.0,0.0,0.0,0.0,0.0,0.0,0.0,2,0.0,0
0.0,0.0,0.0,0.0,0.49,0.0,0.0,0.0,106,0.0,0.0,0.0,0.0,0.49,0.0,0.0,5,0.49,0
0.0,0.0,0.0,0.0,0.32,0.0,0.0,0.64,175,0.32,0.0,0.0,0.64,0.0,0.0,0.0,10,0.0,0
0.0,0.0,0.0,0.0,0.0,0.0,0.0,0.0,15,0.0,0.0,0.0,0.0,0.0,0.0,0.0,1,0.0,0
0.0,0.0,0.0,0.0,0.0,0.0,0.0,0.0,14,0.0,0.961,0.0,0.0,0.0,0.0,0.0,9,0.0,0
0.0,0.0,0.0,0.0,0.0,0.0,0.0,0.0,41,0.0,0.0,0.0,0.0,0.0,0.0,0.0,7,0.0,0
0.0,0.0,0.0,0.0,0.0,0.0,0.0,1.96,29,0.0,0.0,0.0,0.0,0.0,0.0,0.0,7,0.0,0
0.0,0.0,0.0,0.0,0.0,0.0,0.0,0.0,61,0.0,0.0,0.0,0.0,0.0,0.0,0.0,21,0.0,0
0.0,0.0,0.0,0.0,0.0,0.0,0.0,5.12,40,0.0,0.0,0.0,2.56,0.0,0.0,0.0,11,0.0,0
2.31,0.0,0.0,0.0,2.05,0.0,0.0,0.25,237,0.25,0.039,0.0,2.57,0.0,0.0,0.0,45,0.0,0
0.0,0.0,0.0,0.0,1.45,0.0,0.0,0.72,85,0.0,0.124,0.0,6.56,0.0,0.0,0.0,30,0.0,0
0.56,0.0,0.0,0.016,0.9,0.03,0.0,1.58,1356,0.03,0.028,0.0,0.26,0.07,0.03,0.0,20,0.0,0
0.0,0.0,0.0,0.719,0.0,0.0,0.0,0.0,10,0.0,0.0,0.0,0.0,0.0,0.0,0.0,2,0.0,0
0.0,0.0,0.0,0.0,0.0,0.0,0.0,0.0,95,0.34,0.0,0.0,0.0,0.0,0.34,0.0,6,0.0,0
0.89,0.0,0.0,0.0,0.89,0.0,0.0,0.0,76,1.49,0.0,0.0,0.0,0.29,0.0,0.0,9,0.0,0
0.0,0.0,0.0,0.724,0.0,0.0,0.0,0.0,10,0.0,0.0,0.0,0.0,0.0,0.0,0.0,2,0.0,0
0.0,0.0,0.0,0.0,3.1,0.0,0.0,0.62,50,0.0,0.0,0.0,0.0,0.0,0.0,0.0,8,0.0,0
0.0,0.0,0.0,0.0,0.0,0.0,0.0,0.0,16,0.0,0.0,0.0,0.0,0.0,0.0,0.0,4,0.0,0
1.43,0.0,0.0,0.0,0.35,0.0,0.0,3.95,193,0.0,0.056,0.0,0.71,0.0,0.0,0.0,16,0.0,0
0.0,0.0,0.0,0.0,0.0,0.0,0.0,2.06,49,0.0,0.0,0.0,2.06,0.0,0.0,0.0,11,0.0,0
1.88,1.25,0.0,0.0,5.66,0.0,0.0,0.0,43,0.0,0.0,0.0,0.0,0.0,0.0,0.0,8,0.0,0
0.0,0.25,0.0,0.017,0.0,0.0,0.25,3.04,418,0.12,0.0,0.12,0.0,0.12,0.25,0.0,24,0.12,0
8.0,0.0,0.0,0.0,2.0,0.0,0.0,0.0,53,0.0,0.0,2.0,0.0,0.0,0.0,0.0,29,0.0,0
0.0,0.0,0.0,0.0,0.0,0.0,0.0,0.0,23,0.0,0.0,0.0,0.0,0.0,0.0,0.0,6,0.0,0
0.0,0.0,0.0,0.0,0.9,0.0,0.0,0.9,47,0.0,0.0,0.0,0.9,0.0,0.0,0.0,8,0.0,0
3.5,0.0,0.0,0.0,1.75,0.58,0.0,0.0,41,0.0,0.097,0.0,0.58,0.0,0.0,0.0,11,0.0,0
0.2,0.0,0.0,0.0,1.45,0.0,0.0,0.0,114,0.0,0.109,0.0,0.2,0.0,0.2,0.0,11,0.0,0
1.16,0.0,0.0,0.0,0.0,0.0,0.0,0.0,20,0.0,0.0,0.0,0.0,0.0,0.0,0.0,3,1.16,0
0.0,0.0,0.0,0.0,0.0,0.0,0.0,0.0,199,0.0,0.0,0.0,0.0,0.0,0.0,0.0,76,0.0,0
0.0,0.0,0.0,0.0,0.47,0.23,0.0,0.47,142,0.23,0.0,0.0,0.23,0.23,0.0,0.0,8,0.0,0
0.0,0.0,0.0,0.0,0.0,0.0,0.0,0.0,8,0.0,0.0,0.0,0.0,0.0,0.0,0.0,1,0.0,0
0.0,0.0,0.0,0.0,0.0,0.0,0.0,0.0,18,0.0,0.74,0.0,0.0,0.0,0.0,0.0,4,0.0,0
0.46,0.0,0.0,0.0,1.38,0.0,0.0,0.46,132,0.0,0.0,0.0,0.0,0.0,0.0,0.0,12,0.0,0
1.6,0.0,0.0,0.0,4.8,0.0,0.0,0.0,11,0.0,0.0,0.0,0.0,0.0,0.0,0.0,1,0.0,0
0.0,0.0,0.0,0.0,0.0,0.0,0.0,0.0,31,0.0,0.0,0.0,0.0,0.0,0.0,0.0,8,0.0,0
0.0,0.0,0.0,0.0,2.81,0.0,0.0,0.0,9,0.0,0.0,0.0,0.0,0.0,0.0,0.0,2,0.0,0
2.11,0.0,0.0,0.084,0.42,0.0,0.0,2.32,411,0.0,0.028,0.0,0.0,0.0,0.0,0.0,62,0.0,0
0.68,0.0,0.0,0.0,4.08,0.68,0.0,0.0,39,0.0,0.523,0.68,0.0,0.0,0.68,0.0,5,0.0,0
0.0,0.0,0.0,0.0,1.22,0.11,0.11,1.22,600,0.55,0.017,0.0,0.44,0.0,0.0,0.0,38,0.0,0
0.0,0.0,0.0,0.0,0.0,0.0,0.0,0.0,198,0.0,0.0,0.0,0.0,0.0,0.0,0.0,76,0.0,0
3.38,0.0,0.37,0.0,3.75,0.0,0.75,0.37,85,0.0,0.0,0.0,0.0,0.0,0.0,0.0,13,0.0,0
0.0,0.0,0.0,0.0,0.0,0.0,0.0,1.72,29,0.0,0.0,0.0,3.44,0.0,0.0,0.0,7,0.0,0
2.7,0.0,0.0,0.0,2.7,0.0,0.0,0.0,28,0.0,0.444,0.0,0.0,0.0,0.0,0.0,7,0.0,0
0.0,0.0,0.0,0.0,0.0,0.0,0.0,2.02,142,0.0,0.0,0.0,1.35,0.67,0.0,0.0,24,0.67,0
9.52,0.0,0.0,0.0,4.76,0.0,0.0,0.0,9,4.76,0.8,0.0,0.0,0.0,0.0,0.0,4,0.0,0
0.0,0.0,0.0,0.0,0.0,0.0,0.0,0.0,12,0.0,0.0,0.0,0.0,0.0,0.0,0.0,6,0.0,0
0.0,0.0,0.0,0.0,0.0,0.0,0.0,0.0,64,0.0,0.0,0.0,0.0,1.03,0.0,0.0,11,2.07,0
0.0,0.0,0.0,0.0,0.0,0.0,0.0,3.5,130,0.0,0.122,0.0,2.63,0.0,0.0,0.0,12,0.0,0
0.0,0.0,0.0,0.0,0.06,0.0,0.2,2.54,665,0.13,0.0,0.0,0.0,0.13,0.0,0.0,22,0.13,0
0.0,0.0,0.0,0.0,2.04,0.0,0.0,2.04,78,0.0,0.0,0.0,1.02,0.0,0.0,0.0,13,0.0,0
0.0,0.0,0.0,0.0,0.0,0.0,0.0,0.0,28,0.0,0.0,0.0,0.0,0.0,0.0,0.0,12,0.0,0
0.0,0.0,0.0,0.0,0.0,0.0,0.0,1.83,115,0.52,0.0,0.0,1.57,0.26,0.0,0.0,12,0.52,0
0.0,0.0,0.0,0.0,1.18,0.13,0.13,0.52,420,0.65,0.0,0.0,0.26,0.0,0.0,0.0,38,0.0,0
0.0,0.0,0.0,0.0,0.0,0.0,0.0,0.9,58,0.0,0.153,0.0,3.63,0.0,0.0,0.0,7,0.0,0
0.0,0.0,0.0,0.0,0.0,0.0,0.0,0.0,15,0.0,0.645,0.0,0.0,0.0,0.0,0.0,7,0.0,0
3.52,0.0,0.0,0.0,2.35,0.0,0.0,3.52,14,0.0,0.414,0.0,2.35,0.0,0.0,0.0,1,0.0,0
0.0,0.0,0.0,0.0,0.0,0.0,0.0,0.0,7,0.0,0.0,0.0,0.0,0.0,0.0,0.0,3,0.0,0
0.8,0.0,0.0,0.0,2.4,0.0,0.0,0.0,83,0.0,0.0,0.0,0.0,0.0,0.0,0.0,12,0.0,0
0.0,0.0,0.0,0.0,6.25,0.0,0.0,0.0,9,0.0,0.0,0.0,0.0,0.0,0.0,0.0,3,0.0,0
0.0,0.0,0.0,0.0,0.0,0.0,0.0,0.0,11,0.0,0.0,0.0,0.0,0.0,0.0,0.0,4,0.0,0
0.0,0.0,0.0,0.0,0.0,0.0,0.0,0.0,5,0.0,0.0,0.0,0.0,0.0,0.0,0.0,2,0.0,0
0.0,0.0,0.0,0.0,0.0,0.0,0.0,1.76,230,0.0,0.0,0.0,1.76,0.0,0.0,0.0,17,0.0,0
0.0,0.0,0.0,0.0,0.0,0.0,0.0,0.0,5,0.0,0.0,0.0,0.0,0.0,0.0,0.0,1,0.0,0
0.0,0.0,0.0,0.0,4.25,0.0,0.0,0.0,8,0.0,0.0,0.0,0.0,0.0,0.0,0.0,2,0.0,0
0.0,0.0,0.0,0.0,3.03,0.0,0.0,0.0,13,0.0,0.0,0.0,0.0,0.0,0.0,0.0,3,0.0,0
0.0,0.0,0.0,0.0,0.0,0.0,0.42,0.0,103,0.0,0.0,0.0,0.0,0.0,0.0,0.0,11,0.0,0
0.32,0.0,0.0,0.0,0.97,0.0,0.0,0.0,148,0.0,0.0,0.0,0.0,0.0,0.32,0.0,17,0.0,0
0.47,0.0,0.0,0.0,1.88,0.0,0.0,2.83,168,0.0,0.072,0.0,2.35,0.0,0.0,0.0,13,0.0,0
0.0,0.0,0.0,0.0,2.53,0.0,0.0,1.26,51,0.0,0.208,0.0,1.26,0.0,0.0,0.0,11,0.0,0
0.22,0.0,0.0,0.029,0.45,0.11,0.0,0.56,653,0.11,0.0,0.0,0.68,0.0,1.02,0.0,81,0.0,0
0.0,0.0,0.0,0.0,0.0,0.0,0.0,0.0,17,0.0,0.0,0.0,0.0,0.0,0.0,0.0,10,0.0,0
0.0,0.0,0.0,0.407,2.33,0.0,0.58,2.33,112,1.16,0.407,0.0,0.0,0.0,0.0,0.0,17,0.0,0
0.0,0.0,0.0,0.0,0.0,0.0,0.0,0.0,28,0.0,0.448,0.0,0.0,0.0,0.0,0.0,4,0.0,0
0.0,0.0,0.88,0.0,0.88,0.0,0.0,0.0,44,0.0,0.0,0.0,0.0,0.0,0.0,0.0,9,0.0,0
0.63,0.0,0.0,0.0,0.0,0.0,0.0,2.54,105,0.0,0.0,0.0,1.91,0.0,0.0,0.0,12,0.0,0
0.0,0.0,0.0,0.0,0.0,0.0,0.0,7.69,32,0.0,0.0,0.0,3.84,0.0,0.0,0.0,11,0.0,0
0.0,0.0,0.0,0.0,0.0,0.0,0.0,0.0,7,0.0,0.0,0.0,0.0,0.0,0.0,0.0,4,0.0,0
0.0,0.0,0.0,0.0,0.0,0.0,0.0,0.0,6,0.0,0.0,0.0,0.0,0.0,0.0,0.0,1,0.0,0
0.54,0.0,0.0,0.0,0.0,0.0,0.0,2.71,251,0.0,0.0,0.0,1.63,0.0,0.0,0.0,35,0.0,0
0.0,0.0,0.0,0.0,2.38,0.0,0.0,0.0,25,0.0,0.0,0.0,0.0,0.0,0.0,0.0,9,0.0,0
0.0,0.0,0.0,0.0,0.0,0.0,0.0,0.0,201,0.0,0.0,0.0,0.0,0.0,0.0,0.0,76,0.0,0
0.0,0.0,0.0,0.0,0.0,0.0,0.0,0.0,6,0.0,0.0,0.0,0.0,0.0,0.0,0.0,1,0.0,0
1.31,0.0,0.0,0.0,0.0,0.0,0.0,2.63,146,0.0,0.0,0.0,1.97,0.0,0.0,0.0,34,0.0,0
0.0,0.0,0.0,0.0,0.32,0.0,0.0,0.64,156,0.32,0.0,0.0,0.64,0.0,0.0,0.0,10,0.0,0
0.0,0.0,0.0,0.0,1.96,0.0,0.0,0.0,26,0.0,0.0,0.0,0.0,0.0,0.0,0.0,11,0.0,0
0.0,0.0,0.0,0.0,1.96,0.0,0.0,0.0,26,0.0,0.0,0.0,0.0,0.0,0.0,0.0,11,0.0,0
0.0,0.0,0.0,0.0,1.2,0.0,0.0,2.4,37,0.0,0.0,0.0,1.2,0.0,0.0,0.0,11,0.0,0
0.0,0.0,0.0,0.0,1.11,0.0,0.0,2.22,48,0.0,0.0,0.0,1.11,0.0,0.0,0.0,7,0.0,0
0.0,0.0,0.0,0.0,0.0,0.0,0.0,0.0,317,0.0,0.0,0.0,0.0,0.0,0.0,0.0,8,0.0,0
0.33,0.0,0.0,0.336,1.32,0.0,0.33,1.98,321,0.66,0.224,0.0,0.66,0.0,0.0,0.0,42,0.33,0
1.03,0.0,0.0,0.0,2.24,0.17,0.0,0.34,319,0.17,0.0,0.0,0.69,0.17,0.34,0.0,48,0.0,0
0.0,0.0,0.0,0.031,0.1,0.0,0.0,0.87,391,0.1,0.0,0.0,0.0,0.21,0.0,0.0,12,0.1,0
0.0,0.0,0.0,0.12,0.0,0.0,0.38,2.66,577,0.0,0.013,0.0,0.0,0.09,0.0,0.0,24,0.28,0
1.73,0.0,0.0,0.0,0.0,0.57,0.0,2.31,76,0.0,0.0,0.0,0.0,0.0,0.0,0.0,12,0.0,0
0.0,0.0,0.0,0.0,0.0,0.0,0.0,0.6,82,0.6,0.0,0.0,0.3,0.3,0.0,0.0,8,0.6,0
1.4,0.0,0.0,0.0,1.4,0.0,0.7,0.0,377,0.0,0.0,0.0,0.0,0.0,0.0,0.0,200,0.0,0
0.0,0.0,0.0,0.0,0.24,0.0,0.0,2.65,319,0.0,0.0,0.0,1.2,0.24,0.0,0.0,44,0.0,0
0.0,0.0,0.0,0.0,0.23,0.0,0.0,0.23,89,0.69,0.0,0.0,0.23,0.0,0.0,0.0,9,0.0,0
2.06,0.0,0.68,0.0,1.37,0.0,0.0,0.0,155,0.0,0.0,0.0,0.0,0.0,0.0,0.0,19,0.0,0
1.16,0.0,0.0,0.0,2.51,0.19,0.0,0.19,156,0.19,0.0,0.0,0.58,0.19,0.38,0.0,11,0.0,0
0.0,0.0,0.0,0.0,0.0,0.0,0.0,0.0,129,0.63,0.0,0.0,0.31,0.0,0.0,0.0,7,0.0,0
0.0,0.0,0.0,0.0,0.0,0.0,0.0,0.0,129,0.63,0.0,0.0,0.31,0.0,0.0,0.0,7,0.0,0
0.21,0.0,0.0,0.0,0.85,0.0,0.0,2.13,260,0.64,0.0,0.0,0.21,0.0,0.0,0.0,18,0.0,0
0.49,0.0,0.0,0.027,0.99,0.0,0.0,0.74,380,0.24,0.0,0.0,0.0,0.49,0.0,0.0,157,0.0,0
0.23,0.0,0.23,0.0,0.23,0.0,0.0,0.0,184,0.47,0.149,0.23,0.0,0.0,0.0,0.0,18,0.0,0
0.0,0.0,0.0,0.0,3.03,0.0,0.0,0.0,14,0.0,0.0,0.0,0.0,0.0,0.0,0.0,4,0.0,0
0.0,0.0,0.0,0.0,0.0,0.0,0.0,1.25,69,0.0,0.0,0.0,1.25,0.0,0.0,0.0,18,0.0,0
0.0,0.0,0.0,0.0,0.0,0.0,0.0,0.0,5,0.0,0.0,0.0,0.0,0.0,0.0,0.0,1,0.0,0
0.0,0.0,0.0,0.0,0.0,0.0,0.0,0.0,4,0.0,0.0,0.0,0.0,0.0,0.0,0.0,1,0.0,0
0.19,0.0,0.0,0.0,0.19,0.0,0.0,1.58,311,0.0,0.112,0.19,1.19,0.0,0.0,0.0,17,0.0,0
1.76,0.0,0.0,0.0,2.65,0.0,0.88,0.88,37,0.0,0.0,0.0,0.0,0.0,0.0,0.0,3,0.0,0
0.83,0.0,0.0,0.048,1.04,0.27,0.06,1.46,888,0.13,0.029,0.06,0.48,0.13,0.13,0.06,23,0.0,0
0.37,0.09,0.0,0.0,1.22,0.0,0.18,0.0,552,0.28,0.042,0.0,0.0,0.0,0.0,0.0,18,0.28,0
0.0,0.0,0.0,0.0,1.37,0.0,0.0,0.0,64,0.0,0.0,0.0,0.0,0.0,0.0,0.0,12,0.0,0
0.0,0.0,0.0,0.0,5.88,0.0,0.0,0.0,5,0.0,0.0,0.0,0.0,0.0,0.0,0.0,4,0.0,0
0.0,0.0,0.0,0.0,0.0,0.0,0.0,0.0,16,0.0,0.0,0.0,0.0,0.0,0.0,0.0,7,0.0,0
0.0,0.0,0.0,0.0,0.0,0.0,0.0,4.0,46,0.0,0.0,0.0,2.0,0.0,0.0,0.0,11,0.0,0
0.0,0.0,0.0,0.0,0.0,0.0,0.0,0.0,35,0.0,0.0,0.0,0.0,0.0,0.0,0.0,5,0.0,0
0.0,0.0,0.0,0.0,3.6,0.0,0.0,0.0,52,0.0,0.0,0.0,0.9,0.0,0.0,0.0,8,0.0,0
0.0,0.0,0.0,0.0,0.0,0.0,0.0,0.0,10,0.0,0.0,0.0,0.0,0.0,0.0,0.0,8,0.0,0
2.35,0.0,0.0,0.0,0.0,0.0,0.0,1.17,94,0.0,0.0,0.0,1.17,0.0,0.0,0.0,14,0.0,0
0.0,0.0,0.0,0.0,0.0,0.0,0.0,0.0,4,0.0,0.0,0.0,0.0,0.0,0.0,0.0,1,0.0,0
0.0,0.0,0.0,0.0,1.85,0.0,0.0,1.85,40,1.85,0.0,0.0,3.7,0.0,0.0,0.0,11,0.0,0
0.0,0.0,0.0,0.0,0.0,0.0,0.0,0.0,6,0.0,0.0,0.0,0.0,0.0,0.0,0.0,1,0.0,0
0.0,0.0,0.0,0.0,0.0,0.0,0.0,0.42,270,0.0,0.0,0.0,0.42,0.0,0.0,0.0,14,0.0,0
0.0,0.0,0.0,0.0,0.0,0.0,0.0,1.27,276,0.0,0.0,0.0,0.42,0.0,0.0,0.84,14,0.0,0
0.0,0.0,0.0,0.0,0.0,0.0,0.72,1.81,466,0.0,0.0,0.0,0.0,0.0,0.12,0.0,23,0.12,0
0.67,0.0,0.0,0.0,1.35,0.0,0.0,0.0,112,0.0,0.056,0.33,0.0,0.0,0.33,0.0,17,0.0,0
0.2,0.0,0.0,0.028,0.4,0.0,0.1,0.51,507,0.0,0.0,0.0,0.61,0.0,0.92,0.0,32,0.0,0
0.19,0.04,0.0,0.018,0.25,0.02,0.14,0.0,3337,0.08,0.0,0.02,0.0,0.02,0.0,0.0,81,0.08,0
1.66,0.0,0.0,0.0,3.33,0.0,0.0,1.66,31,0.0,0.0,0.0,0.0,0.0,0.0,1.66,7,0.0,0
0.0,0.5,0.0,0.061,0.0,0.0,0.0,1.52,237,0.0,0.122,0.0,2.03,0.0,0.0,0.0,38,0.0,0
0.0,0.0,0.0,0.0,3.84,0.0,0.0,0.0,18,0.0,0.0,0.0,0.0,0.0,0.0,0.0,6,0.0,0
0.99,0.0,0.0,0.0,1.98,0.0,0.0,2.97,54,0.0,0.0,0.0,1.98,0.0,0.0,0.0,10,0.0,0
0.0,0.0,0.0,0.031,0.22,0.0,0.0,0.99,339,0.11,0.0,0.0,0.0,0.22,0.0,0.0,12,0.11,0
0.0,0.0,0.0,0.0,0.0,0.0,0.0,0.21,188,0.0,0.0,0.0,0.21,0.0,0.0,0.0,15,0.21,0
0.6,0.0,0.0,0.0,3.63,0.3,0.0,0.0,148,0.0,0.087,0.3,0.0,0.3,0.0,0.0,64,0.0,0
1.74,0.0,0.0,0.0,0.0,0.58,0.0,2.32,68,0.0,0.0,0.0,0.0,0.0,0.0,0.0,12,0.0,0
0.0,0.0,0.0,0.0,0.0,0.0,0.0,0.0,16,0.0,0.952,0.0,0.0,0.0,0.0,0.0,12,0.0,0
1.4,0.0,0.0,0.0,4.22,0.0,0.0,1.4,69,0.0,0.229,0.0,0.0,0.0,0.0,0.0,15,0.0,0
0.0,0.0,0.0,0.0,0.0,0.0,0.0,0.0,77,0.0,0.0,0.0,0.0,0.0,0.0,0.0,26,0.0,0
0.0,0.0,0.0,0.0,2.56,0.0,0.0,2.56,59,0.0,0.0,0.0,1.28,0.0,0.0,0.0,13,0.0,0
1.48,0.0,0.0,0.0,2.96,0.0,0.0,0.0,22,0.0,0.134,0.0,0.0,0.0,0.0,0.0,8,0.0,0
0.0,0.0,0.0,0.045,0.38,0.19,0.0,0.19,395,0.19,0.022,0.19,0.0,0.0,0.0,0.0,21,0.0,0
0.0,0.0,0.0,0.0,4.25,0.0,0.0,0.0,25,1.06,0.0,0.0,0.0,0.0,0.0,0.0,6,0.0,0
0.0,0.0,0.0,0.0,0.68,0.0,0.0,0.0,36,0.0,0.0,0.0,0.0,0.0,0.0,0.0,9,0.0,0
0.0,0.0,0.0,0.0,0.0,0.0,0.0,8.0,30,0.0,0.0,0.0,4.0,0.0,0.0,0.0,11,0.0,0
0.0,0.0,0.0,0.0,0.0,0.0,0.0,8.33,30,0.0,0.0,0.0,4.16,0.0,0.0,0.0,11,0.0,0
0.0,0.0,0.0,0.0,0.0,0.0,0.0,7.2,296,0.0,0.0,0.0,4.05,0.0,0.0,0.0,19,0.0,0
0.0,0.0,0.0,0.0,0.0,0.0,0.0,0.0,17,0.0,0.0,0.0,0.0,0.0,0.0,0.0,4,0.0,0
0.0,0.0,0.0,0.0,1.84,0.0,0.0,0.0,69,0.0,0.0,0.0,0.0,0.0,0.36,0.0,3,0.0,0
0.0,0.0,0.0,0.0,2.43,0.0,0.0,0.0,16,0.0,0.238,0.0,0.0,0.0,0.0,0.0,1,0.0,0
8.0,0.0,0.0,0.0,2.0,0.0,0.0,0.0,53,0.0,0.0,2.0,0.0,0.0,0.0,0.0,29,0.0,0
1.21,0.0,0.0,0.0,0.0,0.0,0.0,0.0,24,1.21,0.0,0.0,0.0,0.0,0.0,0.0,3,0.0,0
0.0,0.0,0.0,0.0,0.0,0.0,0.5,1.5,69,0.0,0.0,0.0,1.0,0.0,0.0,0.0,5,0.0,0
0.0,0.0,0.0,0.0,2.17,0.0,0.0,5.43,127,0.0,0.0,0.0,6.52,0.0,0.0,0.0,34,0.0,0
0.0,0.0,0.0,0.043,0.12,0.0,0.5,2.06,623,0.25,0.0,0.0,0.0,0.25,0.0,0.0,23,0.5,0
0.0,0.0,0.0,0.0,1.31,0.0,0.0,0.0,37,0.0,0.0,0.0,2.63,0.0,0.0,0.0,8,0.0,0
0.0,0.0,0.0,0.044,0.38,0.19,0.0,0.38,403,0.19,0.022,0.19,0.0,0.0,0.0,0.0,21,0.0,0
0.0,0.0,0.0,0.0,0.0,0.0,0.0,0.0,100,0.0,0.0,0.0,0.0,0.0,0.75,0.0,39,0.0,0
0.0,0.0,0.0,0.0,1.69,0.0,0.0,0.0,12,0.0,0.0,0.0,0.0,0.0,0.0,0.0,1,0.0,0
0.0,0.0,0.0,0.0,0.0,0.0,0.0,0.0,12,0.0,0.0,0.0,0.0,0.0,0.0,0.0,5,0.0,0
0.0,0.0,0.0,0.0,0.0,0.0,0.0,0.0,3,0.0,0.0,0.0,0.0,0.0,0.0,0.0,1,0.0,0
0.0,0.0,0.0,0.0,0.0,0.0,0.0,0.0,5,0.0,0.0,0.0,0.0,0.0,0.0,0.0,1,0.0,0
0.0,0.0,0.0,0.0,6.38,0.0,0.0,0.0,13,0.0,0.0,0.0,0.0,0.0,0.0,0.0,5,0.0,0
0.0,0.0,0.0,0.0,0.0,0.0,0.0,0.0,6,0.0,0.0,0.0,0.0,0.0,0.0,0.0,1,0.0,0
0.0,0.0,0.0,0.0,0.0,0.0,0.0,0.0,18,0.0,0.0,0.0,0.0,0.0,0.0,0.0,4,0.0,0
0.0,0.0,0.0,0.0,0.0,0.0,0.0,0.0,5,0.0,0.0,0.0,0.0,0.0,0.0,0.0,1,0.0,0
0.0,0.0,0.0,0.0,0.0,0.0,0.0,0.0,5,0.0,0.0,0.0,0.0,0.0,0.0,0.0,1,0.0,0
0.0,0.0,0.0,0.0,0.0,0.0,0.0,0.0,5,0.0,0.0,0.0,0.0,0.0,0.0,0.0,1,0.0,0
0.0,0.0,0.0,0.0,0.0,0.0,0.0,0.0,3,0.0,0.0,0.0,0.0,0.0,0.0,0.0,1,0.0,0
0.0,0.0,0.0,0.0,0.0,0.0,0.0,0.0,5,0.0,0.0,0.0,0.0,0.0,0.0,0.0,1,0.0,0
0.0,0.0,0.0,0.0,0.0,0.0,0.0,0.49,30,0.0,0.0,0.0,0.0,0.0,0.0,0.0,5,0.0,0
0.0,0.0,0.0,0.0,0.0,0.0,0.0,0.0,5,0.0,0.0,0.0,0.0,0.0,0.0,0.0,1,0.0,0
0.0,0.0,0.0,0.0,0.0,0.0,0.0,0.0,5,0.0,0.0,0.0,0.0,0.0,0.0,0.0,1,0.0,0
0.0,0.0,0.0,0.0,0.0,0.0,0.0,0.0,7,0.0,0.0,0.0,0.0,0.0,0.0,0.0,1,0.0,0
0.0,0.0,0.0,0.0,0.0,0.0,0.0,0.0,5,0.0,0.0,0.0,0.0,0.0,0.0,0.0,1,0.0,0
0.0,0.0,0.0,0.0,0.0,0.0,0.0,0.0,5,0.0,0.0,0.0,0.0,0.0,0.0,0.0,1,0.0,0
0.0,0.0,0.0,0.0,0.0,0.0,0.0,0.0,5,0.0,0.0,0.0,0.0,0.0,0.0,0.0,1,0.0,0
0.0,0.0,0.0,0.0,0.0,0.0,0.0,0.0,4,0.0,0.0,0.0,0.0,0.0,0.0,0.0,1,0.0,0
0.0,0.0,0.0,0.0,0.0,0.0,0.0,0.0,5,0.0,0.0,0.0,0.0,0.0,0.0,0.0,1,0.0,0
0.0,0.0,0.0,0.0,0.0,0.0,0.0,0.0,5,0.0,0.0,0.0,0.0,0.0,0.0,0.0,1,0.0,0
0.0,0.0,0.0,0.0,0.0,0.0,0.0,0.0,5,0.0,0.0,0.0,0.0,0.0,0.0,0.0,1,0.0,0
0.0,0.0,0.0,0.0,0.0,0.0,0.0,0.0,5,0.0,0.0,0.0,0.0,0.0,0.0,0.0,1,0.0,0
0.0,0.0,0.0,0.0,0.0,0.0,0.0,0.0,5,0.0,0.0,0.0,0.0,0.0,0.0,0.0,1,0.0,0
0.0,0.0,0.0,0.0,0.0,0.0,0.0,0.0,4,0.0,0.0,0.0,0.0,0.0,0.0,0.0,1,0.0,0
0.0,0.0,0.0,0.0,0.0,0.0,0.0,0.0,26,0.0,0.0,0.0,0.0,0.0,0.0,0.0,6,0.0,0
0.0,0.0,0.0,0.0,0.0,0.0,0.0,0.0,6,0.0,0.0,0.0,0.0,0.0,0.0,0.0,1,0.0,0
0.0,0.0,0.0,0.0,0.0,0.0,0.0,0.0,5,0.0,0.0,0.0,0.0,0.0,0.0,0.0,1,0.0,0
0.0,0.0,0.0,0.0,0.0,0.0,0.0,0.0,4,0.0,0.0,0.0,0.0,0.0,0.0,0.0,1,0.0,0
0.0,0.0,0.0,0.0,0.0,0.0,0.0,0.0,32,0.0,0.0,0.0,0.0,0.0,0.0,0.0,7,0.0,0
0.0,0.0,0.0,0.0,0.0,0.0,0.0,0.0,6,0.0,0.0,0.0,0.0,0.0,0.0,0.0,1,0.0,0
0.0,0.0,0.0,0.0,0.0,0.0,0.0,0.0,3,0.0,0.0,0.0,0.0,0.0,0.0,0.0,1,0.0,0
0.0,0.0,0.0,0.0,0.0,0.0,0.0,0.0,5,0.0,0.0,0.0,0.0,0.0,0.0,0.0,1,0.0,0
0.0,0.0,0.0,0.0,0.0,0.0,0.0,0.0,5,0.0,0.0,0.0,0.0,0.0,0.0,0.0,1,0.0,0
0.0,0.0,0.0,0.0,0.0,0.0,0.0,0.0,5,0.0,0.0,0.0,0.0,0.0,0.0,0.0,1,0.0,0
0.0,0.0,0.0,0.0,0.0,0.0,0.0,0.0,6,0.0,0.0,0.0,0.0,0.0,0.0,0.0,3,0.0,0
0.0,0.0,0.0,0.0,0.0,0.0,0.0,0.0,5,0.0,0.0,0.0,0.0,0.0,0.0,0.0,1,0.0,0
0.0,0.0,0.0,0.0,0.0,0.0,0.0,9.09,11,0.0,0.0,0.0,0.0,0.0,0.0,0.0,5,0.0,0
0.0,0.0,0.0,0.0,0.0,0.0,0.0,0.0,6,0.0,0.0,0.0,0.0,0.0,0.0,0.0,3,0.0,0
0.0,0.0,0.0,0.0,0.0,0.0,0.0,0.0,5,0.0,0.0,0.0,0.0,0.0,0.0,0.0,1,0.0,0
0.0,0.0,0.0,0.0,0.0,0.0,0.0,0.0,10,0.0,0.0,0.0,0.0,0.0,0.0,0.0,7,0.0,0
0.0,0.0,0.0,0.0,0.0,0.0,0.0,0.0,9,0.0,0.0,0.0,0.0,0.0,0.0,0.0,6,0.0,0
0.0,0.0,0.0,0.0,0.0,0.0,0.0,0.0,5,0.0,0.0,0.0,0.0,0.0,0.0,0.0,1,0.0,0
0.0,0.0,0.0,0.0,0.0,0.0,0.0,0.0,4,0.0,0.0,0.0,0.0,0.0,0.0,0.0,1,0.0,0
0.0,0.0,0.0,0.0,0.0,0.0,0.0,0.0,5,0.0,0.0,0.0,0.0,0.0,0.0,0.0,1,0.0,0
0.0,0.0,0.0,0.0,0.0,0.0,0.0,0.0,5,0.0,0.0,0.0,0.0,0.0,0.0,0.0,1,0.0,0
0.0,0.0,0.0,0.0,0.0,0.0,0.0,0.0,5,0.0,0.0,0.0,0.0,0.0,0.0,0.0,1,0.0,0
0.0,0.0,0.0,0.0,0.0,0.0,0.0,0.0,5,0.0,0.0,0.0,0.0,0.0,0.0,0.0,1,0.0,0
0.0,0.0,0.0,0.0,0.0,0.0,0.0,0.0,5,0.0,0.0,0.0,0.0,0.0,0.0,0.0,1,0.0,0
0.0,0.0,0.0,0.0,0.0,0.0,0.0,0.0,5,0.0,0.0,0.0,0.0,0.0,0.0,0.0,1,0.0,0
0.0,0.0,0.0,0.0,0.0,0.0,0.0,0.0,5,0.0,0.0,0.0,0.0,0.0,0.0,0.0,1,0.0,0
0.0,0.0,0.0,0.0,0.0,0.0,0.0,0.0,5,0.0,0.0,0.0,0.0,0.0,0.0,0.0,1,0.0,0
0.0,0.0,0.0,0.0,0.0,0.0,0.0,0.0,5,0.0,0.0,0.0,0.0,0.0,0.0,0.0,1,0.0,0
0.0,0.0,0.0,0.0,0.0,0.0,0.0,0.0,5,0.0,0.0,0.0,0.0,0.0,0.0,0.0,1,0.0,0
0.0,0.0,0.0,0.0,0.0,0.0,0.0,0.0,5,0.0,0.0,0.0,0.0,0.0,0.0,0.0,1,0.0,0
0.0,0.0,0.0,0.0,0.0,0.0,0.0,0.0,5,0.0,0.0,0.0,0.0,0.0,0.0,0.0,1,0.0,0
0.0,0.0,0.0,0.0,0.0,0.0,0.0,0.0,6,0.0,0.0,0.0,0.0,0.0,0.0,0.0,3,0.0,0
0.0,0.0,0.0,0.0,0.0,0.0,0.0,0.0,5,0.0,0.0,0.0,0.0,0.0,0.0,0.0,1,0.0,0
0.0,0.0,0.0,0.0,0.0,0.0,0.0,0.0,6,0.0,0.0,0.0,0.0,0.0,0.0,0.0,3,0.0,0
0.0,0.0,0.0,0.0,0.0,0.0,0.0,0.0,3,0.0,0.0,0.0,0.0,0.0,0.0,0.0,1,0.0,0
0.0,0.0,0.0,0.0,0.0,0.0,0.0,0.0,4,0.0,0.0,0.0,0.0,0.0,0.0,0.0,1,0.0,0
0.0,0.0,0.0,0.0,0.0,0.0,0.0,0.0,6,0.0,0.0,0.0,0.0,0.0,0.0,0.0,1,0.0,0
0.0,0.0,0.0,0.0,0.0,0.0,0.0,0.0,5,0.0,0.0,0.0,0.0,0.0,0.0,0.0,1,0.0,0
0.0,0.0,0.0,0.0,0.0,0.0,0.0,0.0,6,0.0,0.0,0.0,0.0,0.0,0.0,0.0,1,0.0,0
0.0,0.0,0.0,0.0,0.0,0.0,0.0,0.0,5,0.0,0.0,0.0,0.0,0.0,0.0,0.0,1,0.0,0
0.0,0.0,0.0,0.0,0.0,0.0,0.0,0.0,5,0.0,0.0,0.0,0.0,0.0,0.0,0.0,1,0.0,0
0.0,0.0,0.0,0.0,0.0,0.0,0.0,0.0,5,0.0,0.0,0.0,0.0,0.0,0.0,0.0,1,0.0,0
0.0,0.0,0.0,0.0,0.0,0.0,0.0,0.0,5,0.0,0.0,0.0,0.0,0.0,0.0,0.0,1,0.0,0
0.0,0.0,0.0,0.0,0.0,0.0,0.0,0.0,6,0.0,0.0,0.0,0.0,0.0,0.0,0.0,1,0.0,0
0.0,0.0,0.0,0.0,0.0,0.0,0.0,0.0,5,0.0,0.0,0.0,0.0,0.0,0.0,0.0,1,0.0,0
0.0,0.0,0.0,0.0,0.0,0.0,0.0,0.0,5,0.0,0.0,0.0,0.0,0.0,0.0,0.0,1,0.0,0
0.0,0.0,0.0,0.0,0.0,0.0,0.0,0.0,5,0.0,0.0,0.0,0.0,0.0,0.0,0.0,1,0.0,0
0.0,0.0,0.0,0.0,0.0,0.0,0.0,0.0,5,0.0,0.0,0.0,0.0,0.0,0.0,0.0,1,0.0,0
0.0,0.0,0.0,0.0,0.0,0.0,0.0,0.0,5,0.0,0.0,0.0,0.0,0.0,0.0,0.0,1,0.0,0
0.0,0.0,0.0,0.0,0.0,0.0,0.0,0.0,5,0.0,0.0,0.0,0.0,0.0,0.0,0.0,1,0.0,0
0.0,0.0,0.0,0.0,0.0,0.0,0.0,0.0,5,0.0,0.0,0.0,0.0,0.0,0.0,0.0,1,0.0,0
0.0,0.0,0.0,0.0,0.0,0.0,0.0,0.0,5,0.0,0.0,0.0,0.0,0.0,0.0,0.0,1,0.0,0
0.0,0.0,0.0,0.0,0.0,0.0,0.0,0.0,5,0.0,0.0,0.0,0.0,0.0,0.0,0.0,1,0.0,0
0.0,0.0,0.0,0.0,0.0,0.0,0.0,0.0,5,0.0,0.0,0.0,0.0,0.0,0.0,0.0,1,0.0,0
0.0,0.0,0.0,0.0,0.0,0.0,0.0,0.0,5,0.0,0.0,0.0,0.0,0.0,0.0,0.0,1,0.0,0
0.0,0.0,0.0,0.0,0.0,0.0,0.0,0.0,5,0.0,0.0,0.0,0.0,0.0,0.0,0.0,1,0.0,0
0.0,0.0,0.0,0.0,0.0,0.0,0.0,0.0,5,0.0,0.0,0.0,0.0,0.0,0.0,0.0,1,0.0,0
0.0,0.0,0.0,0.0,0.0,0.0,0.0,0.0,5,0.0,0.0,0.0,0.0,0.0,0.0,0.0,1,0.0,0
0.0,0.0,0.0,0.0,0.0,0.0,0.0,11.11,7,0.0,0.0,0.0,0.0,0.0,0.0,0.0,2,0.0,0
0.0,0.0,0.0,0.0,0.0,0.0,0.0,0.0,5,0.0,0.0,0.0,0.0,0.0,0.0,0.0,1,0.0,0
0.0,0.0,0.0,0.0,0.0,0.0,0.0,0.0,5,0.0,0.0,0.0,0.0,0.0,0.0,0.0,1,0.0,0
0.0,0.0,0.0,0.0,0.0,0.0,0.0,0.0,5,0.0,0.0,0.0,0.0,0.0,0.0,0.0,1,0.0,0
0.0,0.0,0.0,0.0,0.0,0.0,0.0,0.0,5,0.0,0.0,0.0,0.0,0.0,0.0,0.0,1,0.0,0
0.0,0.0,0.0,0.0,0.0,0.0,0.0,0.0,5,0.0,0.0,0.0,0.0,0.0,0.0,0.0,1,0.0,0
0.0,0.0,0.0,0.0,0.0,0.0,0.0,0.0,3,0.0,0.0,0.0,0.0,0.0,0.0,0.0,1,0.0,0
0.0,0.0,0.0,0.0,0.0,0.0,0.0,0.0,4,0.0,0.0,0.0,0.0,0.0,0.0,0.0,1,0.0,0
0.0,0.0,0.0,0.0,0.0,0.0,0.0,0.0,8,0.0,0.0,0.0,0.0,0.0,0.0,0.0,4,0.0,0
0.0,0.0,0.0,0.0,0.0,0.0,0.0,0.0,5,0.0,0.0,0.0,0.0,0.0,0.0,0.0,1,0.0,0
0.0,0.0,0.0,0.0,0.0,0.0,0.0,0.0,5,0.0,0.0,0.0,0.0,0.0,0.0,0.0,1,0.0,0
0.0,0.0,0.0,0.0,0.0,0.0,0.0,0.0,5,0.0,0.0,0.0,0.0,0.0,0.0,0.0,1,0.0,0
0.0,0.0,0.0,0.0,0.0,0.0,0.0,0.0,5,0.0,0.0,0.0,0.0,0.0,0.0,0.0,1,0.0,0
0.0,0.0,0.0,0.0,0.0,0.0,0.0,0.0,10,0.0,0.0,0.0,14.28,0.0,0.0,0.0,8,0.0,0
0.0,0.0,0.0,0.0,0.0,0.0,0.0,0.0,6,0.0,0.0,0.0,16.66,0.0,0.0,0.0,4,0.0,0
0.0,0.0,0.0,0.0,0.0,0.0,0.0,7.69,7,0.0,0.0,0.0,0.0,0.0,0.0,0.0,1,0.0,0
0.0,0.0,0.0,0.0,0.0,0.0,0.0,0.0,5,0.0,0.0,0.0,0.0,0.0,0.0,0.0,1,0.0,0
0.0,0.0,0.0,0.0,0.0,0.0,0.0,0.0,8,0.0,0.0,0.0,0.0,0.0,0.0,0.0,2,0.0,0
0.0,0.0,0.0,0.0,0.0,0.0,0.0,0.0,398,0.44,0.0,0.0,0.0,0.0,0.0,0.0,33,0.0,0
0.0,0.0,0.0,0.0,0.0,0.0,0.0,0.0,3,0.0,0.0,0.0,0.0,0.0,0.0,0.0,1,0.0,0
0.0,0.0,0.0,0.0,0.0,0.0,0.0,0.0,4,0.0,0.0,0.0,0.0,0.0,0.0,0.0,1,0.0,0
0.0,0.0,0.0,0.0,0.0,0.0,0.0,0.0,3,0.0,0.0,0.0,0.0,0.0,0.0,0.0,1,0.0,0
0.0,0.0,0.0,0.0,0.0,0.0,0.0,0.0,3,0.0,0.0,0.0,0.0,0.0,0.0,0.0,1,0.0,0
0.0,0.0,0.0,0.0,0.0,0.0,0.0,0.0,4,0.0,0.0,0.0,0.0,0.0,0.0,0.0,1,0.0,0
0.0,0.0,0.0,0.0,0.0,0.0,0.0,0.0,3,0.0,0.0,0.0,0.0,0.0,0.0,0.0,1,0.0,0
0.0,0.0,0.0,0.0,0.0,0.0,0.0,0.0,3,0.0,0.0,0.0,0.0,0.0,0.0,0.0,1,0.0,0
0.0,0.0,0.0,0.0,0.0,0.0,0.0,0.0,4,0.0,0.0,0.0,0.0,0.0,0.0,0.0,1,0.0,0
0.0,0.0,0.0,0.0,0.0,0.0,0.0,0.0,3,0.0,0.0,0.0,0.0,0.0,0.0,0.0,1,0.0,0
0.0,0.0,0.0,0.0,0.0,0.0,0.0,0.0,3,0.0,0.0,0.0,0.0,0.0,0.0,0.0,1,0.0,0
0.0,0.0,0.0,0.0,0.0,0.0,0.0,0.0,3,0.0,0.0,0.0,0.0,0.0,0.0,0.0,1,0.0,0
0.0,0.0,0.0,0.0,0.0,0.0,0.0,0.0,6,0.0,0.0,0.0,0.0,0.0,0.0,0.0,4,0.0,0
0.0,0.0,0.0,0.0,0.0,0.0,0.0,2.63,14,0.0,0.0,0.0,2.63,0.0,0.0,0.0,3,0.0,0
1.07,0.0,0.0,0.0,0.3,0.0,0.0,0.0,485,0.15,0.0,0.3,0.0,0.0,0.15,0.0,20,0.0,0
1.08,0.0,0.0,0.0,0.36,0.0,0.72,1.8,54,1.8,0.0,0.0,0.0,0.0,0.0,0.0,12,0.0,0
0.0,0.0,0.0,0.0,0.0,0.0,0.0,12.88,2051,0.0,0.037,0.0,0.0,0.0,0.0,0.0,30,0.0,0
0.0,0.0,0.0,0.0,1.01,0.0,0.0,0.0,40,2.02,0.0,0.0,0.0,0.0,0.0,0.0,6,0.0,0
0.0,0.0,0.0,0.0,0.15,0.0,0.0,0.3,272,0.3,0.0,0.0,0.15,0.0,0.0,0.0,37,0.0,0
2.17,0.0,0.0,0.0,2.17,0.0,0.0,0.0,42,0.0,0.0,0.0,2.17,0.0,0.0,0.0,18,0.0,0
0.0,0.0,0.0,0.0,0.0,0.0,0.0,0.0,143,0.0,0.0,0.0,0.61,0.0,0.0,0.0,17,0.0,0
0.0,0.0,0.0,0.0,0.0,0.0,0.0,4.51,150,0.0,0.129,0.0,3.22,0.0,0.0,0.0,10,0.0,0
1.06,0.0,0.0,0.0,0.53,0.0,0.0,0.0,40,0.53,0.0,0.0,0.0,0.0,0.0,0.0,3,0.0,0
0.0,0.0,0.0,0.0,0.0,0.0,0.0,0.0,6,0.0,1.739,0.0,0.0,0.0,0.0,0.0,1,0.0,0
0.14,0.0,0.0,0.0,0.0,0.0,0.0,5.16,931,0.0,0.0,0.0,0.0,0.0,0.0,0.0,55,0.0,0
0.0,0.0,0.0,0.0,0.0,0.0,0.0,1.92,50,0.0,0.178,0.0,0.0,0.0,0.0,0.0,7,0.0,0
0.0,0.0,0.0,0.0,0.0,0.0,0.0,0.0,18,0.0,0.636,0.0,0.0,0.0,0.0,0.0,10,0.0,0
0.0,0.0,0.0,0.0,0.0,0.0,0.0,0.0,28,0.0,0.444,0.0,0.0,0.0,0.0,0.0,12,0.0,0
0.0,0.0,0.0,0.0,1.35,0.0,0.0,0.0,23,0.0,0.0,0.0,0.0,0.0,0.0,0.0,6,0.0,0
0.23,0.0,0.0,0.032,0.46,0.11,0.0,0.57,511,0.23,0.0,0.0,0.69,0.11,1.15,0.0,33,0.0,0
0.17,0.0,0.0,0.024,0.35,0.0,0.0,0.62,1031,0.0,0.0,0.0,0.71,0.0,0.8,0.0,81,0.0,0
0.22,0.0,0.0,0.021,0.29,0.0,0.0,0.67,706,0.07,0.0,0.0,0.74,0.07,0.74,0.0,45,0.0,0
0.0,0.0,0.0,0.0,0.0,0.0,0.0,4.0,44,0.0,0.0,0.0,2.0,0.0,0.0,0.0,11,0.0,0
0.0,0.0,0.0,0.0,1.51,0.0,0.0,0.0,35,0.0,0.0,0.0,0.0,0.0,0.75,0.0,6,0.0,0
1.66,0.0,0.0,0.0,2.91,0.0,0.0,0.41,91,0.0,0.283,0.41,0.41,0.0,0.0,0.0,13,0.0,0
0.06,0.0,0.0,0.0,0.0,0.13,0.13,2.54,787,0.0,0.0,0.13,0.13,0.0,0.13,0.0,20,0.06,0
0.0,0.0,0.0,0.0,2.32,0.0,0.0,0.0,11,0.0,0.0,0.0,0.0,0.0,0.0,0.0,1,0.0,0
0.38,0.0,0.0,0.0,1.16,0.0,0.0,0.77,127,0.38,0.0,0.0,0.77,0.38,0.38,0.0,34,0.0,0
0.0,0.0,0.0,0.0,2.6,0.0,0.0,5.45,295,0.0,0.0,0.0,0.0,0.47,0.0,0.0,19,0.0,0
0.0,0.0,0.0,0.0,0.0,0.0,0.0,0.22,128,0.0,0.0,0.0,0.22,0.0,0.0,0.0,15,0.0,0
0.0,0.0,0.0,0.0,2.86,0.0,0.0,4.58,203,0.0,0.0,0.0,0.0,0.57,0.0,0.0,19,0.0,0
0.41,0.0,0.0,0.0,1.67,0.0,0.0,0.0,56,0.0,0.0,0.0,0.0,0.41,0.0,0.0,3,0.0,0
0.33,0.0,0.0,0.007,0.15,0.05,0.22,0.0,3467,0.13,0.002,0.03,0.0,0.03,0.0,0.0,36,0.08,0
0.0,0.0,0.0,0.0,0.0,0.0,0.0,0.0,4,0.0,0.0,0.0,0.0,0.0,0.0,0.0,1,0.0,0
0.0,0.0,0.0,0.0,3.57,0.0,0.0,0.0,3,0.0,0.0,0.0,0.0,0.0,0.0,0.0,1,0.0,0
0.0,0.0,0.0,0.0,0.0,0.0,0.0,0.33,117,0.33,0.0,0.0,0.33,0.0,0.0,0.0,15,0.0,0
0.0,0.0,0.0,0.0,5.55,0.0,0.0,0.0,7,0.0,0.0,0.0,0.0,0.0,0.0,0.0,1,0.0,0
0.0,0.0,0.0,0.0,1.63,0.0,0.0,0.0,28,0.0,0.0,0.0,0.0,0.0,0.0,0.0,8,0.0,0
0.0,0.0,0.0,0.0,0.52,0.52,0.0,0.0,116,0.0,0.0,0.0,0.0,0.0,0.0,0.0,18,0.0,0
0.0,0.0,0.0,0.0,0.0,0.0,0.0,0.0,14,0.0,0.0,0.0,0.0,0.0,0.0,0.0,5,0.0,0
0.0,0.0,0.0,0.0,11.11,0.0,0.0,0.0,5,0.0,0.0,0.0,0.0,0.0,0.0,0.0,2,0.0,0
0.0,0.0,0.0,0.0,0.0,0.0,0.0,0.0,69,0.0,0.0,0.0,0.0,0.0,0.0,0.0,6,0.0,0
0.94,0.0,0.0,0.0,1.89,0.13,0.0,0.13,582,0.27,0.024,0.0,0.94,0.13,0.0,0.0,82,0.0,0
0.0,0.0,0.0,0.0,2.53,0.0,0.0,0.0,54,0.0,0.0,0.0,0.0,0.0,0.0,0.0,11,0.0,0
1.28,0.0,0.0,0.0,0.0,0.0,0.0,0.0,94,0.64,0.197,0.0,0.0,0.0,1.28,0.0,13,0.0,0
0.0,0.0,0.0,0.0,1.01,0.0,0.0,1.01,113,0.5,0.502,0.0,0.5,0.0,0.0,0.0,11,0.0,0
0.0,0.0,0.0,0.0,0.44,0.0,0.0,0.0,122,0.0,0.0,0.0,0.44,0.0,0.0,0.0,10,0.0,0
0.0,0.0,0.0,0.0,0.0,0.0,0.0,0.0,141,0.68,0.0,0.0,0.34,0.0,0.0,0.0,18,0.0,0
0.0,0.0,0.0,0.0,0.0,0.0,0.0,0.0,141,0.68,0.0,0.0,0.34,0.0,0.0,0.0,18,0.0,0
0.0,0.0,0.0,0.0,0.9,0.9,0.0,2.7,43,0.9,0.0,0.0,0.9,0.0,0.0,0.0,11,0.0,0
0.0,0.0,0.0,0.0,0.0,0.0,0.0,1.98,126,0.0,0.0,0.0,0.49,0.0,0.0,0.0,13,0.99,0
0.0,0.23,0.23,0.0,0.23,0.0,0.0,0.0,207,0.0,0.0,0.0,0.0,0.23,0.0,0.0,74,0.23,0
0.0,0.0,0.0,0.0,0.0,0.0,0.0,3.44,103,0.0,0.135,0.0,2.58,0.0,0.0,0.0,13,0.0,0
0.0,0.0,0.0,0.041,0.0,0.1,0.21,3.17,469,0.0,0.041,0.0,0.0,0.1,0.0,0.0,31,0.52,0
0.0,0.0,0.0,0.0,0.53,0.0,0.0,1.61,99,0.0,0.0,0.0,0.53,0.0,0.0,0.0,5,0.0,0
0.0,0.0,0.0,0.0,0.0,0.0,0.0,0.0,67,0.41,0.0,0.0,0.0,0.0,0.0,0.0,11,0.0,0
0.0,0.0,0.0,0.0,2.19,0.0,0.0,0.0,29,0.43,0.0,0.0,0.0,0.0,0.0,0.0,2,0.0,0
0.0,0.0,0.0,0.0,0.23,0.0,0.0,0.23,89,0.69,0.0,0.0,0.23,0.0,0.0,0.0,9,0.0,0
0.0,0.0,0.0,0.0,0.0,0.0,0.0,0.0,15,0.0,0.0,0.0,0.0,0.0,0.0,0.0,9,0.0,0
0.0,0.0,0.0,0.0,1.02,0.0,0.0,0.0,32,0.0,0.0,0.0,0.0,0.0,0.0,0.0,6,0.0,0
0.0,0.0,0.0,0.0,2.25,0.0,0.0,0.0,20,0.0,0.0,0.0,0.0,0.0,0.75,0.0,3,0.0,0
0.0,0.0,0.0,0.0,0.0,0.0,0.0,0.0,6,0.0,0.0,0.0,0.0,0.0,0.0,0.0,4,0.0,0
0.96,0.0,0.0,0.0,1.54,0.0,0.0,2.69,411,0.19,0.026,0.0,1.54,0.19,0.0,0.0,45,0.0,0
0.65,0.0,0.0,0.0,0.32,0.0,0.0,4.9,500,0.0,0.0,0.0,4.24,0.0,0.0,0.0,42,0.65,0
0.0,0.0,0.0,0.0,0.25,0.25,0.0,2.06,190,0.0,0.043,0.0,1.03,0.0,0.25,0.0,17,0.0,0
0.0,0.0,0.0,0.0,0.0,0.0,0.0,0.44,104,0.0,0.0,0.0,0.44,0.0,0.0,0.0,15,0.0,0
2.22,0.0,0.0,0.0,2.22,0.0,0.0,1.33,249,0.44,0.05,0.0,0.44,0.0,0.0,0.0,45,0.0,0
0.0,0.0,0.0,0.0,0.33,0.0,0.0,0.0,93,0.0,0.056,0.0,0.0,0.0,0.33,0.0,6,0.0,0
0.0,0.0,0.0,0.0,0.0,0.0,0.0,0.0,7,0.0,0.0,0.0,0.0,0.0,0.0,0.0,2,0.0,0
0.83,0.0,0.0,0.0,1.1,0.0,0.0,1.1,316,0.0,0.0,0.27,0.27,0.0,0.0,0.0,79,0.0,0
1.45,0.0,0.0,0.037,1.16,0.0,0.58,0.87,147,0.29,0.0,0.29,0.0,0.0,0.0,0.0,7,0.29,0
0.0,0.0,0.0,0.0,2.56,0.0,0.0,0.0,11,0.0,0.0,0.0,0.0,0.0,0.0,0.0,1,0.0,0
0.0,0.0,0.0,0.0,0.0,0.0,0.0,0.0,22,0.0,0.374,0.0,0.0,0.0,0.0,0.0,5,0.0,0
0.0,0.0,0.0,0.0,0.0,0.0,0.0,0.0,16,0.0,0.0,0.0,0.0,5.88,0.0,0.0,5,0.0,0
1.11,0.0,0.0,0.0,1.11,0.0,0.0,1.11,22,2.22,0.0,0.0,1.11,0.0,0.0,0.0,1,0.0,0
0.0,0.0,0.0,0.0,0.0,0.0,0.0,0.0,5,0.0,0.0,0.0,0.0,0.0,0.0,0.0,2,0.0,0
0.0,0.0,0.0,0.0,0.0,0.0,0.0,0.0,18,0.0,0.0,0.0,0.0,0.0,0.0,0.0,7,0.0,0
0.0,0.0,0.0,0.0,1.81,0.0,0.0,0.0,41,0.0,0.0,0.0,0.0,0.0,0.0,0.0,9,0.0,0
8.0,0.0,0.0,0.0,2.0,0.0,0.0,0.0,53,0.0,0.0,2.0,0.0,0.0,0.0,0.0,29,0.0,0
0.0,0.0,0.0,0.0,0.0,0.0,0.0,0.0,3,0.0,0.0,0.0,0.0,0.0,0.0,0.0,1,0.0,0
0.0,0.0,0.0,0.0,0.0,0.0,0.0,0.0,44,0.0,0.0,0.0,0.0,0.0,0.0,0.0,7,0.0,0
0.0,0.0,0.0,0.0,1.4,0.0,0.0,4.22,330,0.93,0.0,0.0,1.87,0.0,0.0,0.0,42,0.0,0
0.0,0.0,0.0,0.0,3.7,0.0,0.0,0.0,19,0.0,0.0,0.0,0.0,0.0,0.0,0.0,4,0.0,0
0.0,0.0,0.0,0.0,1.49,0.0,0.0,0.0,50,0.0,0.238,0.0,0.0,0.0,0.0,0.0,8,0.0,0
0.0,0.0,0.0,0.0,1.32,0.0,0.0,1.98,81,0.0,0.102,0.0,3.97,0.0,0.0,0.0,30,0.0,0
0.0,0.0,0.0,0.0,0.23,0.0,0.0,1.15,173,0.0,0.159,0.0,0.92,0.23,0.0,0.0,13,0.46,0
0.0,0.0,0.0,0.0,1.23,0.0,0.0,0.0,18,1.23,0.0,0.0,0.0,0.0,0.0,0.0,2,0.0,0
1.6,0.0,0.0,0.0,5.6,2.4,0.0,0.0,29,0.0,0.235,0.0,0.0,0.0,0.0,0.0,4,0.0,0
0.0,0.22,0.0,0.023,0.0,0.0,0.53,1.83,659,0.0,0.0,0.15,0.0,0.07,0.0,0.0,24,0.0,0
0.5,0.0,0.0,0.0,1.01,0.0,0.1,2.93,545,0.4,0.014,0.3,0.0,0.0,0.0,0.0,63,0.0,0
0.0,0.0,0.0,0.0,0.0,0.0,0.0,0.0,27,1.11,0.181,1.11,0.0,0.0,0.0,0.0,4,0.0,0
0.0,0.0,0.0,0.0,0.0,0.0,0.0,0.0,42,0.0,0.336,0.0,0.0,0.0,0.0,0.0,4,0.0,0
0.0,0.22,0.0,0.02,0.0,0.0,0.52,2.23,720,0.0,0.0,0.14,0.07,0.07,0.0,0.0,24,0.0,0
0.0,0.0,0.0,0.0,1.39,0.0,0.27,0.83,109,0.0,0.0,0.0,0.55,0.0,0.0,0.0,6,0.0,0
0.0,0.0,0.0,0.0,0.0,0.0,0.0,0.0,35,0.0,0.0,0.0,0.0,0.0,0.0,0.0,24,0.0,0
1.06,0.0,0.0,0.0,1.06,0.0,0.0,0.0,29,1.06,0.0,0.0,0.0,0.0,0.0,0.0,6,0.0,0
0.0,0.0,0.0,0.0,0.0,0.0,0.0,0.0,12,3.44,0.0,0.0,0.0,0.0,0.0,0.0,4,0.0,0
0.0,0.0,0.0,0.0,0.8,0.0,0.0,0.8,50,0.0,0.0,0.0,0.0,0.0,0.0,0.0,5,0.0,0
0.55,0.0,0.0,0.0,1.65,0.0,0.0,1.1,58,0.0,0.0,0.0,0.55,0.0,0.0,0.0,8,0.0,0
1.16,0.0,0.0,0.0,1.16,0.0,0.0,0.0,12,0.0,0.0,0.0,0.0,0.0,1.16,0.0,3,0.0,0
0.0,0.0,0.0,0.0,1.85,0.0,0.0,0.0,12,1.85,0.0,0.0,0.0,0.0,0.0,0.0,4,0.0,0
0.0,0.0,0.0,0.0,0.0,0.0,0.0,0.0,2,8.33,0.0,0.0,0.0,0.0,0.0,0.0,1,0.0,0
0.17,0.0,0.0,0.0,0.0,0.0,0.69,1.04,204,0.0,0.0,0.0,0.0,0.17,0.0,0.0,7,0.0,0
0.0,0.0,0.0,0.0,0.8,0.8,0.0,1.61,44,1.61,0.0,0.0,1.61,0.0,0.0,0.0,13,0.0,0
0.0,0.0,0.0,0.0,1.02,1.02,0.0,0.0,23,2.04,0.0,0.0,0.0,0.0,0.0,0.0,4,0.0,0
0.0,0.0,0.0,0.0,0.0,0.0,0.0,0.0,112,0.0,0.0,0.0,0.0,0.0,0.0,0.0,10,0.0,0
0.0,0.0,0.0,0.0,0.0,0.0,0.0,2.4,39,0.0,0.0,0.0,1.2,0.0,0.0,0.0,11,0.0,0
0.0,0.0,0.0,0.0,0.28,0.0,0.0,1.7,190,0.28,0.0,0.0,0.0,0.0,0.0,0.0,55,0.0,0
0.0,0.0,0.0,0.0,6.0,0.0,0.0,0.0,12,0.0,0.0,0.0,0.0,0.0,0.0,0.0,4,0.0,0
1.88,0.0,0.0,0.0,1.88,0.0,0.0,0.0,17,0.0,0.0,0.0,0.0,0.0,0.0,0.0,3,0.0,0
0.0,0.0,0.0,0.0,0.5,0.5,0.0,0.5,180,0.0,0.188,0.0,1.0,0.0,0.0,0.0,47,0.5,0
0.71,0.0,0.0,0.0,1.43,0.0,0.0,0.0,73,0.0,0.0,0.0,0.0,0.0,0.0,0.0,26,0.0,0
0.0,0.0,0.0,0.0,0.0,0.0,0.0,0.0,167,0.0,0.049,0.0,0.0,0.73,0.0,0.0,54,0.0,0
0.0,0.0,0.0,0.04,0.0,0.0,0.42,2.57,421,0.0,0.0,0.0,0.0,0.0,0.0,0.0,20,0.42,0
0.0,0.0,0.0,0.0,4.76,0.0,0.0,0.0,8,0.0,0.0,0.0,0.0,0.0,0.0,0.0,3,0.0,0
3.04,0.0,0.0,0.0,2.03,0.0,0.5,1.52,248,0.5,0.055,0.0,0.5,0.0,0.0,0.0,45,0.0,0
0.0,0.0,0.0,0.0,0.0,0.0,0.0,0.0,35,0.0,0.0,0.0,0.0,0.0,0.0,0.0,13,0.0,0
0.0,0.0,0.0,0.0,3.94,0.0,0.0,0.0,49,0.0,0.139,0.0,0.0,0.0,0.0,0.0,15,1.31,0
0.0,0.0,0.0,0.0,2.27,0.0,0.0,0.0,27,0.0,0.404,0.0,0.0,0.0,0.0,0.0,15,0.0,0
0.0,0.0,0.0,0.0,0.0,0.0,0.0,0.0,3,0.0,0.862,0.0,0.0,0.0,0.0,0.0,1,0.0,0
3.03,0.0,0.0,0.0,0.0,0.0,0.0,0.0,17,0.0,0.0,0.0,0.0,0.0,0.0,0.0,3,0.0,0
0.0,0.0,0.0,0.0,0.0,0.0,0.65,0.65,87,0.65,0.093,0.0,3.26,0.0,0.0,0.0,17,0.0,0
0.0,0.0,0.0,0.0,0.37,0.0,0.0,0.0,85,0.0,0.0,0.0,0.0,0.0,0.0,0.0,14,2.63,0
0.0,0.0,0.0,0.0,0.0,0.0,0.0,0.0,120,0.0,0.0,0.0,0.0,0.0,0.0,0.0,19,3.97,0
0.0,0.0,0.0,0.0,0.0,0.0,0.0,0.0,10,0.0,0.0,0.0,0.0,0.0,0.0,0.0,1,5.88,0
0.0,0.0,0.0,0.0,0.6,0.0,0.0,3.03,69,0.0,0.0,0.0,0.0,0.6,0.0,0.0,9,0.0,0
0.46,0.0,0.0,0.0,0.92,0.0,0.0,0.92,74,0.0,0.0,0.0,0.0,0.0,0.0,0.0,10,0.0,0
0.0,0.0,0.0,0.0,0.0,0.0,0.0,0.0,7,0.0,0.0,0.0,0.0,0.0,0.0,0.0,1,0.0,0
0.0,0.0,0.0,0.0,0.0,0.0,0.0,0.0,6,0.0,0.0,0.0,0.0,0.0,0.0,0.0,3,0.0,0
0.0,0.0,0.0,0.0,0.0,0.0,0.0,0.83,130,0.0,0.0,0.0,0.41,0.0,0.0,0.0,13,0.83,0
0.0,0.0,0.0,0.0,0.85,0.0,0.0,4.27,77,0.0,0.0,0.0,3.41,0.0,0.0,0.0,12,0.0,0
1.34,0.0,0.0,0.0,1.34,0.0,0.0,0.0,33,0.67,0.0,0.0,0.0,0.0,0.0,0.0,5,0.0,0
0.0,0.0,0.0,0.0,0.25,0.0,0.0,0.5,136,0.0,0.0,0.0,0.25,0.25,0.0,0.0,7,0.5,0
1.33,0.0,0.0,0.0,0.0,0.0,0.0,8.0,28,1.33,0.0,0.0,8.0,0.0,0.0,0.0,12,0.0,0
0.65,0.0,0.0,0.061,0.93,0.13,0.04,1.49,1184,0.09,0.047,0.04,0.32,0.0,0.04,0.0,20,0.04,0
3.22,0.0,0.0,0.0,0.0,0.0,0.0,0.0,8,3.22,0.0,0.0,0.0,0.0,0.0,0.0,1,0.0,0
0.0,0.2,0.0,0.0,0.0,0.0,0.81,2.75,575,0.2,0.0,0.0,0.0,0.1,0.0,0.0,27,0.0,0
0.0,0.0,0.0,0.0,0.0,0.0,0.0,1.36,80,0.0,0.0,0.0,1.36,0.0,0.0,0.0,11,0.0,0
0.0,0.0,0.0,0.0,0.0,0.0,0.0,4.44,107,0.0,0.0,0.0,1.66,0.0,0.0,0.0,12,0.0,0
0.0,0.0,0.0,0.016,0.2,0.0,0.0,0.41,393,1.04,0.0,0.0,0.2,0.1,0.0,0.0,47,0.0,0
0.0,0.0,0.0,0.0,0.0,0.0,0.0,0.0,14,2.7,0.0,0.0,0.0,0.0,0.0,0.0,5,0.0,0
0.0,0.0,0.0,0.0,0.0,0.0,0.0,0.0,16,2.94,0.0,0.0,0.0,0.0,0.0,0.0,3,0.0,0
0.0,0.0,0.0,0.0,0.28,0.0,0.0,1.4,97,0.84,0.0,0.0,0.84,0.0,0.0,0.0,7,0.0,0
0.0,0.0,0.0,0.0,0.0,0.0,0.0,1.11,108,0.0,0.0,0.0,0.55,0.0,0.0,0.0,12,0.0,0
0.0,0.0,0.0,0.0,4.34,0.0,0.0,0.0,75,0.0,0.0,0.0,0.86,0.0,0.0,0.0,42,0.0,0
0.32,0.0,0.0,0.0,0.0,0.0,0.0,0.0,108,0.0,0.054,0.0,0.0,0.0,0.0,0.0,9,0.0,0
0.78,0.0,0.0,0.0,0.0,0.0,0.0,0.0,36,0.0,0.133,0.0,0.0,0.0,0.0,0.0,4,0.0,0
0.0,0.0,0.0,0.0,0.0,0.0,0.0,0.0,3,6.25,0.0,0.0,0.0,0.0,0.0,0.0,2,0.0,0
1.42,0.0,0.0,0.0,0.0,0.0,3.57,0.0,138,0.71,0.055,0.0,0.0,0.0,0.0,0.0,54,0.0,0
0.0,0.0,0.0,0.0,0.0,0.0,0.82,0.0,42,0.82,0.119,0.0,1.65,0.0,0.0,0.0,6,0.0,0
2.43,0.0,0.0,0.0,0.0,0.0,0.0,0.0,53,0.0,0.0,0.0,0.0,0.0,0.0,0.0,40,0.0,0
0.0,0.0,0.0,0.0,0.0,0.0,0.0,0.0,21,3.92,0.348,0.0,0.0,0.0,0.0,0.0,4,0.0,0
0.52,0.0,0.0,0.045,0.52,0.0,0.0,1.83,155,1.04,0.0,0.0,1.57,0.0,0.0,0.0,13,0.0,0
0.62,0.0,0.0,0.054,0.62,0.0,0.0,1.57,107,0.62,0.0,0.0,1.57,0.0,0.0,0.0,13,0.0,0
0.31,0.0,0.0,0.0,0.0,0.0,0.0,0.63,191,0.0,0.0,0.0,0.63,0.0,0.0,0.0,55,0.0,0
0.0,0.0,0.0,0.0,0.11,0.0,0.0,0.0,511,0.11,0.0,0.11,0.0,0.0,0.0,0.0,18,0.0,0
0.71,0.0,0.0,0.062,0.71,0.0,0.0,0.0,85,0.71,0.0,0.0,0.0,0.0,0.0,0.0,6,0.0,0
0.0,0.0,0.0,0.0,0.0,0.0,0.0,15.38,56,0.0,0.0,0.0,0.0,0.0,0.0,0.0,53,0.0,0
0.0,0.0,0.0,0.0,0.0,0.0,0.0,0.0,7,0.0,0.0,0.0,0.0,0.0,0.0,0.0,3,0.0,0
0.0,0.1,0.0,0.063,0.1,0.1,0.1,3.14,605,0.0,0.0,0.31,0.0,0.0,0.0,0.0,26,0.1,0
1.4,0.0,0.0,0.0,1.4,0.0,0.7,0.0,376,0.0,0.0,0.0,0.0,0.0,0.0,0.0,200,0.0,0
1.16,0.0,0.0,0.0,0.0,0.0,0.0,0.0,28,0.0,0.0,0.0,0.0,0.0,0.0,0.0,6,0.0,0
0.0,0.0,0.0,0.0,1.81,0.0,0.0,3.63,49,0.0,0.0,0.0,1.81,0.0,0.0,0.0,11,0.0,0
0.62,0.0,0.0,0.0,1.88,0.62,0.0,1.25,149,0.0,0.0,0.0,0.62,0.0,0.0,0.0,13,0.0,0
0.0,0.0,0.0,0.0,0.0,0.0,0.0,0.0,15,0.0,0.0,0.0,0.0,1.63,0.0,0.0,4,0.0,0
0.0,0.0,0.0,0.265,0.8,0.0,0.0,0.0,31,0.0,0.0,0.0,0.0,0.0,0.0,0.8,3,0.0,0
0.0,0.1,0.0,0.059,0.1,0.1,0.1,3.02,597,0.0,0.0,0.2,0.0,0.0,0.0,0.0,26,0.1,0
0.0,0.0,0.0,0.0,1.72,0.0,0.0,6.89,54,0.0,0.0,0.0,3.44,0.0,0.0,0.0,11,0.0,0
0.0,0.0,0.0,0.0,0.0,0.0,0.0,4.65,53,0.0,0.0,0.0,2.32,0.0,0.0,0.0,11,0.0,0
0.0,0.0,0.0,0.0,1.57,0.0,0.0,0.78,101,0.0,0.0,0.0,0.78,0.0,0.0,0.0,11,0.0,0
0.0,0.0,0.0,0.0,1.28,0.0,0.0,0.0,28,0.0,0.0,0.0,0.0,0.0,0.0,0.0,7,0.0,0
0.0,0.0,0.0,0.0,0.0,0.0,0.0,0.61,128,0.0,0.0,0.0,0.61,0.0,0.0,0.0,19,0.0,0
0.0,0.0,0.0,0.0,0.0,0.0,0.0,0.97,506,0.16,0.0,0.0,1.13,0.16,0.0,0.0,20,0.0,0
0.0,0.0,0.0,0.0,0.0,0.0,0.0,0.0,34,0.0,0.204,0.0,0.0,1.12,0.0,0.0,3,0.0,0
0.39,0.0,0.0,0.0,2.59,0.0,0.0,0.79,207,0.0,0.0,0.0,0.39,0.0,0.0,0.0,13,0.0,0
0.0,0.0,0.0,0.0,1.75,0.0,0.0,1.75,76,0.0,0.139,0.87,0.87,0.0,0.0,0.0,12,0.0,0
1.21,0.0,0.0,0.0,0.6,0.6,0.0,1.21,177,0.0,0.077,0.0,1.82,0.0,0.0,0.0,33,3.04,0
0.82,0.0,0.0,0.0,1.65,0.0,0.0,0.0,76,0.0,0.0,0.0,1.65,0.0,0.0,0.0,19,0.0,0
0.0,0.0,0.0,0.0,0.0,0.0,0.0,2.12,31,0.0,0.0,0.0,6.38,0.0,0.0,0.0,7,0.0,0
0.73,0.0,0.0,0.223,2.2,0.0,0.0,0.73,88,0.0,0.111,0.0,0.73,0.0,0.0,0.0,6,0.0,0
0.87,0.0,0.0,0.18,2.63,1.75,0.0,0.0,86,0.87,0.361,1.31,0.0,0.0,0.0,0.0,6,0.0,0
0.0,0.0,0.0,0.0,0.0,0.0,0.0,0.0,4,0.0,0.0,0.0,0.0,0.0,0.0,0.0,1,0.0,0
0.0,0.0,0.0,0.0,0.0,2.94,0.0,0.0,9,0.0,0.0,0.0,0.0,0.0,0.0,0.0,3,0.0,0
0.0,0.0,0.0,0.0,0.0,0.0,0.0,0.0,18,0.0,0.0,0.0,0.0,0.0,0.0,0.0,4,0.0,0
0.0,0.0,0.0,0.0,0.95,0.0,0.0,0.0,98,0.95,0.0,0.0,0.47,0.47,0.0,0.0,8,0.0,0
3.5,0.0,0.0,0.651,3.5,0.0,0.0,0.0,18,0.0,0.0,0.0,0.0,0.0,0.0,0.0,3,0.0,0
0.0,0.0,0.0,0.0,0.0,0.0,0.0,0.0,8,0.0,0.0,0.0,0.0,0.0,0.0,0.0,1,0.0,0
0.4,0.0,0.0,0.0,0.4,0.0,0.0,4.08,93,0.81,0.0,0.0,4.08,0.0,0.0,0.0,8,0.0,0
0.0,0.0,0.0,0.0,1.76,0.0,0.0,1.76,80,0.88,0.285,0.88,0.88,0.0,0.0,0.0,12,0.0,0
0.0,0.0,0.0,0.0,0.0,0.0,0.0,0.83,122,0.0,0.0,0.0,0.41,0.0,0.0,0.0,13,0.83,0
0.0,0.0,0.0,0.0,0.0,0.0,0.0,2.07,208,0.51,0.082,0.0,2.07,0.0,0.0,0.0,20,0.0,0
0.0,0.0,0.0,0.0,0.0,0.0,0.0,1.38,534,0.0,0.0,0.0,1.52,0.0,0.13,0.0,35,0.0,0
0.0,0.0,0.0,0.0,0.0,0.0,0.0,4.65,50,0.0,0.0,0.0,2.32,0.0,0.0,0.0,11,0.0,0
0.0,0.0,0.0,0.0,1.75,0.0,0.0,3.5,48,0.0,0.0,0.0,3.5,0.0,0.0,0.0,11,0.0,0
0.0,0.0,0.0,0.0,0.0,0.0,0.0,5.14,307,0.28,0.097,0.0,4.0,0.0,0.0,0.0,12,0.0,0
0.0,0.0,0.0,0.0,5.5,0.0,0.0,0.0,18,0.0,0.0,0.0,0.0,0.0,0.0,0.0,1,0.0,0
0.0,0.0,0.0,0.0,0.0,0.0,0.0,0.0,6,0.0,0.0,0.0,0.0,0.0,0.0,0.0,1,0.0,0
1.99,0.0,0.0,0.0,2.79,0.0,0.0,1.79,472,0.19,0.018,0.39,0.19,0.0,0.0,0.0,47,0.0,0
0.0,0.0,0.0,0.0,0.0,0.0,0.0,0.0,88,1.15,0.0,0.0,0.0,0.28,0.0,0.0,8,0.0,0
0.0,0.0,0.0,0.0,0.0,0.0,0.0,1.29,26,0.0,0.0,0.0,3.89,0.0,0.0,0.0,6,0.0,0
0.0,0.0,0.0,0.0,0.29,0.0,0.0,0.14,187,0.14,0.021,0.0,0.0,0.0,0.0,0.0,11,0.0,0
0.64,0.0,0.0,0.0,1.92,0.0,0.0,0.64,63,1.28,0.0,0.0,0.64,0.0,0.0,0.0,8,0.0,0
1.59,0.0,0.22,0.067,2.05,0.68,0.22,0.0,210,0.45,0.135,0.0,0.0,0.0,0.0,0.0,27,0.0,0
1.44,0.0,0.0,0.0,1.44,0.0,0.0,2.89,39,0.0,0.0,0.0,1.44,0.0,0.0,0.0,11,0.0,0
0.0,0.0,0.0,0.0,0.0,0.0,0.0,1.78,45,0.0,0.0,0.0,0.0,0.0,0.0,0.0,7,0.0,0
0.0,0.0,0.0,0.0,1.56,0.0,0.0,0.0,76,0.0,0.0,0.0,0.0,0.0,0.0,0.0,17,0.0,0
0.0,0.0,0.0,0.0,0.0,0.0,0.0,0.0,19,0.0,0.0,0.0,0.0,0.0,0.0,0.0,17,0.0,0
0.0,0.0,0.0,0.0,0.58,0.0,0.0,0.0,189,0.0,0.0,0.0,0.0,0.0,0.0,0.0,21,0.0,0
0.0,0.0,0.0,0.0,0.24,0.0,0.24,0.98,152,0.24,0.0,0.0,0.73,0.0,0.0,0.24,13,0.0,0
0.0,0.0,0.0,0.0,2.22,2.22,0.0,0.0,19,0.0,0.0,0.0,0.0,0.0,0.0,0.0,8,0.0,0
0.0,0.0,0.0,0.0,0.38,0.0,0.0,0.0,746,0.0,0.018,0.0,0.0,0.0,0.0,0.0,66,0.0,0
0.0,0.0,0.0,0.0,0.0,0.0,0.0,0.0,51,1.16,0.184,0.0,0.0,0.0,0.0,0.0,11,0.0,0
0.0,0.0,0.0,0.0,0.0,0.0,0.0,0.0,5,0.0,0.0,0.0,0.0,0.0,0.0,0.0,4,0.0,0
0.0,0.0,0.0,0.0,0.0,0.0,0.0,0.0,35,0.0,0.0,0.0,0.0,0.0,0.0,0.0,8,0.0,0
0.4,0.0,0.0,0.0,1.22,0.0,0.0,0.0,81,0.0,0.0,0.0,0.4,0.4,0.4,0.0,8,0.0,0
0.0,0.0,0.0,0.0,0.0,0.0,0.0,0.0,6,0.0,0.0,0.0,0.0,0.0,0.0,0.0,5,0.0,0
0.0,0.0,0.0,0.0,0.0,0.0,1.04,1.04,79,0.0,0.0,0.0,0.0,0.0,0.0,0.0,21,0.0,0
1.14,0.0,0.0,0.0,1.75,0.08,0.26,1.93,646,0.08,0.038,0.17,0.52,0.08,0.08,0.0,20,0.08,0
0.18,0.0,0.0,0.029,0.9,0.0,0.0,0.0,256,0.18,0.148,0.0,0.0,0.0,0.0,0.0,18,0.0,0
8.0,0.0,0.0,0.0,2.0,0.0,0.0,0.0,53,0.0,0.0,2.0,0.0,0.0,0.0,0.0,29,0.0,0
0.0,0.11,0.0,0.0,0.0,0.0,0.22,3.21,559,0.22,0.0,0.0,0.11,0.11,0.0,0.0,27,0.0,0
0.67,0.0,0.0,0.0,1.01,0.0,0.0,1.35,120,0.33,0.0,0.0,1.01,0.0,0.0,0.0,12,0.0,0
0.59,0.0,0.0,0.0,0.59,0.0,0.0,0.0,42,0.59,0.0,0.0,0.0,0.0,0.0,0.0,8,0.0,0
0.3,0.0,0.0,0.086,0.91,0.0,0.3,2.44,227,0.61,0.0,0.0,0.61,0.0,0.0,0.0,19,0.0,0
0.4,0.0,0.0,0.0,1.63,0.0,0.0,0.0,59,0.0,0.0,0.0,0.0,0.4,0.0,0.0,3,0.0,0
0.0,0.0,0.0,0.0,0.0,20.0,0.0,0.0,4,0.0,0.0,0.0,0.0,0.0,0.0,0.0,1,0.0,0
0.0,0.0,0.0,0.0,0.0,0.0,0.0,0.0,3,0.0,0.0,0.0,0.0,0.0,0.0,0.0,1,0.0,0
0.0,0.0,0.0,0.0,0.0,0.0,0.0,0.0,738,0.0,0.0,0.0,0.0,0.0,0.0,0.0,33,0.0,0
0.0,0.0,0.0,0.0,0.0,0.0,0.0,0.0,7,0.0,0.0,0.0,0.0,0.0,0.0,0.0,1,0.0,0
1.22,0.0,0.0,0.0,0.0,0.0,0.0,0.4,105,0.0,0.0,0.0,0.4,0.0,0.0,0.0,11,0.0,0
1.49,0.0,0.0,0.0,4.47,0.0,0.0,0.0,25,0.0,0.0,0.0,0.0,0.0,0.0,0.0,6,0.0,0
0.0,0.0,0.0,0.0,0.0,0.0,0.0,0.0,114,0.0,0.0,0.0,0.0,0.0,0.0,0.0,28,0.0,0
0.0,0.0,0.0,0.0,0.0,0.0,0.0,4.44,49,0.0,0.0,0.0,2.22,0.0,0.0,0.0,11,0.0,0
0.0,0.0,0.0,0.0,2.08,0.0,0.0,0.0,10,0.0,0.0,0.0,0.0,0.0,0.0,0.0,4,0.0,0
0.0,0.0,0.0,0.0,1.07,0.0,0.0,1.07,108,0.0,0.0,0.0,1.07,0.0,0.0,0.0,12,0.0,0
0.0,0.0,0.0,0.0,1.14,0.0,0.0,0.0,22,0.0,0.0,0.0,0.0,0.0,0.0,0.0,5,0.0,0
0.16,0.0,0.0,0.022,0.32,0.0,0.0,0.49,665,0.0,0.0,0.0,0.57,0.08,0.73,0.0,44,0.08,0
0.24,0.0,0.0,0.033,0.49,0.0,0.0,0.62,485,0.12,0.0,0.0,0.74,0.0,1.11,0.0,32,0.0,0
0.2,0.0,0.0,0.019,0.27,0.0,0.0,0.75,827,0.0,0.0,0.0,0.81,0.0,0.61,0.0,36,0.0,0
0.25,0.0,0.0,0.024,0.34,0.0,0.0,0.77,598,0.0,0.0,0.0,0.86,0.0,0.77,0.0,36,0.0,0
0.1,0.0,0.0,0.01,0.14,0.0,0.0,0.47,1387,0.1,0.0,0.0,0.5,0.03,0.4,0.0,66,0.0,0
0.0,0.0,0.0,0.0,0.0,0.0,0.0,0.0,83,0.0,0.0,0.0,0.81,0.0,0.0,0.0,9,0.0,0
0.23,0.0,0.23,0.0,1.17,0.0,0.0,1.64,334,0.0,0.0,0.0,0.7,0.0,0.0,0.0,12,0.0,0
0.0,0.0,0.0,0.0,0.0,0.0,0.0,2.18,124,0.0,0.0,0.0,1.45,0.0,0.0,0.0,12,0.0,0
0.0,0.0,0.0,0.0,1.09,0.0,0.0,0.54,77,0.0,0.0,0.0,0.54,0.0,0.0,0.0,10,0.0,0
0.0,0.0,0.0,0.0,0.0,0.0,2.85,0.0,10,0.0,0.0,0.0,0.0,0.0,0.0,0.0,3,0.0,0
0.0,0.0,0.0,0.0,0.74,0.0,0.0,0.0,77,0.0,0.124,0.0,0.74,0.0,0.0,0.74,31,0.0,0
0.0,0.0,0.0,0.0,1.61,0.0,0.0,1.61,76,0.0,0.0,0.0,0.8,0.0,0.0,0.0,13,0.0,0
0.0,0.0,0.0,0.0,2.77,0.0,0.0,0.0,12,0.0,0.0,0.0,0.0,0.0,0.0,0.0,1,0.0,0
0.34,0.02,0.0,0.039,0.6,0.0,0.06,0.0,3003,0.04,0.031,0.0,0.0,0.04,0.04,0.0,54,0.04,0
0.86,0.0,0.0,0.0,2.6,0.0,0.0,0.0,24,0.0,0.167,0.0,0.0,0.0,0.0,0.0,4,0.0,0
0.0,0.0,0.0,0.0,0.0,0.0,0.0,0.0,290,0.0,0.0,0.0,0.0,0.0,0.0,0.0,28,0.0,0
0.0,0.0,0.0,0.0,0.0,0.0,0.0,2.48,171,0.0,0.0,0.0,1.24,0.0,0.0,0.0,16,0.0,0
6.89,0.0,0.0,0.0,0.0,0.0,0.0,0.0,7,0.0,0.0,0.0,0.0,3.44,0.0,0.0,1,0.0,0
0.43,0.0,0.0,0.0,0.14,0.14,0.58,1.9,461,0.0,0.0,0.14,0.58,0.14,0.0,0.0,35,0.0,0
0.37,0.0,0.0,0.0,0.37,0.0,0.37,0.0,196,0.0,0.0,0.0,0.0,0.0,0.0,0.0,64,0.0,0
1.17,0.0,0.0,0.0,1.17,1.17,0.0,0.0,14,3.52,0.0,0.0,0.0,1.17,0.0,0.0,1,1.17,0
0.0,0.0,0.0,0.0,0.17,0.0,1.95,0.35,237,0.17,0.0,0.0,0.17,0.0,0.0,0.0,14,0.35,0
0.0,0.0,0.0,0.214,0.31,0.0,0.0,0.93,363,0.0,0.0,0.31,0.62,0.0,0.0,0.0,20,0.0,0
0.0,0.0,0.0,0.0,0.0,0.0,0.0,0.0,13,0.0,0.0,0.0,0.0,0.0,0.0,0.0,5,1.78,0
0.0,0.0,0.0,0.0,0.0,0.0,0.0,1.28,540,0.0,0.0,0.0,1.44,0.0,0.0,0.0,20,0.0,0
0.0,0.0,0.0,0.0,0.0,0.0,0.0,0.0,39,0.0,0.0,0.0,0.0,0.0,0.0,0.0,8,0.0,0
0.0,0.0,0.0,0.0,0.0,0.0,0.0,0.0,54,0.0,0.0,0.0,0.0,0.0,0.0,0.0,15,0.0,0
0.0,0.0,0.0,0.0,0.0,0.0,0.0,0.0,42,0.0,0.0,0.0,0.0,0.0,0.0,0.0,18,0.0,0
0.0,0.0,0.0,0.0,2.08,0.0,0.0,0.0,11,0.0,0.0,0.0,0.0,0.0,0.0,0.0,1,0.0,0
0.0,0.0,0.0,0.0,0.0,0.0,0.0,0.0,124,0.0,0.0,0.0,0.0,0.0,0.0,0.0,26,0.0,0
0.0,0.0,0.0,0.039,0.0,0.0,0.64,2.49,629,0.0,0.0,0.18,0.0,0.0,0.0,0.0,24,0.09,0
0.0,0.0,0.0,0.0,0.0,0.77,0.0,1.55,48,2.32,0.0,0.0,0.77,0.0,0.0,0.0,11,0.0,0
0.0,0.0,0.0,0.0,0.0,0.0,0.0,0.0,111,0.0,0.0,0.0,0.0,0.0,0.0,0.0,26,0.0,0
0.0,0.0,0.0,0.0,0.17,0.0,0.0,1.41,576,0.0,0.0,0.0,1.59,0.0,0.0,0.0,20,0.0,0
0.0,0.0,0.0,0.0,0.0,0.0,0.0,0.0,19,2.38,0.0,0.0,0.0,0.0,0.0,0.0,6,0.0,0
0.0,0.0,0.0,0.0,0.98,0.0,0.0,1.47,105,0.49,0.0,0.0,0.98,0.49,0.0,0.0,11,0.0,0
0.0,0.0,0.0,0.0,0.0,0.0,0.0,2.12,30,0.0,0.0,0.0,6.38,0.0,0.0,0.0,6,0.0,0
0.0,0.0,0.0,0.0,1.16,0.0,0.0,0.0,18,0.0,0.0,0.0,0.0,0.0,0.0,0.0,2,0.0,0
0.0,0.0,0.0,0.0,0.0,0.0,1.9,1.9,99,0.47,0.0,0.0,0.95,0.0,0.0,0.0,5,0.0,0
0.0,0.0,0.0,0.0,0.0,0.0,0.0,0.0,25,0.0,0.333,0.0,0.0,0.0,0.0,0.0,4,0.0,0
0.0,0.0,0.0,0.0,0.0,0.0,0.0,0.0,8,0.0,8.333,0.0,0.0,0.0,0.0,0.0,3,0.0,0
0.0,0.0,0.0,0.0,0.28,0.0,0.0,1.69,191,0.28,0.0,0.0,0.0,0.0,0.0,0.0,55,0.0,0
0.0,0.0,0.0,0.0,1.29,0.32,0.0,0.64,120,0.32,0.0,0.0,0.64,0.0,0.32,0.0,18,0.0,0
0.0,0.0,0.0,0.0,0.0,0.0,0.0,0.0,4,0.0,0.632,0.0,0.0,0.0,0.0,0.0,1,0.0,0
0.33,0.0,0.0,0.0,2.01,0.0,0.0,1.34,122,0.33,0.0,0.0,1.0,0.0,0.0,0.0,12,0.0,0
1.23,0.0,0.0,0.0,2.46,0.0,0.0,0.0,17,0.0,0.0,0.0,0.0,0.0,0.0,0.0,2,0.0,0
0.75,0.0,0.0,0.0,1.0,0.0,0.0,1.0,508,0.0,0.0,0.25,0.5,0.0,0.0,0.0,208,0.0,0
0.0,0.0,0.0,0.0,2.32,0.0,0.0,0.0,22,0.0,0.0,0.0,0.0,0.0,0.0,0.0,4,0.0,0
0.54,0.0,0.0,0.078,3.79,0.0,0.0,0.27,106,0.0,0.0,0.0,0.0,0.27,0.0,0.0,18,0.0,0
0.19,0.0,0.0,0.0,0.38,0.09,0.38,4.37,885,0.0,0.0,0.09,0.57,0.09,0.0,0.0,34,0.0,0
0.0,0.0,0.0,0.0,0.17,0.0,1.95,0.35,232,0.17,0.0,0.0,0.17,0.0,0.0,0.0,13,0.35,0
1.17,0.0,0.0,0.0,1.17,0.0,0.0,0.0,146,0.0,0.0,0.0,0.0,0.0,0.0,0.0,5,0.0,0
0.0,0.0,0.0,0.0,0.0,0.0,0.0,0.0,60,0.0,0.0,0.0,0.0,0.0,0.0,0.0,5,0.0,0
0.0,0.0,0.0,0.0,2.7,0.0,0.0,0.0,18,0.0,0.0,0.0,0.0,0.0,0.0,0.0,3,0.0,0
0.0,0.0,0.0,0.0,0.95,0.0,0.0,0.95,45,0.0,0.0,0.0,0.0,0.0,0.0,0.0,5,0.0,0
0.0,0.0,0.0,0.0,0.0,0.0,0.0,0.0,11,0.0,0.0,0.0,0.0,0.0,0.0,0.0,2,0.0,0
0.0,0.0,0.0,0.0,0.0,0.0,0.0,0.0,12,0.0,1.342,0.0,0.0,0.0,0.0,0.0,2,0.0,0
0.17,0.0,0.0,0.0,0.17,0.17,0.69,1.21,277,0.0,0.0,0.17,0.52,0.17,0.0,0.0,11,0.0,0
1.05,0.0,0.0,0.109,0.93,0.06,0.12,0.93,1056,0.12,0.1,0.0,0.43,0.12,0.06,0.0,21,0.0,0
0.0,0.0,0.0,0.0,0.0,0.0,0.0,2.53,37,0.0,0.149,0.0,1.26,0.0,0.0,0.0,10,0.0,0
0.8,0.0,0.0,0.0,0.8,1.61,0.0,0.8,89,0.0,0.0,0.0,0.0,0.0,0.0,0.0,28,0.0,0
0.0,0.0,0.0,0.0,1.28,0.0,0.0,2.14,125,0.0,0.056,0.0,1.28,0.0,0.0,0.0,14,1.28,0
0.0,0.0,0.0,0.0,0.0,0.0,0.0,0.44,105,0.0,0.0,0.0,0.44,0.0,0.0,0.0,15,0.0,0
1.02,0.0,0.0,0.0,1.19,0.0,0.0,2.9,299,0.17,0.078,0.0,0.0,0.17,0.0,0.0,13,0.0,0
0.0,0.0,0.0,0.0,0.0,0.0,0.0,0.0,7,0.0,0.0,0.0,0.0,0.0,0.0,0.0,2,0.0,0
0.0,0.0,0.0,0.0,0.0,0.0,0.0,0.0,7,0.0,0.0,0.0,0.0,0.0,0.0,0.0,2,0.0,0
0.0,0.0,0.0,0.0,1.36,0.0,0.22,0.68,705,0.22,0.0,0.0,0.0,0.0,0.0,0.0,152,0.22,0
0.0,0.0,0.0,0.0,1.6,0.0,0.0,2.4,61,0.0,0.0,0.0,1.6,0.0,0.0,0.0,10,0.0,0
0.0,0.0,0.0,0.0,3.29,0.0,0.0,0.0,18,1.09,0.0,0.0,0.0,0.0,0.0,0.0,1,0.0,0
0.0,0.0,0.0,0.0,0.0,0.0,0.0,0.0,31,0.0,0.485,0.0,0.0,0.0,0.0,0.0,15,0.0,0
0.0,0.0,0.0,0.0,0.74,0.0,0.0,0.74,95,0.0,0.0,0.0,0.74,0.0,0.0,0.0,11,0.0,0
0.0,0.0,0.0,0.0,0.0,0.0,0.0,0.0,17,0.0,0.0,0.0,0.0,0.0,0.0,0.0,6,0.0,0
0.0,0.0,0.0,0.0,0.87,0.0,0.0,0.0,26,0.0,0.0,0.0,0.0,0.0,0.0,0.0,3,0.0,0
1.4,0.0,0.0,0.0,0.0,0.0,0.0,0.0,82,0.0,0.0,0.0,2.81,0.0,0.0,0.0,38,0.0,0
0.0,0.0,0.0,0.0,0.0,0.0,0.84,0.0,61,0.0,0.0,0.0,0.0,0.0,0.0,0.0,12,4.23,0
0.0,0.0,0.0,0.0,0.0,0.0,1.56,0.0,15,0.0,0.0,0.0,0.0,0.0,0.0,0.0,3,4.68,0
0.0,0.23,0.0,0.044,0.23,0.0,0.15,2.61,591,0.15,0.0,0.15,0.0,0.0,0.0,0.0,26,0.07,0
0.0,0.0,0.0,0.0,0.0,0.0,0.0,6.0,69,0.0,0.0,0.0,4.0,0.0,0.0,0.0,13,0.0,0
0.0,0.0,0.0,0.0,0.0,0.0,0.0,0.0,5,0.0,0.0,0.0,0.0,0.0,0.0,0.0,1,0.0,0
0.33,0.0,0.0,0.0,1.0,0.0,0.0,8.69,181,0.0,0.0,0.0,4.68,0.0,0.0,0.0,20,0.0,0
0.0,0.0,0.0,0.0,0.0,0.0,0.0,0.0,8,0.0,0.0,0.0,0.0,0.0,0.0,0.0,5,0.0,0
0.0,0.0,0.0,0.0,0.0,0.0,0.0,0.0,46,0.0,0.0,0.0,0.0,0.0,0.0,0.0,12,0.0,0
0.92,0.0,0.0,0.0,0.92,0.0,0.0,0.0,33,0.92,0.0,0.0,0.0,0.0,0.0,0.0,7,0.0,0
0.0,0.0,0.0,0.0,1.72,0.0,0.0,0.0,18,0.0,0.0,0.0,0.0,0.0,0.0,0.0,4,0.0,0
0.66,0.0,0.0,0.0,1.98,0.0,0.0,0.99,188,0.0,0.0,0.0,0.66,0.0,0.0,0.0,13,0.0,0
0.38,0.0,0.0,0.0,0.0,0.0,0.0,0.38,108,0.38,0.0,0.0,0.38,0.0,0.0,0.0,5,0.0,0
0.0,0.0,0.0,0.0,1.72,0.0,0.0,6.89,54,0.0,0.0,0.0,3.44,0.0,0.0,0.0,11,0.0,0
0.0,0.0,0.0,0.0,0.0,0.0,0.0,0.0,83,0.0,0.0,0.0,0.0,0.0,0.0,0.0,52,0.0,0
0.9,0.0,0.0,0.0,2.7,0.0,0.0,0.0,76,0.9,0.281,0.0,0.0,0.0,0.0,0.0,13,0.0,0
0.73,0.0,0.0,0.075,0.73,0.13,0.0,1.6,871,0.2,0.028,0.0,0.33,0.0,0.0,0.0,29,0.0,0
0.0,0.0,0.0,0.0,2.43,0.0,0.0,4.87,63,0.0,0.0,0.0,4.87,0.0,0.0,0.0,10,0.0,0
0.4,0.0,0.0,0.0,0.4,0.0,0.0,1.2,135,0.0,0.049,0.0,0.8,0.0,0.0,0.0,9,0.0,0
0.0,0.0,0.0,0.0,0.0,0.0,0.0,1.79,179,0.0,0.0,0.0,1.79,0.0,0.0,0.0,24,0.0,0
0.0,0.0,0.0,0.0,0.0,0.0,0.0,3.29,83,0.0,0.0,0.0,2.19,0.0,0.0,0.0,15,0.0,0
0.0,0.0,0.0,0.0,0.0,0.0,0.0,0.0,19,1.96,0.0,0.0,0.0,0.0,0.0,0.0,7,0.0,0
0.19,0.19,0.0,0.031,0.59,0.0,0.0,0.0,120,0.0,0.0,0.0,0.0,0.0,0.0,0.0,7,0.0,0
0.0,0.0,0.0,0.0,0.0,0.0,0.0,8.33,31,0.0,0.0,0.0,4.16,0.0,0.0,0.0,11,0.0,0
0.0,0.0,0.0,0.0,0.0,0.0,0.0,8.69,30,0.0,0.0,0.0,4.34,0.0,0.0,0.0,11,0.0,0
0.54,0.0,0.0,0.0,1.63,0.0,0.0,1.09,169,0.0,0.0,0.0,0.54,0.0,0.0,0.0,11,0.0,0
0.0,0.0,0.0,0.0,0.0,0.0,0.0,0.0,5,0.0,0.0,0.0,0.0,0.0,0.0,0.0,2,0.0,0
0.0,0.0,0.0,0.0,2.9,0.0,0.0,1.74,140,0.0,0.0,0.0,1.16,0.0,0.0,0.0,12,0.0,0
0.0,0.0,0.0,0.0,2.68,0.0,0.0,2.68,112,0.0,0.0,0.0,1.34,0.0,0.0,0.0,17,0.0,0
1.03,0.0,0.0,0.0,2.41,0.0,0.0,2.06,182,0.34,0.0,0.0,1.03,0.34,0.0,0.0,15,0.0,0
0.0,0.0,0.0,0.0,0.0,0.0,0.0,0.0,65,0.0,0.222,0.0,0.0,0.0,0.0,0.0,8,0.0,0
0.0,0.24,0.0,0.023,0.0,0.0,0.41,3.3,740,0.0,0.0,0.16,0.0,0.08,0.08,0.0,24,0.08,0
1.78,0.0,0.0,0.0,2.67,0.0,0.0,1.78,61,0.89,0.0,0.0,0.89,0.89,0.0,0.0,15,0.0,0
0.0,0.0,0.0,0.0,0.0,0.0,0.0,2.63,53,0.0,0.0,0.0,2.63,0.0,0.0,0.0,10,0.0,0
2.77,0.0,0.0,0.0,5.55,0.0,0.0,0.0,13,0.0,0.0,0.0,0.0,0.0,0.0,0.0,10,0.0,0
0.32,0.0,0.0,0.0,0.64,0.0,0.0,1.28,167,0.32,0.094,0.0,1.28,0.0,0.0,0.0,13,0.0,0
0.76,0.0,0.0,0.0,0.0,0.0,0.0,1.53,78,0.0,0.339,0.0,0.76,0.0,0.0,0.0,12,0.0,0
0.0,0.0,0.0,0.0,0.0,0.0,0.0,8.0,88,0.0,0.273,0.0,0.0,0.0,0.0,0.0,29,0.0,0
0.0,0.0,0.0,0.0,3.58,0.0,0.0,2.56,121,1.53,0.0,0.0,0.0,0.51,0.0,0.0,24,0.0,0
0.0,0.0,0.0,0.0,0.0,0.0,0.0,0.0,74,0.51,0.0,0.0,0.0,0.0,0.0,0.0,11,0.0,0
0.0,0.0,0.0,0.0,0.0,0.0,0.0,4.21,65,0.0,0.0,0.0,3.15,0.0,0.0,0.0,12,0.0,0
0.0,0.0,0.0,0.0,0.0,0.0,0.0,0.0,8,0.0,1.282,0.0,0.0,0.0,0.0,0.0,1,0.0,0
2.22,0.0,0.0,0.0,2.22,0.0,0.0,0.0,37,0.0,0.0,0.0,0.0,0.0,0.0,0.0,12,0.0,0
0.0,0.0,0.0,0.0,0.0,0.0,0.0,8.69,31,0.0,0.0,0.0,4.34,0.0,0.0,0.0,11,0.0,0
0.0,0.0,0.0,0.0,0.0,0.0,0.0,0.0,11,0.0,0.0,0.0,0.0,0.0,0.0,0.0,9,0.0,0
0.0,0.0,0.0,0.0,0.0,0.0,0.0,0.0,55,0.0,0.0,0.0,0.0,0.0,0.0,0.0,11,0.0,0
0.84,0.0,0.0,0.0,5.93,0.0,0.0,0.0,36,0.0,0.0,0.0,0.0,0.0,0.0,0.0,4,0.0,0
0.69,0.0,0.0,0.0,3.12,0.0,0.0,0.0,87,0.0,0.0,0.0,0.0,0.0,0.0,0.0,11,0.0,0
1.58,0.0,0.0,0.0,0.0,0.0,0.0,0.0,14,0.0,0.287,0.0,0.0,0.0,0.0,0.0,2,0.0,0
0.0,0.0,0.0,0.0,0.0,0.0,0.0,0.0,5,0.0,3.26,0.0,0.0,0.0,0.0,0.0,1,0.0,0
0.9,0.0,0.0,0.0,3.63,0.0,0.0,0.0,68,0.0,0.077,0.0,0.0,0.0,0.0,0.45,15,0.0,0
0.0,0.0,0.0,0.0,1.4,0.0,0.0,0.0,31,0.0,0.497,0.0,0.0,0.0,0.0,0.0,10,0.0,0
0.26,0.0,0.0,0.0,1.31,0.0,0.0,0.0,53,0.52,0.047,0.0,0.0,0.0,0.0,0.0,3,0.0,0
0.55,0.0,0.0,0.0,2.79,0.27,0.0,0.0,55,0.0,0.0,0.0,0.0,0.27,0.0,0.0,6,0.0,0
1.23,0.0,0.0,0.0,1.23,0.0,0.0,0.0,14,0.0,0.0,0.0,0.0,0.0,0.0,0.0,1,0.0,0
3.63,0.0,0.0,0.0,5.45,0.0,0.0,0.0,9,0.0,0.0,0.0,0.0,0.0,0.0,0.0,2,0.0,0
0.97,0.0,0.0,0.0,1.94,0.0,0.0,0.0,68,0.0,0.0,0.0,0.0,0.0,0.0,0.0,11,0.0,0
0.0,0.0,0.0,0.0,2.32,0.0,0.0,0.0,25,0.0,0.0,0.0,0.0,0.0,0.0,0.0,5,0.0,0
2.15,0.0,0.0,0.0,3.22,0.0,0.0,0.0,44,0.0,0.0,0.0,0.0,0.0,0.0,0.0,7,0.0,0
0.86,0.0,0.0,0.0,1.73,0.0,0.0,0.0,31,0.86,0.457,0.0,0.0,0.0,0.0,0.0,3,0.0,0
0.0,0.0,0.0,0.0,1.44,0.0,0.0,0.0,32,0.0,0.247,0.0,0.0,0.0,0.0,0.0,5,0.0,0
1.39,0.0,0.0,0.0,4.19,0.0,0.0,0.0,70,0.0,0.0,0.0,0.0,0.34,0.0,0.0,5,0.0,0
0.0,0.0,0.0,0.0,4.5,0.0,0.0,0.0,22,0.0,0.0,0.0,0.0,0.0,0.0,0.0,4,0.0,0
0.99,0.0,0.0,0.0,2.47,0.0,0.0,0.0,51,0.0,0.093,0.0,0.0,0.49,0.0,0.0,4,0.0,0
0.0,0.0,0.0,0.0,0.0,0.0,0.0,0.0,13,0.0,0.943,0.0,0.0,0.0,0.0,0.0,5,0.0,0
1.44,0.48,0.0,0.0,0.96,1.44,0.0,0.0,142,0.96,0.666,0.48,0.0,0.48,0.48,0.0,27,0.0,0
0.0,0.0,0.0,0.0,5.55,0.0,0.0,0.0,5,0.0,0.0,0.0,0.0,0.0,0.0,0.0,1,0.0,0
0.0,0.0,0.0,0.26,0.67,0.0,0.0,0.0,43,0.0,0.0,0.0,0.0,0.0,0.0,0.0,5,0.0,0
0.59,0.0,0.0,0.038,2.19,0.19,0.19,0.0,96,0.19,0.0,0.0,0.0,0.0,0.0,0.0,4,0.0,0
0.0,0.0,0.0,0.0,3.84,0.0,0.0,0.0,6,0.0,0.0,0.0,0.0,0.0,0.0,0.0,1,0.0,0
0.0,0.0,0.0,0.0,5.0,0.0,0.0,0.0,6,0.0,1.724,0.0,0.0,0.0,0.0,0.0,1,0.0,0
2.32,0.0,0.0,0.0,1.16,0.0,0.0,0.0,34,0.0,0.578,0.0,0.0,0.0,0.0,0.0,5,0.0,0
0.0,0.0,0.0,0.0,0.0,0.0,0.0,0.0,9,0.0,0.0,0.0,0.0,0.0,0.0,0.0,2,0.0,0
2.89,0.0,0.0,0.0,2.31,0.0,0.0,0.0,51,0.0,0.0,0.0,0.0,0.57,0.0,0.0,5,0.0,0
0.54,0.0,0.0,0.0,3.82,0.0,0.0,0.0,75,0.0,0.392,0.0,0.0,0.0,0.0,0.0,7,0.0,0
0.0,0.0,0.0,0.0,4.16,0.0,0.0,0.0,24,0.0,0.0,0.0,0.0,0.0,0.0,0.0,4,0.0,0
1.06,0.0,0.0,0.0,3.19,0.0,0.0,0.0,26,0.0,0.398,0.0,0.0,0.0,0.0,0.0,5,0.0,0
2.59,0.0,0.0,0.0,1.94,0.0,0.0,0.0,30,0.0,0.0,0.0,0.0,0.0,0.0,0.0,1,0.0,0
0.0,0.0,0.0,0.0,2.24,0.0,0.0,0.0,137,0.0,0.0,0.0,0.0,0.0,0.0,0.0,15,0.0,0
0.0,0.0,0.0,0.0,5.76,0.0,0.0,0.0,14,0.0,0.0,0.0,0.0,0.0,0.0,0.0,3,0.0,0
1.34,0.0,0.0,0.0,4.69,0.0,0.0,0.0,31,0.0,0.0,0.0,0.0,0.0,0.0,0.0,3,0.0,0
3.7,0.0,0.0,0.0,7.4,0.0,0.0,0.0,8,0.0,0.613,0.0,0.0,0.0,0.0,0.0,1,0.0,0
0.0,0.0,0.0,0.0,0.0,0.0,0.0,0.0,9,0.0,0.0,0.0,0.0,0.0,0.0,0.0,1,0.0,0
1.0,0.0,0.0,0.0,2.0,0.0,0.0,0.0,20,0.0,0.0,0.0,0.0,0.0,0.0,0.0,3,0.0,0
0.0,0.0,0.0,0.0,2.12,0.0,0.0,0.0,14,0.0,0.0,0.0,0.0,0.0,0.0,0.0,5,0.0,0
0.0,0.0,0.0,0.0,7.14,0.0,0.0,0.0,7,0.0,0.0,0.0,0.0,3.57,0.0,0.0,1,0.0,0
0.0,0.0,0.0,0.0,2.85,0.0,0.0,0.0,22,0.0,2.843,0.0,0.0,0.0,0.0,0.0,5,0.0,0
0.0,0.0,0.0,0.0,0.0,0.0,0.0,0.0,16,0.0,0.0,0.0,0.0,0.0,0.0,0.0,5,0.0,0
0.0,0.0,0.0,0.0,6.66,0.0,0.0,0.0,12,0.0,1.075,0.0,0.0,0.0,0.0,0.0,3,0.0,0
0.0,0.0,0.0,0.0,1.44,0.0,0.0,0.0,179,0.0,0.0,0.0,0.0,0.0,0.0,0.0,16,0.0,0
0.68,0.0,0.0,0.0,4.08,0.0,0.0,0.0,45,0.0,0.0,0.0,0.0,0.0,0.0,0.0,6,0.0,0
0.0,0.0,0.0,0.0,0.99,0.0,0.0,0.0,51,0.49,0.091,0.0,0.0,0.0,0.0,0.0,5,0.0,0
0.0,0.0,0.0,0.0,1.21,0.0,0.0,0.0,45,0.0,0.0,0.0,0.0,1.21,0.0,0.0,5,0.0,0
1.19,0.0,0.0,0.197,2.38,0.0,0.0,0.0,30,0.0,0.0,0.0,0.0,0.0,0.0,0.0,4,0.0,0
0.0,0.0,0.0,0.0,0.0,0.0,0.0,0.0,9,0.0,0.0,0.0,0.0,0.0,0.0,0.0,1,0.0,0
0.0,0.0,0.0,0.159,1.81,0.0,0.0,0.0,50,0.0,0.0,0.0,0.0,0.0,0.0,0.0,5,0.0,0
0.0,0.0,0.0,0.0,5.0,0.0,0.0,0.0,7,0.0,1.438,0.0,0.0,0.0,0.0,0.0,1,0.0,0
1.39,0.0,0.0,0.0,4.19,0.0,0.0,0.0,272,0.0,0.078,0.0,0.0,0.08,0.08,0.0,9,0.0,0
0.0,0.0,0.0,0.0,5.71,0.0,0.0,0.0,20,0.0,0.0,0.0,0.0,0.0,0.0,0.0,3,0.0,0
2.17,0.0,0.0,0.0,2.17,0.0,0.0,0.0,24,0.0,0.371,0.0,0.0,0.0,0.0,0.0,11,0.0,0
0.0,0.0,0.0,0.0,0.0,0.0,0.0,0.0,8,0.0,0.0,0.0,0.0,0.0,0.0,0.0,2,0.0,0
0.0,0.0,0.0,0.0,0.0,0.0,0.0,0.0,30,0.0,0.0,0.0,0.0,0.0,0.0,0.0,3,0.0,0
0.84,0.0,0.0,0.0,5.04,0.0,0.0,0.0,37,0.0,0.143,0.0,0.0,0.0,0.0,0.0,4,0.0,0
0.93,0.0,0.0,0.0,1.86,0.0,0.0,0.0,26,0.0,0.165,0.0,0.0,0.0,0.0,0.0,4,0.0,0
0.0,0.0,0.0,0.0,2.17,0.0,0.0,0.0,10,0.0,0.704,0.0,0.0,0.0,0.0,0.0,1,0.0,0
0.0,0.0,0.0,0.0,3.7,0.0,0.0,0.0,11,0.0,0.68,0.0,0.0,0.0,0.0,0.0,1,0.0,0
0.0,0.0,0.0,0.0,7.69,7.69,0.0,0.0,6,0.0,0.0,0.0,0.0,0.0,0.0,0.0,1,0.0,0
0.0,0.0,0.0,0.0,5.2,0.0,0.0,1.04,29,0.0,0.422,0.0,0.0,0.0,0.0,0.0,4,0.0,0
0.0,0.0,0.0,0.0,4.61,0.0,0.0,0.0,20,0.0,0.0,0.0,0.0,0.0,0.0,0.0,5,0.0,0
0.0,0.0,0.0,0.0,3.17,0.0,0.0,0.0,28,0.79,0.0,0.0,0.0,0.79,0.0,0.0,2,0.0,0
0.13,0.0,0.0,0.0,1.65,0.0,0.0,0.0,183,0.0,0.164,0.27,0.0,0.0,0.0,0.0,11,0.27,0
0.0,0.0,0.0,0.118,2.46,0.0,0.0,0.0,35,0.0,0.0,0.0,0.0,0.0,0.0,0.0,5,0.0,0
0.0,0.0,0.0,0.0,0.0,0.0,0.0,0.0,24,0.0,0.0,0.0,0.0,0.0,0.0,0.0,7,0.0,0
0.0,0.0,0.0,0.0,3.22,0.0,0.0,0.0,14,0.0,0.546,0.0,0.0,0.0,0.0,0.0,7,0.0,0
0.95,0.0,0.0,0.0,2.85,0.0,0.0,0.0,24,0.0,0.0,0.0,0.0,0.0,0.0,0.0,5,0.0,0
2.98,0.0,0.0,0.0,1.49,0.0,0.0,0.0,13,0.0,1.069,0.0,0.0,0.0,0.0,0.0,1,0.0,0
0.0,0.0,0.0,0.0,0.41,0.0,0.0,0.0,134,0.0,0.054,0.0,0.0,0.0,0.0,0.0,14,0.0,0
0.0,0.0,0.0,0.189,3.04,0.0,0.0,0.0,83,0.0,0.094,0.0,0.0,0.6,0.0,0.0,15,0.0,0
0.0,0.0,0.0,0.0,4.34,0.0,0.0,0.0,14,0.0,0.564,0.0,0.0,0.0,0.0,0.0,1,0.0,0
0.0,0.0,0.0,0.0,3.84,0.0,0.0,0.0,9,0.0,0.0,0.0,0.0,0.0,0.0,0.0,1,0.0,0
0.0,0.0,0.0,0.0,1.43,0.0,0.0,0.0,77,0.0,0.076,0.0,0.0,0.0,0.0,0.0,12,0.0,0
0.0,0.0,0.0,0.0,3.5,0.0,0.0,0.0,37,0.0,0.259,0.0,0.0,0.0,0.0,0.0,12,0.0,0
2.66,0.0,0.0,0.0,3.33,0.66,0.0,0.0,97,0.0,0.117,0.0,0.0,0.0,0.0,0.0,17,0.0,0
0.0,0.0,0.0,0.0,2.0,0.0,0.0,0.0,70,0.0,0.0,0.0,0.0,0.0,0.0,0.0,15,0.0,0
0.0,0.0,0.0,0.0,2.94,0.0,0.0,0.0,8,0.0,0.0,0.0,0.0,0.0,0.0,0.0,1,0.0,0
0.0,0.0,0.0,0.218,4.1,0.0,0.0,0.0,74,0.0,0.109,0.0,0.0,0.0,0.0,0.0,15,0.0,0
0.0,0.0,0.0,0.0,2.56,0.0,0.0,0.0,11,0.0,0.248,0.0,0.0,0.0,0.0,0.0,2,0.0,0
0.0,0.0,0.0,0.0,4.34,0.0,0.0,0.0,73,0.0,0.954,0.0,0.0,0.0,0.0,0.0,63,0.0,0
1.36,0.0,0.0,0.0,4.1,0.0,0.0,0.0,49,0.0,0.0,0.0,0.0,0.0,0.0,0.0,5,0.0,0
2.04,0.0,0.0,0.0,4.08,0.0,0.0,0.0,8,0.0,0.0,0.0,0.0,0.0,0.0,0.0,1,0.0,0
0.0,0.0,0.0,0.169,3.06,0.0,0.0,0.0,52,0.0,0.169,0.0,0.0,0.0,0.0,0.0,7,0.0,0
1.69,0.0,0.0,0.0,2.54,0.0,0.0,0.0,27,0.0,0.0,0.0,0.0,0.0,0.0,0.0,5,0.0,0
1.16,0.0,0.0,0.0,5.81,0.0,0.0,0.0,34,0.0,0.49,0.0,0.0,0.0,0.0,1.16,7,0.0,0
3.5,0.0,0.0,0.0,1.4,0.0,0.0,0.0,226,0.35,0.0,0.0,0.0,0.0,0.35,0.0,17,0.0,0
0.52,0.0,0.0,0.0,3.66,0.0,0.0,0.0,44,0.0,0.09,0.0,0.0,1.04,0.0,0.0,6,0.0,0
0.0,0.0,0.0,0.0,4.08,0.0,0.0,0.0,24,0.0,0.147,0.0,0.0,0.0,0.0,0.0,4,0.0,0
0.0,0.0,0.0,0.0,4.45,0.0,0.0,0.0,49,0.0,0.102,0.0,0.0,0.0,0.0,0.0,4,0.0,0
1.25,0.0,0.0,0.0,2.5,1.25,0.0,0.0,71,0.0,0.0,0.0,0.0,0.0,0.0,0.0,55,0.0,0
0.93,0.1,0.2,0.0,3.61,0.0,0.0,0.0,425,0.62,0.157,0.1,0.0,0.1,0.0,0.0,29,0.2,0
0.0,0.0,0.0,0.0,0.0,0.0,0.0,0.0,7,0.0,0.0,0.0,0.0,0.0,0.0,0.0,1,0.0,0
0.0,0.0,0.0,0.0,0.0,0.0,0.0,0.0,36,0.0,0.213,0.0,0.0,0.0,0.0,0.0,3,0.0,0
0.0,0.0,0.0,0.246,0.0,0.0,0.0,0.0,30,0.0,0.0,0.0,0.0,0.0,0.0,0.0,4,0.0,0
0.0,0.0,0.0,0.211,1.13,0.0,0.0,0.0,31,0.0,0.0,0.0,0.0,0.0,0.0,0.0,4,0.0,0
0.0,0.0,0.0,0.0,0.0,1.47,0.0,0.0,40,0.0,0.0,0.0,0.0,0.0,0.0,0.0,17,0.0,0
4.76,0.0,0.0,0.0,3.17,0.0,0.0,0.0,16,0.0,0.0,0.0,0.0,0.0,0.0,0.0,4,0.0,0
0.0,0.0,0.0,0.0,2.09,0.0,0.0,0.0,71,0.0,0.0,0.0,0.0,0.0,0.0,0.0,5,0.0,0
0.0,0.0,0.0,0.0,1.2,0.0,0.0,0.0,32,0.0,0.21,0.0,0.0,0.0,0.0,0.0,5,0.0,0
0.0,0.0,0.0,0.0,3.6,0.0,0.0,0.0,19,0.0,0.0,0.0,0.0,0.0,0.0,0.0,5,0.0,0
0.4,0.0,0.0,0.0,1.63,0.0,0.0,0.0,101,0.0,0.069,0.0,0.0,0.0,0.4,0.0,15,0.0,0
0.0,0.0,0.0,0.0,0.0,0.0,0.0,0.0,124,0.0,0.0,0.0,0.0,0.0,0.0,0.0,20,0.0,0
0.0,0.0,0.0,0.0,0.0,0.0,0.0,0.0,5,0.0,0.0,0.0,0.0,0.0,0.0,0.0,1,0.0,0
0.0,0.0,0.0,0.0,0.0,0.0,0.0,0.0,1310,0.0,0.0,0.0,0.0,0.0,0.0,0.0,9,0.0,0
0.0,0.0,0.0,0.0,3.33,0.0,0.66,0.66,35,0.66,0.0,0.0,0.0,0.0,0.0,0.0,7,0.0,0
0.0,0.0,0.0,0.0,0.0,0.0,0.0,0.0,32,0.0,0.0,0.0,0.0,0.0,0.0,0.0,5,0.0,0
0.44,0.0,0.0,0.0,3.53,0.0,0.0,0.0,97,0.0,0.0,0.0,0.0,0.0,0.0,0.0,47,0.0,0
0.0,0.0,0.0,0.0,0.53,0.0,0.0,0.0,182,0.0,0.0,0.0,0.0,0.0,0.0,0.0,18,0.0,0
3.9,0.0,0.0,0.0,5.46,0.0,0.0,0.0,39,0.0,0.275,0.0,0.0,0.0,0.0,0.0,9,0.0,0
0.0,0.0,0.0,0.0,3.27,0.0,0.0,0.0,116,0.0,0.0,0.0,0.0,1.63,0.0,0.0,47,0.0,0
0.0,0.0,0.0,0.0,0.55,0.0,0.0,0.0,94,0.0,0.0,0.0,0.0,0.0,0.0,0.0,47,0.0,0
1.26,0.0,0.0,0.0,2.53,0.0,0.0,0.0,74,0.0,0.0,0.0,0.0,0.0,0.0,0.0,47,0.0,0
0.62,0.0,0.0,0.0,3.75,0.0,0.0,0.0,119,0.0,0.0,0.0,0.0,0.0,0.0,0.0,47,0.0,0
0.54,0.0,0.0,0.0,2.16,0.0,0.0,0.0,106,0.27,0.045,0.0,0.0,0.0,0.0,0.0,47,0.0,0
0.78,0.0,0.0,0.0,1.56,0.0,0.0,0.0,83,0.0,0.12,0.0,0.0,0.78,0.0,0.0,47,0.0,0
2.94,0.0,0.0,0.0,2.94,0.0,0.0,0.0,69,0.0,0.0,0.0,0.0,0.0,0.0,0.0,47,0.0,0
1.63,0.0,0.0,0.0,5.43,0.0,0.0,0.0,82,0.0,0.0,0.0,0.0,0.0,0.0,0.0,47,0.0,0
0.0,0.0,0.0,0.0,0.33,0.0,0.0,0.0,191,0.0,0.059,0.0,0.0,0.33,0.0,0.0,47,0.0,0
0.0,0.0,0.0,0.0,1.31,0.0,0.0,0.0,92,0.0,0.0,0.0,0.0,0.65,0.0,0.0,47,0.0,0
1.31,0.0,0.0,0.0,2.63,0.0,0.0,0.0,46,0.0,0.0,0.0,0.0,0.0,0.0,0.0,5,0.0,0
0.0,0.0,0.0,0.0,2.0,0.0,0.0,0.0,91,0.0,0.0,0.0,0.0,0.5,0.0,0.0,47,0.0,0
0.0,0.0,0.0,0.0,2.19,0.0,0.0,0.0,76,0.0,0.0,0.0,0.0,0.0,0.0,0.0,47,0.0,0
0.32,0.0,0.0,0.0,2.43,0.16,0.0,0.0,167,0.0,0.082,0.0,0.0,0.0,0.0,0.0,47,0.0,0
0.0,0.0,0.0,0.0,0.87,0.0,0.0,0.0,109,0.0,0.0,0.0,0.0,0.43,0.0,0.0,47,0.0,0
0.0,0.0,0.0,0.0,4.85,0.0,0.0,0.0,78,0.0,0.0,0.0,0.0,0.0,0.0,0.0,47,0.0,0
0.33,0.33,0.0,0.0,1.35,0.0,0.0,0.0,116,0.0,0.174,0.0,0.0,0.0,0.0,0.0,47,0.0,0
1.3,0.0,0.0,0.0,3.6,0.07,0.0,0.0,328,0.0,0.082,0.0,0.0,0.0,0.07,0.0,9,0.0,0
0.09,0.0,0.0,0.0,0.09,0.09,0.0,0.0,306,0.0,0.034,0.0,0.0,0.09,0.09,0.0,47,0.0,0
0.09,0.0,0.0,0.0,0.19,0.09,0.0,0.0,187,0.19,0.0,0.0,0.0,0.29,0.0,0.0,47,0.0,0
0.09,0.0,0.0,0.0,1.23,0.09,0.0,0.0,192,0.0,0.0,0.0,0.0,0.0,0.0,0.0,47,0.0,0
1.34,0.0,0.0,0.0,2.68,0.0,0.0,0.0,31,0.0,0.471,0.0,0.0,0.0,0.0,0.0,2,0.0,0
0.22,0.0,0.0,0.0,2.02,0.0,0.0,0.0,97,0.22,0.045,0.0,0.0,0.22,0.0,0.0,16,0.0,0
0.66,0.0,0.0,0.0,1.66,0.0,0.0,0.0,56,0.0,0.0,0.0,0.0,0.66,0.0,0.0,4,0.0,0
0.86,0.0,0.0,0.0,0.86,0.0,0.0,0.0,90,0.0,0.0,0.0,0.0,0.0,0.0,0.0,51,0.0,0
0.86,0.0,0.0,0.0,2.58,0.0,0.0,0.0,91,0.0,0.214,0.0,0.0,0.0,0.0,0.0,51,0.0,0
0.0,0.0,0.0,0.0,3.84,0.0,0.0,0.0,83,0.0,0.0,0.0,0.0,0.0,0.0,0.0,51,0.0,0
0.78,0.0,0.0,0.0,1.57,0.0,0.0,0.0,94,0.0,0.0,0.0,0.0,0.0,0.0,0.0,51,0.0,0
1.36,0.0,0.0,0.0,0.0,0.0,0.0,0.0,81,0.0,0.0,0.0,0.0,0.0,0.0,0.0,51,0.0,0
0.0,0.0,0.0,0.0,2.25,0.0,0.0,0.0,90,0.0,0.0,0.0,0.0,0.0,0.0,0.0,51,0.0,0
0.51,0.0,0.0,0.0,2.05,0.0,0.0,0.0,147,0.25,0.047,0.0,0.0,0.0,0.0,0.0,51,0.0,0
0.48,0.0,0.0,0.0,2.26,0.0,0.0,0.0,158,0.32,0.057,0.0,0.0,0.16,0.32,0.16,51,0.0,0
0.0,0.0,0.0,0.0,2.83,0.0,0.0,0.0,22,0.94,0.756,0.0,0.0,0.0,0.0,0.0,1,0.0,0
0.0,0.0,0.0,0.0,0.77,0.77,0.0,0.0,114,0.0,0.0,0.0,0.0,0.0,0.0,0.0,51,0.0,0
0.0,0.0,0.0,0.0,3.17,0.0,0.0,0.0,83,0.0,0.0,0.0,0.0,0.0,0.0,0.0,51,0.0,0
0.0,0.0,0.0,0.0,4.69,0.0,0.0,0.0,119,0.0,0.0,0.0,0.0,0.0,0.0,0.0,51,0.0,0
0.0,0.0,0.0,0.0,2.29,0.0,0.0,0.0,71,0.0,0.0,0.0,0.0,0.0,0.0,0.0,16,0.0,0
0.53,0.0,0.0,0.0,2.15,0.0,0.0,0.0,52,0.0,0.0,0.0,0.0,0.53,0.0,0.0,16,0.0,0
0.0,0.0,0.0,0.0,4.65,0.0,0.0,0.0,35,0.0,0.159,0.0,0.0,0.77,0.0,0.0,4,0.0,0
0.71,0.0,0.0,0.0,2.15,0.0,0.0,0.0,97,0.0,0.0,0.0,0.0,0.0,0.0,0.0,51,0.0,0
0.0,0.0,0.0,0.0,1.29,0.0,0.0,0.0,137,0.64,0.188,0.0,0.0,1.29,0.0,0.0,51,0.0,0
0.27,0.0,0.0,0.0,3.3,0.0,0.0,0.0,118,0.0,0.048,0.0,0.0,0.0,0.27,0.0,47,0.0,0
0.0,0.0,0.0,0.0,4.52,1.04,0.0,0.0,108,0.0,0.0,0.0,0.0,0.0,0.0,0.0,47,0.0,0
1.2,0.0,0.0,0.0,1.8,0.6,0.0,0.0,39,0.0,0.817,0.0,0.0,0.0,0.0,0.0,15,0.0,0
2.12,0.0,0.0,0.0,2.12,0.0,0.0,0.0,70,0.0,0.0,0.0,0.0,0.0,0.0,0.0,47,0.0,0
1.85,0.0,0.0,0.857,3.7,0.0,0.0,0.0,108,0.0,0.0,0.0,0.0,0.0,0.0,0.0,47,0.0,0
0.0,0.0,0.0,0.0,1.06,1.06,0.0,0.0,84,0.0,0.0,0.0,0.0,0.0,0.0,0.0,47,0.0,0
0.0,0.0,0.0,0.0,2.83,0.0,0.0,0.0,89,0.0,0.105,0.0,0.0,0.0,0.0,0.0,47,0.0,0
0.0,0.0,0.0,0.0,3.09,1.03,0.0,0.0,91,0.0,0.0,0.0,0.0,0.0,0.0,0.0,47,0.0,0
0.76,0.0,0.0,0.0,3.07,0.0,0.0,0.0,26,0.0,0.0,0.0,0.0,0.0,0.0,0.0,6,0.0,0
0.91,0.0,0.0,0.0,5.5,0.0,0.0,0.0,86,0.0,0.13,0.0,0.0,0.0,0.0,1.83,47,0.0,0
0.83,0.0,0.0,0.0,3.33,0.0,0.0,0.0,91,0.0,0.0,0.0,0.0,0.0,0.0,0.0,47,0.0,0
0.0,0.0,0.0,0.18,1.17,0.0,0.0,0.0,38,0.0,0.361,0.0,0.0,0.0,0.0,0.0,4,0.0,0
0.0,0.0,0.0,0.327,1.92,0.0,0.0,0.0,43,0.0,0.327,0.0,0.0,0.0,0.0,0.0,4,0.0,0
0.78,0.0,0.0,0.0,0.0,0.0,0.0,0.0,22,0.0,0.263,0.0,0.0,0.78,0.0,0.0,2,0.0,0
0.0,0.0,0.0,0.192,1.17,0.0,0.0,0.0,34,1.17,1.156,0.0,0.0,0.0,0.0,0.0,6,0.0,0
0.39,0.0,0.0,0.213,3.13,0.0,0.0,0.0,72,0.0,0.284,0.0,0.0,0.0,0.0,0.0,12,0.0,0
0.75,0.0,0.0,0.0,1.5,0.75,0.0,0.0,54,0.75,0.441,0.0,0.0,0.0,0.0,0.0,6,0.0,0
0.0,0.0,0.0,0.0,0.0,0.0,0.0,0.0,24,0.0,0.331,0.0,0.0,0.0,0.0,0.0,4,0.0,0
0.0,0.0,0.0,0.0,1.88,0.0,0.0,0.0,23,0.0,0.33,0.0,0.0,0.0,0.0,0.0,4,0.0,0
0.0,0.0,0.0,0.0,1.08,0.0,0.0,0.0,116,0.36,0.062,0.0,0.0,0.0,0.0,0.0,13,0.0,0
1.75,0.0,0.0,0.0,5.26,1.75,0.0,0.0,70,0.0,0.238,0.0,0.0,0.0,0.0,0.0,55,0.0,0
0.78,0.39,0.0,0.065,1.17,0.39,0.0,0.0,159,0.39,0.261,0.0,0.0,0.39,0.0,0.39,55,0.0,0
3.94,0.0,0.0,0.0,0.0,1.31,0.0,0.0,104,0.0,0.0,0.0,0.0,0.0,0.0,1.31,55,0.0,0
0.0,0.0,0.0,0.0,2.05,0.0,0.0,0.0,25,0.0,0.0,0.0,0.0,0.0,0.0,0.0,4,0.0,0
0.71,0.0,0.0,0.0,2.15,0.0,0.0,0.0,31,0.0,0.342,0.0,0.0,0.0,0.0,0.0,1,0.0,0
0.9,0.0,0.0,0.0,0.0,0.45,0.0,0.0,290,0.0,0.056,0.0,0.0,0.0,0.0,0.0,70,0.0,0
0.0,0.0,0.0,0.109,4.4,1.88,0.0,0.0,58,0.62,0.0,0.0,0.0,0.0,0.0,1.25,9,0.0,0
0.94,0.0,0.0,0.0,2.84,0.0,0.0,0.0,47,0.0,0.709,0.0,0.0,0.0,0.0,0.0,4,0.0,0
0.43,0.0,0.0,0.0,1.94,0.0,0.0,0.0,101,0.21,0.119,0.0,0.0,0.0,0.0,0.0,3,0.21,0
0.0,0.0,0.0,0.0,5.55,0.0,0.0,0.0,19,0.0,0.692,0.0,0.0,0.0,0.0,0.0,5,0.0,0
0.0,0.0,0.0,0.0,0.0,0.0,0.0,0.0,18,0.0,0.216,0.0,0.0,0.0,0.0,0.0,1,0.0,0
0.35,0.0,0.0,0.0,2.47,0.0,0.0,0.0,56,0.35,0.324,0.0,0.0,0.0,0.0,0.0,3,0.0,0
0.0,0.0,0.0,0.0,7.69,0.0,0.0,0.0,10,0.0,0.653,0.0,0.0,0.0,0.0,0.0,5,0.0,0
1.17,0.0,0.0,0.0,1.76,0.0,0.0,0.0,35,0.0,0.432,0.0,0.0,0.58,0.0,0.0,1,0.0,0
0.86,0.0,0.0,0.0,2.87,0.0,0.0,0.0,54,0.57,0.308,0.0,0.0,0.0,0.0,0.0,4,0.0,0
0.0,0.0,0.0,0.0,1.89,0.0,0.0,0.0,26,0.63,0.62,0.0,0.0,0.0,0.0,0.0,1,0.0,0
0.0,0.0,0.0,0.0,8.33,0.0,0.0,0.0,8,0.0,0.0,0.0,0.0,0.0,0.0,0.0,1,0.0,0
0.0,0.0,0.0,0.0,0.0,0.0,0.0,0.0,22,0.0,0.757,0.0,0.0,0.0,0.0,0.0,4,0.0,0
1.86,0.0,0.0,0.0,3.85,0.13,0.0,0.0,159,0.13,0.0,0.13,0.0,0.0,0.13,0.0,21,0.0,0
1.47,0.0,0.0,0.0,2.94,0.0,0.0,0.0,85,0.0,0.0,0.0,0.0,0.0,0.0,0.0,21,0.0,0
0.0,0.0,0.0,0.0,0.0,0.0,0.0,0.0,33,0.0,0.0,0.0,0.0,0.0,0.0,0.0,4,0.0,0
0.81,0.0,0.0,0.0,4.87,0.0,0.0,0.0,28,0.0,0.0,0.0,0.0,0.0,0.0,0.0,4,0.0,0
0.0,0.0,0.0,0.0,0.0,0.0,0.0,0.0,14,0.0,0.0,0.0,0.0,0.0,0.0,0.0,4,0.0,0
0.0,0.0,0.0,0.0,1.69,0.0,0.0,0.0,15,0.0,0.0,0.0,0.0,0.0,0.0,1.69,2,0.0,0
3.75,0.0,0.0,0.0,1.25,0.0,0.0,0.0,24,0.0,0.0,0.0,0.0,0.0,0.0,0.0,4,0.0,0
2.63,0.0,0.0,0.0,2.63,0.0,0.0,0.0,16,0.0,0.0,0.0,0.0,0.0,0.0,0.0,4,0.0,0
0.52,0.0,0.0,0.0,1.04,0.52,0.0,0.0,35,0.0,0.175,0.0,0.0,1.57,0.0,0.0,3,0.0,0
2.94,0.0,0.0,0.0,2.94,0.0,0.0,0.0,6,0.0,0.0,0.0,0.0,0.0,0.0,0.0,1,0.0,0
1.92,0.0,0.0,0.0,1.92,0.0,0.0,0.0,42,0.0,0.0,0.0,0.0,0.0,0.0,0.0,21,0.0,0
0.0,0.0,0.0,0.0,0.99,0.39,0.0,0.0,155,0.0,0.029,0.0,0.0,0.0,0.0,0.0,11,0.0,0
0.0,0.0,0.0,0.0,2.77,0.0,0.0,0.0,43,0.0,9.575,0.0,0.0,0.0,0.0,0.0,5,0.0,0
0.0,0.0,0.0,0.0,1.97,0.28,0.0,0.0,80,0.0,5.054,0.0,0.0,0.0,0.0,0.28,18,0.0,0
0.0,0.0,0.0,0.0,2.19,0.0,0.0,0.0,69,0.36,6.387,0.0,0.0,0.36,0.0,0.0,4,0.0,0
0.97,0.0,0.0,0.0,2.43,0.48,0.0,0.0,41,0.0,0.45,0.0,0.0,0.0,0.0,0.48,4,0.0,0
0.0,0.0,0.0,0.0,1.85,0.0,0.0,0.0,35,0.0,0.0,0.0,0.0,0.61,0.0,0.0,1,0.0,0
1.07,0.0,0.0,0.0,3.58,0.0,0.0,0.0,118,0.0,0.0,0.0,0.0,0.35,0.0,0.0,11,0.0,0
2.59,0.0,0.0,0.0,2.59,0.0,0.0,0.0,51,0.0,0.0,0.0,0.0,0.0,0.0,0.0,5,0.0,0
0.0,0.0,0.0,0.0,1.03,0.51,0.0,0.0,39,0.0,0.087,0.0,0.0,0.51,0.0,0.0,6,0.0,0
1.16,0.0,0.0,0.0,3.5,0.0,0.0,0.0,118,0.0,0.0,0.0,0.0,0.38,0.0,0.0,11,0.0,0
0.95,0.0,0.0,0.0,2.85,0.0,0.0,0.0,60,0.0,0.0,0.0,0.0,0.0,0.0,0.0,14,0.0,0
3.07,0.0,0.0,0.0,3.07,0.0,0.0,0.0,63,0.0,0.253,0.0,0.0,0.76,0.0,0.0,9,0.0,0
1.69,0.0,0.0,0.0,0.0,0.0,0.0,0.0,32,0.0,0.278,0.0,0.0,0.0,0.0,0.0,4,0.0,0
3.33,0.0,0.0,0.0,3.33,0.0,0.0,0.0,6,0.0,0.0,0.0,0.0,0.0,0.0,0.0,1,0.0,0
0.0,0.0,0.0,0.0,1.47,0.0,0.0,0.0,55,0.0,0.0,0.0,0.0,0.0,0.0,0.0,21,0.0,0
0.87,0.0,0.0,0.138,3.5,0.0,0.0,0.0,47,0.0,0.0,0.0,0.0,0.0,0.0,0.87,21,0.0,0
0.0,0.0,0.0,0.0,3.03,0.0,0.0,0.0,36,0.0,0.0,0.0,0.0,0.0,0.0,0.0,21,0.0,0
0.0,0.0,0.0,0.0,5.43,0.0,0.0,0.0,39,0.0,0.169,0.0,0.0,0.0,0.0,0.0,21,0.0,0
0.0,0.0,0.0,0.0,8.1,0.0,0.0,0.0,33,0.0,0.0,0.0,0.0,0.0,0.0,0.0,21,0.0,0
0.0,0.0,0.0,0.0,2.9,0.0,0.0,0.0,115,0.58,0.082,0.0,0.0,0.0,0.0,0.0,17,0.0,0
0.0,0.0,0.0,0.0,1.75,0.0,0.0,0.0,18,0.0,0.25,0.0,0.0,0.0,0.0,0.0,3,0.0,0
0.0,0.0,0.0,0.0,5.12,0.0,0.0,0.0,40,0.0,0.0,0.0,0.0,0.0,0.0,0.0,21,0.0,0
0.36,0.0,0.0,0.0,1.47,0.0,0.0,0.0,359,0.0,0.063,0.0,0.0,0.0,0.0,0.0,43,0.0,0
0.21,0.0,0.0,0.0,1.26,0.0,0.0,0.0,614,0.0,0.071,0.0,0.0,0.0,0.0,0.0,43,0.0,0
0.0,0.0,0.0,0.0,1.08,0.0,0.0,0.0,334,0.36,0.063,0.0,0.0,0.0,0.0,0.0,43,0.0,0
0.0,0.0,0.0,0.0,0.44,0.0,0.0,0.0,328,0.44,0.074,0.0,0.0,0.0,0.0,0.0,43,0.0,0
0.0,0.0,0.0,0.0,0.41,0.0,0.0,0.0,354,0.0,0.07,0.0,0.0,0.0,0.0,0.0,43,0.0,0
0.0,0.0,0.0,0.0,2.7,0.0,0.0,0.0,40,0.0,0.0,0.0,0.0,0.0,0.0,0.0,21,0.0,0
1.38,0.0,0.0,0.0,9.72,0.0,0.0,0.0,39,0.0,0.0,0.0,0.0,0.0,0.0,0.0,21,0.0,0
0.0,0.0,0.0,0.0,6.38,0.0,0.0,0.0,35,0.0,0.0,0.0,0.0,0.0,0.0,0.0,21,0.0,0
0.0,0.0,0.0,0.0,1.42,0.0,0.0,0.0,418,0.0,0.06,0.0,0.0,0.0,0.0,0.0,43,0.0,0
0.0,0.0,0.0,0.0,2.02,1.01,0.0,0.0,24,0.0,0.327,0.0,0.0,0.0,0.0,0.0,6,0.0,0
0.36,0.0,0.0,0.0,1.46,0.0,0.0,0.0,394,0.0,0.062,0.0,0.0,0.0,0.0,0.0,43,0.0,0
0.0,0.0,0.0,0.0,4.28,0.0,0.0,0.0,96,0.0,0.0,0.0,0.0,0.0,0.0,0.0,21,0.0,0
1.78,0.0,0.0,0.0,8.92,0.0,0.0,0.0,43,0.0,0.0,0.0,0.0,0.0,0.0,0.0,21,0.0,0
0.0,0.0,0.0,0.0,3.3,0.0,0.0,0.73,144,0.0,0.0,0.0,1.1,0.0,0.0,0.0,16,0.0,0
1.49,0.0,0.0,0.0,4.47,0.0,0.0,0.0,29,0.0,0.0,0.0,1.49,0.0,0.0,0.0,8,0.0,0
0.69,0.0,0.0,0.093,4.19,0.0,0.0,1.39,129,0.0,0.0,0.0,3.49,0.0,0.0,0.0,12,0.0,0
0.96,0.0,0.0,0.0,3.21,0.16,0.0,0.16,290,0.0,0.079,0.0,0.16,0.16,0.0,0.0,36,0.0,0
0.0,0.0,0.0,0.0,5.1,0.0,0.0,0.0,76,0.0,0.154,0.0,0.0,0.0,0.0,0.0,48,0.0,0
0.0,0.0,0.0,0.0,2.32,0.0,0.0,0.0,35,0.0,0.0,0.0,2.32,0.0,0.0,0.0,11,0.0,0
0.0,0.0,0.0,0.102,0.72,0.0,0.0,0.72,99,0.0,0.306,0.0,0.72,0.0,0.0,0.0,22,0.0,0
0.0,0.0,0.0,0.0,2.27,0.0,0.0,0.0,29,0.0,0.0,0.0,0.0,0.0,0.0,0.56,2,0.0,0
2.02,0.0,0.0,0.0,4.05,0.0,0.0,0.0,72,0.0,0.0,0.0,0.0,0.0,0.0,0.0,6,0.0,0
0.0,0.0,0.0,0.0,0.0,0.0,0.0,0.0,17,3.44,0.0,0.0,0.0,0.0,0.0,0.0,5,0.0,0
2.81,0.0,0.0,0.0,1.8,1.8,0.0,0.0,228,0.6,0.06,0.0,0.0,0.0,0.0,0.0,43,0.2,0
2.16,0.18,0.0,0.071,2.72,0.84,0.09,0.0,383,0.09,0.142,0.0,0.0,0.09,0.0,0.0,19,0.37,0
0.0,0.0,0.0,0.0,4.76,0.0,0.0,0.0,11,0.0,0.0,0.0,0.0,0.0,0.0,0.0,3,0.0,0
0.0,0.0,0.0,0.0,2.27,0.0,0.0,0.0,12,0.0,0.0,0.0,0.0,0.0,0.0,0.0,3,0.0,0
0.0,0.0,0.0,0.0,0.0,0.0,0.0,0.0,54,1.0,0.168,0.0,0.0,0.0,0.0,0.0,10,0.0,0
0.0,0.0,0.0,0.0,0.48,0.0,0.0,0.0,123,0.48,0.0,0.0,0.0,0.0,0.0,0.0,9,0.0,0
0.0,0.0,0.0,0.0,2.65,0.0,0.0,0.0,43,1.13,0.0,0.0,0.0,0.0,0.0,0.0,4,0.0,0
0.99,0.0,0.0,0.0,4.95,0.0,0.0,0.0,22,0.99,0.0,0.0,0.0,0.0,0.0,0.0,4,0.0,0
0.5,0.0,0.0,0.0,2.0,0.0,0.0,0.0,37,0.0,0.271,0.0,0.0,0.5,0.0,0.0,2,0.0,0
0.0,0.0,0.0,0.0,1.76,0.0,0.0,0.0,84,0.0,0.157,0.0,0.0,0.0,0.0,0.0,15,0.0,0
0.0,0.0,0.0,0.0,2.73,0.0,0.0,0.0,226,0.17,0.064,0.0,0.0,0.0,0.0,0.0,55,0.0,0
0.0,0.0,0.0,0.0,3.7,0.0,0.0,0.0,40,0.0,0.473,0.0,0.0,0.0,0.0,0.46,24,0.0,0
1.35,0.0,0.0,0.0,4.24,0.0,0.0,0.0,297,0.09,0.188,0.0,0.0,0.0,0.0,0.0,9,0.0,0
0.0,0.0,0.0,0.0,3.61,0.0,0.0,0.0,49,0.0,0.12,0.0,0.0,0.6,0.0,0.0,9,0.0,0
0.0,0.0,0.0,0.0,1.65,0.0,0.0,0.0,356,0.0,0.07,0.0,0.0,0.0,0.0,0.0,43,0.0,0
5.55,0.0,0.0,0.0,2.77,0.0,0.0,0.0,17,0.0,0.438,0.0,0.0,0.0,0.0,0.0,3,0.0,0
0.0,0.0,0.0,0.0,0.0,0.0,0.0,0.0,10,0.0,0.0,0.0,0.0,0.0,0.0,0.0,1,0.0,0
0.0,0.0,0.0,0.0,1.94,0.0,0.0,0.0,412,0.0,0.048,0.0,0.0,0.0,0.0,0.0,43,0.0,0
0.0,0.0,0.0,0.0,7.89,0.0,0.0,0.0,12,0.0,0.0,0.0,0.0,0.0,0.0,0.0,1,0.0,0
0.0,0.0,0.0,0.0,0.71,0.0,0.0,0.0,31,0.0,0.243,0.0,0.0,0.0,0.0,0.0,1,0.0,0
0.0,0.0,0.0,0.0,2.04,0.0,0.0,0.0,319,0.0,0.141,0.0,0.0,0.0,0.0,0.0,43,0.0,0
0.0,0.0,0.0,0.0,0.86,0.0,0.0,0.0,328,0.0,0.073,0.0,0.0,0.0,0.0,0.0,43,0.0,0
0.0,0.0,0.0,0.0,0.37,0.0,0.0,0.0,311,0.0,0.059,0.0,0.0,0.0,0.0,0.0,43,0.0,0
0.22,0.0,0.0,0.0,1.11,0.0,0.0,0.0,448,0.0,0.24,0.0,0.0,0.0,0.0,0.0,43,0.0,0
0.0,0.0,0.0,0.0,2.1,0.0,0.0,0.0,266,0.0,0.073,0.0,0.0,0.42,0.0,0.0,43,0.0,0
0.0,0.0,0.0,0.0,6.55,0.0,0.0,0.0,20,0.0,0.0,0.0,0.0,0.0,0.0,0.0,4,0.0,0
0.95,0.0,0.0,0.0,4.76,0.0,0.0,0.0,28,0.0,0.0,0.0,0.0,0.0,0.0,0.0,3,0.0,0
0.62,0.0,0.0,0.116,4.37,0.0,0.0,0.0,44,0.0,0.0,0.0,0.0,0.0,0.0,0.0,5,0.0,0
0.0,0.0,0.0,0.0,4.0,0.0,0.0,0.0,9,0.0,0.0,0.0,0.0,0.0,0.0,0.0,1,0.0,0
0.0,0.0,0.0,0.0,7.4,0.0,0.0,0.0,9,0.0,0.0,0.0,0.0,0.0,0.0,0.0,1,0.0,0
0.0,0.0,0.0,0.0,1.52,0.0,0.0,0.0,23,0.0,0.266,0.0,0.0,0.0,0.0,0.0,1,0.0,0
4.87,0.0,0.0,0.0,12.19,0.0,0.0,0.0,7,0.0,0.0,0.0,0.0,0.0,0.0,9.75,1,0.0,0
0.0,0.0,0.0,0.0,3.33,0.0,0.0,0.0,16,0.0,0.0,0.0,0.0,0.0,0.0,0.0,3,0.0,0
2.16,0.48,0.0,0.285,0.72,0.0,0.24,0.0,286,0.0,0.122,0.24,0.0,0.0,0.0,0.0,19,0.0,0
0.0,0.0,0.0,0.0,1.21,0.0,0.0,0.0,128,0.3,0.0,0.0,0.0,0.0,0.0,0.0,14,0.0,0
0.0,0.0,0.0,0.0,4.16,0.0,0.0,0.0,77,0.0,0.208,0.0,0.0,0.0,0.0,0.0,15,0.0,0
0.0,0.0,0.0,0.0,6.66,0.0,0.0,0.0,10,0.0,0.0,0.0,0.0,0.0,0.0,0.0,1,0.0,0
0.31,0.0,0.0,0.054,0.93,0.0,0.0,0.0,136,0.0,0.109,0.0,0.0,0.0,0.0,0.0,18,0.0,0
0.0,0.0,0.0,0.0,0.91,0.0,0.0,0.0,141,0.22,0.285,0.0,0.0,0.0,0.0,0.0,31,0.0,0
0.0,0.51,0.0,0.0,1.02,0.0,0.0,0.0,75,1.53,0.0,0.0,0.0,0.0,0.0,0.0,8,0.0,0
1.03,0.0,0.0,0.0,2.74,0.0,0.0,0.0,77,0.34,0.406,0.0,0.0,0.0,0.0,0.0,6,0.0,0
0.0,0.0,0.0,0.0,2.96,0.0,0.0,0.0,33,0.0,0.377,0.0,0.0,0.0,0.0,0.0,1,0.0,0
0.0,0.0,0.0,0.0,2.56,0.0,0.0,0.0,35,0.0,0.232,0.0,0.0,0.0,0.0,0.0,8,0.0,0
1.06,0.0,0.0,0.0,5.31,0.0,0.0,0.0,26,1.06,0.0,0.0,0.0,0.0,0.0,0.0,4,0.0,0
0.52,0.0,0.0,0.0,1.31,0.26,0.0,0.0,202,0.52,0.038,0.0,0.0,0.0,0.0,0.0,12,0.0,0
0.69,0.0,0.0,0.0,2.79,0.69,0.0,2.09,83,0.0,0.0,0.0,0.0,0.0,0.0,0.0,12,0.0,0
0.0,0.0,0.0,0.0,3.82,0.0,0.0,2.18,159,0.54,0.0,0.54,2.18,0.0,0.0,0.0,34,0.0,0
1.25,0.0,0.0,0.204,2.5,0.0,0.0,1.25,49,0.0,0.0,0.0,1.25,0.0,0.0,0.0,15,0.0,0
0.55,0.0,0.0,0.0,0.0,0.55,0.0,0.0,82,0.0,0.563,0.0,0.0,0.0,0.55,0.0,55,0.0,0
0.54,0.0,0.0,0.0,1.63,0.54,0.54,0.0,53,0.0,0.407,0.0,0.0,0.0,0.0,0.0,14,0.0,0
0.0,0.0,0.0,0.0,2.27,1.13,0.0,0.0,184,0.0,0.0,0.0,0.0,0.0,0.0,0.0,77,0.0,0
0.92,0.0,0.0,0.0,3.7,0.0,0.0,0.0,71,0.0,0.0,0.0,0.0,0.0,0.0,0.0,12,0.0,0
0.0,0.0,0.0,0.0,5.94,0.0,0.0,0.0,18,0.0,0.766,0.0,0.0,0.0,0.0,0.0,1,0.0,0
0.51,0.0,0.0,0.0,1.78,0.0,0.12,0.0,419,0.0,0.055,0.12,0.0,0.0,0.0,0.0,63,0.0,0
0.9,0.0,0.0,0.0,2.81,0.11,0.11,0.0,427,0.0,0.051,0.0,0.0,0.0,0.0,0.0,63,0.0,0
0.6,0.0,0.0,0.0,1.82,0.0,0.0,0.0,201,0.6,0.0,0.0,0.0,0.0,0.0,0.0,71,0.0,0
0.6,0.0,0.0,0.0,1.82,0.0,0.0,0.0,201,0.6,0.0,0.0,0.0,0.0,0.0,0.0,71,0.0,0
0.0,0.0,0.0,0.0,5.26,0.0,0.0,0.0,13,0.0,0.0,0.0,0.0,0.0,0.0,0.0,3,0.0,0
7.14,0.0,0.0,0.0,14.28,0.0,0.0,0.0,3,0.0,0.0,0.0,0.0,0.0,0.0,0.0,1,0.0,0
0.33,0.0,0.0,0.0,2.34,0.0,0.0,0.0,100,0.0,0.302,0.0,0.0,0.0,0.0,0.0,14,0.0,0
0.55,0.0,0.0,0.0,2.2,0.0,0.0,0.0,61,0.0,0.633,0.0,0.0,0.0,0.0,0.0,11,0.0,0
0.0,0.0,0.0,0.0,7.75,0.0,0.0,0.0,27,0.0,0.312,0.0,0.0,0.77,0.0,0.0,2,0.0,0
1.56,0.0,0.0,0.037,1.56,0.0,0.0,0.0,169,0.52,0.037,0.0,0.0,0.0,0.0,0.0,20,0.0,0
0.0,0.0,0.0,0.0,0.0,0.0,0.0,0.0,3,0.0,0.0,0.0,0.0,0.0,0.0,0.0,1,0.0,0
2.73,0.0,0.68,0.048,3.42,0.34,0.0,0.0,97,0.68,0.048,0.34,0.0,0.0,0.0,0.0,15,0.0,0
1.49,0.0,0.59,0.132,3.58,0.0,0.0,0.0,121,0.29,0.044,0.29,0.0,0.59,0.0,0.0,15,0.29,0
0.0,0.0,0.0,0.0,0.0,0.0,0.0,0.0,4,0.0,0.0,0.0,0.0,0.0,0.0,0.0,1,0.0,0
1.1,0.0,0.0,0.0,2.79,0.0,0.0,0.0,261,0.0,0.093,0.0,0.0,0.0,0.0,0.0,9,0.0,0
0.0,0.0,0.0,0.0,0.0,0.0,0.0,0.0,5,0.0,0.0,0.0,0.0,0.0,0.0,0.0,1,0.0,0
1.03,0.0,0.0,0.0,3.02,0.0,0.0,0.0,214,0.0,0.099,0.0,0.0,0.0,0.0,0.0,18,0.0,0
0.0,0.0,0.0,0.0,0.0,0.0,0.0,0.0,39,0.0,0.0,0.0,0.0,0.0,0.0,0.0,18,0.0,0
0.0,0.0,0.0,0.0,0.0,0.0,0.0,0.0,7,0.0,0.0,0.0,0.0,0.0,0.0,0.0,1,0.0,0
0.0,0.0,0.0,0.0,0.39,0.0,0.0,0.0,330,0.0,0.271,0.0,0.0,0.0,0.0,0.0,30,0.0,0
0.0,0.0,0.0,0.0,7.14,0.0,0.0,0.0,17,0.0,0.0,0.0,0.0,1.42,0.0,0.0,1,0.0,0
0.0,0.0,0.0,0.0,0.0,0.0,0.0,0.0,4,0.0,0.0,0.0,0.0,0.0,0.0,0.0,1,0.0,0
0.6,0.0,0.0,0.0,1.82,0.0,0.0,0.0,61,0.0,0.0,0.0,0.0,0.0,0.0,0.0,13,0.0,0
0.0,0.0,0.0,0.0,7.14,0.0,0.0,0.0,9,0.0,0.0,0.0,0.0,0.0,0.0,0.0,2,0.0,0
1.73,0.0,0.0,0.0,3.47,0.0,0.0,0.0,17,0.0,0.773,0.0,0.0,0.0,0.0,0.0,1,0.0,0
0.21,0.0,0.0,0.0,1.95,0.0,0.0,0.0,68,0.0,0.0,0.0,0.0,0.21,0.0,0.0,1,0.0,0
0.0,0.0,0.0,0.0,0.0,0.0,0.0,0.0,3,0.0,0.0,0.0,0.0,0.0,0.0,0.0,1,0.0,0
2.02,0.0,0.0,0.0,5.05,0.0,0.0,0.0,21,0.0,0.187,0.0,0.0,0.0,0.0,0.0,3,0.0,0
1.62,0.0,0.0,0.0,4.06,0.0,0.0,0.81,41,0.0,0.134,0.0,0.0,0.0,0.0,0.0,5,0.0,0
2.72,0.0,0.0,0.0,4.54,0.0,0.0,0.0,32,0.0,0.164,0.0,0.0,0.0,0.0,0.0,8,0.0,0
1.42,0.0,0.0,0.0,5.71,0.0,0.0,0.0,17,0.0,0.0,0.0,0.0,0.0,0.0,0.0,5,0.0,0
0.69,0.0,0.0,0.0,4.19,0.69,0.0,0.0,64,0.0,0.254,0.0,0.0,0.0,0.0,0.0,13,0.0,0
0.0,0.0,0.0,0.0,2.42,0.48,0.0,0.0,165,0.48,0.0,0.0,0.0,0.0,0.0,0.0,21,0.0,0
0.22,0.0,0.0,0.0,1.16,0.0,0.03,0.03,389,0.07,0.014,0.0,0.0,0.11,0.0,0.0,7,0.0,0
0.0,0.0,0.0,0.0,3.03,0.0,0.0,0.0,27,0.0,0.473,0.0,0.0,0.0,0.0,0.0,5,0.0,0
0.0,0.0,0.0,0.0,3.44,0.0,0.0,0.0,26,0.0,0.0,0.0,0.0,0.0,0.0,0.0,5,0.0,0
0.0,0.0,0.0,0.0,8.33,0.0,0.0,0.0,17,0.0,0.0,0.0,0.0,0.0,0.0,0.0,4,0.0,0
0.0,0.0,0.0,0.0,0.0,0.0,0.0,0.0,14,0.0,0.0,0.0,0.0,0.0,0.0,0.0,4,0.0,0
0.0,0.0,0.0,0.0,4.54,0.0,0.0,0.0,7,0.0,0.0,0.0,0.0,0.0,0.0,0.0,1,0.0,0
0.0,0.0,0.0,0.172,0.0,1.02,0.0,0.0,39,0.0,0.344,0.0,0.0,0.0,0.0,0.0,11,0.0,0
0.0,0.0,0.0,0.0,2.5,0.0,0.0,0.0,41,0.0,0.151,0.0,0.0,0.0,0.0,0.0,8,0.0,0
0.0,0.0,0.0,0.0,0.0,0.0,0.0,0.0,50,0.0,0.0,0.0,0.0,0.0,0.0,0.0,11,0.0,0
1.61,0.0,0.0,0.0,0.0,0.0,0.0,0.0,63,0.0,0.533,0.0,0.0,0.0,0.0,0.0,31,0.0,0
0.0,0.0,0.0,0.0,0.0,0.19,0.0,0.0,285,0.0,0.0,0.0,0.0,0.0,0.0,0.38,81,0.0,0
3.17,0.0,0.0,0.0,3.17,0.0,0.0,0.0,12,0.0,0.0,0.0,0.0,0.0,0.0,0.0,1,0.0,0
0.0,0.0,0.0,0.0,0.0,0.0,0.0,0.0,18,0.0,0.0,0.0,0.0,0.0,0.0,9.09,9,0.0,0
0.36,0.0,0.0,0.123,2.93,0.36,0.0,0.0,157,0.0,0.0,0.36,0.0,0.36,0.0,0.73,68,0.73,0
0.0,0.0,0.0,0.903,0.0,0.0,0.0,0.0,80,0.0,0.0,0.0,0.0,0.0,0.0,0.0,14,0.0,0
0.0,0.0,0.0,0.0,0.0,0.0,0.0,0.0,4,0.0,0.0,0.0,0.0,0.0,0.0,0.0,1,0.0,0
0.0,0.0,0.0,0.0,2.58,0.0,0.0,0.0,76,0.0,0.91,0.0,0.0,0.0,0.0,0.0,9,0.0,0
1.78,0.0,0.0,0.0,3.57,0.0,0.0,0.0,29,0.0,1.194,0.0,0.0,0.0,0.0,0.0,8,0.0,0
1.26,0.0,0.0,0.0,0.94,0.0,0.0,0.0,246,0.94,0.074,0.0,0.0,0.0,0.0,0.0,39,0.31,0
0.0,0.0,0.0,0.0,0.0,0.0,0.0,0.0,4,0.0,3.571,0.0,0.0,0.0,0.0,0.0,1,0.0,0
2.38,0.0,0.0,0.0,1.58,0.0,0.0,0.0,37,0.0,0.27,0.0,0.0,0.0,0.0,0.0,13,0.0,0
0.0,0.0,0.0,0.0,0.0,0.0,0.0,0.0,4,0.0,3.225,0.0,0.0,0.0,0.0,0.0,1,0.0,0
0.0,0.0,0.0,0.763,4.65,0.0,0.0,0.0,24,0.0,0.0,0.0,0.0,0.0,0.0,0.0,6,0.0,0
1.68,0.15,0.0,0.0,2.6,0.0,0.15,0.0,326,0.15,0.069,0.0,0.0,0.0,0.0,0.0,23,0.0,0
0.32,0.0,0.0,0.0,2.92,0.0,0.0,0.0,121,0.0,0.291,0.0,0.0,0.0,0.0,0.0,15,0.0,0
0.5,0.0,0.0,0.0,2.88,0.0,0.16,0.0,136,0.16,0.561,0.0,0.0,0.0,0.0,0.0,10,0.0,0
1.09,0.0,0.0,0.0,4.94,0.0,0.0,0.0,67,0.0,0.656,0.0,0.0,0.0,0.0,0.0,5,0.0,0
0.0,0.0,0.0,0.0,14.0,0.0,0.0,0.0,11,0.0,0.0,0.0,0.0,0.0,0.0,0.0,5,0.0,0
0.27,0.0,0.0,0.0,1.25,0.0,0.0,0.0,172,0.27,0.514,0.0,0.0,0.27,0.0,0.0,17,0.0,0
0.32,0.0,0.0,0.0,1.3,0.0,0.0,0.0,244,0.0,0.149,0.0,0.0,0.16,0.0,0.0,107,0.0,0
0.0,0.0,0.0,0.0,0.48,0.0,0.0,0.0,178,0.0,0.347,0.0,0.0,0.0,0.0,0.0,107,0.0,0
0.42,0.0,0.0,0.0,0.0,0.0,0.0,0.0,195,0.0,0.0,0.21,0.0,0.0,0.0,0.0,8,0.0,0
0.0,0.0,0.0,0.0,0.23,0.0,0.0,0.0,146,0.0,0.161,0.0,0.0,0.23,0.0,0.0,7,0.0,0
0.0,0.0,0.0,0.0,4.44,0.0,0.0,0.0,14,0.0,0.0,0.0,0.0,0.0,0.0,0.0,5,0.0,0
1.01,0.0,0.0,0.0,5.05,1.01,0.0,0.0,60,0.0,0.0,0.0,0.0,0.0,0.0,0.0,55,0.0,0
1.16,0.0,0.0,0.0,1.75,0.0,0.0,0.0,80,0.0,0.376,0.0,0.0,0.0,0.58,0.0,16,0.0,0
0.0,0.0,0.0,0.0,1.98,0.0,0.0,0.0,62,0.0,0.186,0.0,0.0,0.0,0.0,0.0,15,0.0,0
1.49,0.0,0.0,0.0,1.49,0.74,0.0,0.0,59,0.0,0.0,0.0,0.0,0.0,0.0,0.0,15,0.0,0
0.0,0.0,0.0,0.0,1.43,1.43,0.0,0.0,32,0.0,0.0,0.0,0.0,0.0,0.0,0.0,2,0.0,0
0.0,0.0,0.0,0.0,1.19,0.0,0.0,0.0,56,0.0,0.0,0.0,0.0,0.0,0.0,0.0,15,0.0,0
0.0,0.0,0.0,0.0,1.01,0.0,0.0,0.0,41,0.0,0.475,0.0,0.0,1.01,0.0,0.0,15,0.0,0
0.33,0.0,0.0,0.224,2.0,0.0,0.0,0.0,108,0.0,0.224,0.0,0.0,0.0,0.0,0.33,15,0.0,0
0.0,0.0,0.0,0.0,1.62,0.0,0.0,0.0,69,0.0,0.0,0.0,0.0,0.0,0.0,0.0,27,0.0,0
0.0,0.0,0.0,0.0,5.55,0.0,0.0,0.0,2,0.0,0.0,0.0,0.0,0.0,0.0,0.0,1,0.0,0
0.59,0.0,0.0,0.0,1.19,0.0,0.0,0.0,68,0.0,0.212,0.0,0.0,0.0,0.0,0.0,11,0.0,0
1.6,0.0,0.0,0.0,3.52,0.0,0.0,0.96,86,0.0,0.128,0.0,1.6,0.0,0.0,0.0,5,0.0,0
0.0,0.0,0.0,0.0,2.45,0.81,0.0,0.0,64,0.0,0.0,0.0,0.0,0.0,0.0,0.0,5,0.0,0
0.61,0.0,0.0,0.0,1.85,0.0,0.0,0.0,70,0.0,0.098,0.0,0.0,0.0,0.0,0.61,15,0.0,0
0.0,0.0,0.0,0.0,0.0,0.0,0.0,0.0,5,0.0,0.0,0.0,0.0,0.0,0.0,0.0,1,0.0,0
0.41,0.0,0.0,0.0,2.91,0.0,0.0,0.0,40,0.0,0.0,0.0,0.0,0.0,0.0,0.0,10,0.0,0
0.81,0.0,0.0,0.0,1.22,0.4,0.0,0.0,266,0.0,0.0,0.0,0.0,0.0,0.0,0.0,70,0.0,0
0.77,0.0,0.0,0.0,2.31,0.38,0.0,0.0,289,0.0,0.162,0.0,0.0,0.0,0.0,0.0,70,0.0,0
0.55,0.0,0.0,0.0,0.55,0.27,0.0,0.0,323,0.0,0.0,0.0,0.0,0.0,0.0,0.0,70,0.0,0
3.03,0.0,0.0,0.0,3.03,3.03,0.0,0.0,67,0.0,0.0,0.0,0.0,0.0,0.0,0.0,55,0.0,0
0.37,0.0,0.0,0.0,1.13,0.37,0.0,0.0,147,0.37,0.436,0.0,0.0,0.0,0.0,0.0,55,0.0,0
1.03,0.0,0.0,0.0,4.12,0.0,0.0,0.0,16,0.0,0.0,0.0,0.0,0.0,0.0,0.0,1,0.0,0
0.63,0.0,0.0,0.0,4.73,0.63,0.0,0.0,414,0.0,0.045,0.0,0.0,0.0,0.0,0.0,97,0.0,0
0.4,0.0,0.0,0.0,0.4,0.4,0.0,0.0,300,0.0,0.0,0.0,0.0,0.4,0.0,0.0,70,0.0,0
0.44,0.0,0.0,0.0,0.44,0.44,0.0,0.0,390,0.0,0.0,0.0,0.0,0.44,0.0,0.0,122,0.0,0
0.41,0.0,0.0,0.0,1.23,0.41,0.0,0.0,265,0.0,0.114,0.0,0.0,0.0,0.0,0.0,70,0.0,0
0.72,0.0,0.0,0.0,2.18,0.72,0.0,0.0,128,0.0,0.198,0.0,0.0,0.0,0.0,0.0,59,0.0,0
0.29,0.0,0.0,0.0,1.47,0.29,0.0,0.0,333,0.0,0.471,0.0,0.0,0.0,0.0,0.0,70,0.0,0
0.39,0.0,0.0,0.0,2.65,0.26,0.0,0.0,559,0.0,0.193,0.0,0.0,0.0,0.0,0.0,70,0.0,0
0.3,0.0,0.0,0.0,0.0,0.3,0.0,0.0,314,0.0,0.178,0.0,0.0,0.0,0.0,0.0,70,0.0,0
1.23,0.0,0.0,0.0,2.71,0.49,0.0,0.0,282,0.0,0.147,0.0,0.0,0.0,0.0,0.0,55,0.0,0
1.23,0.0,0.0,0.0,2.71,0.49,0.0,0.0,282,0.0,0.147,0.0,0.0,0.0,0.0,0.0,55,0.0,0
0.87,0.0,0.0,0.0,2.19,0.0,0.0,0.0,53,0.43,0.0,0.0,0.0,0.0,0.0,0.0,5,0.0,0
1.23,0.0,0.0,0.0,2.71,0.49,0.0,0.0,282,0.0,0.147,0.0,0.0,0.0,0.0,0.0,55,0.0,0
0.61,0.0,0.0,0.0,3.09,0.61,0.0,0.0,285,0.0,0.448,0.0,0.0,0.0,0.0,0.0,70,0.0,0
0.14,0.0,0.0,0.0,0.14,0.14,0.0,0.0,422,0.0,0.022,0.0,0.0,0.0,0.0,0.0,70,0.0,0
0.44,0.0,0.0,0.0,0.0,0.44,0.0,0.0,303,0.0,0.0,0.0,0.0,0.0,0.0,0.0,70,0.0,0
0.25,0.0,0.0,0.012,0.17,0.08,0.0,0.0,605,0.0,0.012,0.0,0.0,0.17,0.0,0.08,70,0.0,0
0.0,0.0,0.0,0.0,1.7,0.0,0.0,0.0,80,0.68,0.463,0.0,0.0,0.0,0.0,0.0,11,0.0,0
0.0,0.0,0.0,0.0,2.11,0.7,0.0,0.0,101,0.0,0.336,0.0,0.0,0.0,0.0,0.0,68,0.0,0
0.0,0.0,0.0,0.0,3.84,0.0,0.0,1.28,10,0.0,0.0,0.0,0.0,0.0,0.0,0.0,2,0.0,0
0.0,0.0,0.0,0.0,3.41,0.0,0.0,0.31,28,0.0,0.225,0.0,0.0,0.0,0.0,0.0,4,0.0,0
1.51,0.0,0.0,0.0,3.03,0.0,0.0,0.0,74,0.0,0.055,0.0,0.0,0.0,0.0,0.0,7,0.0,0
0.51,0.0,0.0,0.0,2.19,0.12,0.0,0.0,131,0.0,0.023,0.0,0.0,0.25,0.0,0.0,5,0.0,0
0.0,0.0,0.0,0.0,1.29,0.0,0.0,0.0,45,0.0,0.232,0.0,0.0,0.0,0.64,0.0,6,0.0,0
0.0,0.0,0.0,0.0,2.23,0.0,0.0,0.0,72,0.0,0.552,0.0,0.0,0.0,0.74,0.0,16,0.0,0
2.12,0.0,0.0,0.0,2.12,0.0,0.0,0.0,160,0.0,0.0,0.0,0.0,0.0,0.0,0.0,73,0.0,0
0.0,0.0,0.0,0.0,2.77,0.0,0.0,0.0,8,0.0,0.0,0.0,0.0,0.0,0.0,0.0,1,0.0,0
0.0,0.0,0.0,0.0,3.12,0.0,0.0,0.0,5,0.0,0.467,0.0,0.0,0.0,0.0,0.0,1,0.0,0
0.0,0.0,0.0,0.0,3.44,0.0,0.0,0.0,8,0.0,0.0,0.0,0.0,0.0,0.0,0.0,4,0.0,0
0.51,0.0,0.0,0.038,1.78,0.25,0.25,0.0,207,0.0,0.0,0.0,0.0,0.25,0.0,0.0,17,0.0,0
0.0,0.0,0.0,0.0,2.46,0.0,0.0,0.0,53,0.0,19.131,0.0,0.0,0.0,0.0,0.0,48,0.0,0
0.67,0.0,0.0,0.0,2.34,0.0,0.0,0.0,135,0.83,0.0,0.0,0.0,0.16,0.0,0.0,16,0.16,0
0.95,0.0,0.0,0.0,1.9,0.0,0.0,0.0,49,0.0,5.78,0.0,0.0,0.0,0.0,0.0,15,0.0,0
3.61,0.0,0.0,0.0,4.81,0.0,0.0,0.0,13,0.0,0.0,0.0,0.0,1.2,0.0,0.0,3,0.0,0
0.0,0.0,0.0,0.0,6.66,0.0,0.0,0.0,5,0.0,32.478,0.0,0.0,0.0,0.0,0.0,3,0.0,0
0.0,0.0,0.0,0.0,6.02,0.0,0.0,0.0,51,0.0,7.707,0.0,0.0,0.0,0.0,0.0,15,0.0,0
1.92,0.0,0.0,0.0,1.92,0.0,0.0,0.0,40,0.0,0.0,0.0,0.0,0.0,0.0,0.0,15,0.0,0
1.17,0.0,0.0,0.0,7.05,0.0,0.0,0.0,45,0.0,0.0,0.0,0.0,0.0,0.0,0.0,15,0.0,0
0.0,0.0,0.0,0.0,0.0,0.0,0.0,4.34,7,0.0,0.0,0.0,0.0,0.0,0.0,0.0,3,0.0,0
0.0,0.0,0.0,0.0,3.33,0.0,0.0,1.66,39,0.0,0.0,0.0,0.0,0.0,0.0,0.0,15,0.0,0
0.0,0.0,0.0,0.0,5.45,0.0,0.0,1.81,3,0.0,0.0,0.0,0.0,0.0,0.0,0.0,2,0.0,0
0.89,0.0,0.0,0.0,2.67,0.0,0.0,0.89,29,0.0,0.149,0.0,0.0,0.44,0.0,0.0,2,0.0,0
0.0,0.0,0.0,0.0,1.42,0.0,0.0,0.0,42,0.0,0.175,0.0,0.0,0.0,0.0,0.0,7,0.0,0
0.0,0.0,0.0,0.0,2.3,0.0,0.0,0.0,144,0.0,0.54,0.0,0.0,0.38,0.0,0.0,15,0.0,0
0.26,0.0,0.0,0.0,2.66,0.0,0.0,0.0,77,0.0,0.0,0.0,0.0,0.26,0.0,0.0,5,0.0,0
0.0,0.0,0.0,0.0,8.57,0.0,0.0,0.0,7,0.0,0.0,0.0,0.0,0.0,0.0,0.0,1,0.0,0
0.0,0.0,0.0,0.0,2.83,0.0,0.0,0.0,65,0.0,0.0,0.0,0.0,0.0,0.0,0.0,15,0.0,0
0.0,0.0,0.0,0.0,4.0,0.0,0.0,0.0,6,0.0,0.0,0.0,0.0,0.0,0.0,0.0,1,0.0,0
0.0,0.0,0.0,0.0,4.54,0.0,0.0,0.0,1,0.0,0.684,0.0,0.0,0.0,0.0,0.0,1,0.0,0
0.37,0.0,0.0,0.135,3.33,0.0,0.0,1.48,23,0.0,0.135,0.0,0.0,0.0,0.0,0.37,4,0.0,0
0.28,0.0,0.0,0.147,3.17,0.57,0.0,0.57,55,0.0,0.049,0.0,0.0,0.0,0.0,0.0,2,0.0,0
4.16,0.0,0.0,0.0,6.25,0.0,0.0,0.0,1,0.0,0.0,0.0,0.0,0.0,0.0,0.0,1,0.0,0
0.0,0.0,0.0,0.0,0.31,0.0,0.0,0.0,311,0.0,0.112,0.0,0.0,0.0,0.0,0.0,23,0.0,0
0.46,0.34,0.0,0.068,0.81,0.0,0.0,0.0,499,0.34,0.017,0.34,0.0,0.0,0.11,0.0,35,0.0,0
0.08,0.0,0.0,0.0,0.87,0.0,0.0,0.0,1315,0.0,0.027,0.0,0.0,0.0,0.0,0.0,124,0.0,0
0.0,0.0,0.0,0.0,1.47,0.0,0.0,0.0,61,0.0,0.0,0.0,0.0,0.0,0.0,0.0,11,0.0,0
0.8,0.0,0.0,0.0,4.8,0.0,0.0,0.0,18,0.0,0.0,0.0,0.0,0.0,0.0,0.0,1,0.0,0
3.1,0.0,0.0,0.0,0.0,0.62,0.0,0.0,294,0.0,0.288,0.0,0.0,0.0,0.0,0.0,116,0.0,0
0.58,0.0,0.0,0.0,5.09,0.78,0.0,0.0,122,0.0,0.444,0.0,0.0,0.19,0.0,0.0,8,0.0,0
0.0,0.0,0.0,0.0,1.31,0.0,0.0,0.0,33,0.0,0.0,0.0,0.0,0.0,0.0,0.0,3,0.0,0
1.06,0.0,0.0,0.0,7.47,0.0,0.0,0.0,40,0.0,0.0,0.0,0.0,0.0,0.0,0.0,1,0.0,0
0.58,0.0,0.0,0.0,4.38,0.29,0.0,0.0,55,0.0,0.0,0.0,0.0,0.0,0.0,0.0,3,0.0,0
0.0,0.0,0.0,0.0,2.5,0.0,0.0,0.0,34,0.0,0.594,0.0,0.0,0.0,0.0,0.0,16,0.0,0
0.0,0.0,0.0,0.0,2.19,0.0,0.0,0.0,51,0.0,0.0,0.0,0.0,0.0,0.0,0.0,15,0.0,0
0.0,0.0,0.0,0.0,0.0,0.0,0.0,0.0,54,0.0,0.0,0.0,0.0,0.0,0.0,0.0,15,0.0,0
0.0,0.0,0.0,0.0,4.1,0.0,0.0,0.0,27,0.0,0.234,0.0,0.0,0.0,0.0,0.0,15,0.0,0
0.0,0.0,0.0,0.0,3.8,0.0,0.0,0.0,50,0.0,0.175,0.0,0.0,0.0,0.0,0.0,15,0.0,0
0.71,0.0,0.0,0.0,1.79,0.0,0.0,0.35,61,0.35,0.0,0.0,0.0,0.35,0.0,0.0,8,0.0,0
0.0,0.0,0.0,0.0,3.17,0.0,0.0,3.17,29,0.0,0.0,0.0,0.0,0.0,0.0,0.0,14,0.0,0
1.61,0.0,0.0,0.0,1.61,0.0,0.0,0.0,53,0.0,0.0,0.0,0.0,0.0,0.0,0.0,15,0.0,0
1.49,0.0,0.0,0.0,1.49,0.0,0.0,0.0,34,0.0,0.0,0.0,0.0,0.74,0.0,0.0,3,0.0,0
0.78,0.0,0.0,0.0,2.36,0.0,0.0,0.0,30,0.0,0.0,0.0,0.78,0.0,0.0,0.0,8,0.0,0
1.28,0.0,0.0,0.0,3.84,0.0,0.0,0.0,58,0.0,1.548,0.0,0.0,0.0,0.0,0.0,14,0.0,0
2.38,0.0,0.0,0.809,2.38,0.0,0.0,2.38,27,0.0,0.809,0.0,2.38,0.0,0.0,0.0,11,0.0,0
0.0,0.0,0.0,0.0,0.0,0.0,0.0,0.0,50,0.0,0.0,0.0,0.0,0.0,0.0,0.0,15,0.0,0
0.0,0.0,0.0,0.0,3.22,0.0,0.0,0.64,103,0.0,1.16,0.0,0.0,0.0,0.0,0.0,15,0.0,0
0.0,0.0,0.0,0.277,0.74,0.0,0.0,0.0,68,0.0,0.0,0.0,0.0,0.0,0.0,0.0,15,0.0,0
0.0,0.0,0.0,0.0,1.01,0.0,0.0,0.0,70,0.0,0.0,0.0,0.0,0.0,0.0,0.0,15,0.0,0
0.35,0.0,0.0,0.0,2.15,0.0,0.0,0.0,145,0.0,0.021,0.0,0.0,0.11,0.0,0.0,5,0.0,0
0.0,0.0,0.0,0.0,2.13,0.0,0.0,0.0,180,0.0,0.0,0.0,0.0,0.0,0.0,0.0,15,0.0,0
0.0,0.0,0.0,0.0,1.58,0.0,0.0,0.0,164,0.0,0.0,0.0,0.0,0.0,0.0,0.0,16,0.0,0
0.0,0.0,0.0,0.46,2.45,0.0,0.0,0.0,73,0.0,0.0,0.0,0.0,0.0,0.0,0.0,15,0.0,0
0.0,0.0,0.0,0.0,2.17,0.0,0.0,0.0,105,0.0,0.0,0.0,0.0,0.0,0.0,0.0,15,0.0,0
0.0,0.0,0.0,0.0,3.79,0.0,0.0,0.0,1,0.0,0.0,0.0,0.0,0.0,0.0,0.0,1,0.0,0
0.0,0.0,0.0,0.0,0.0,0.0,0.0,0.0,50,0.0,0.0,0.0,0.0,0.0,0.0,0.0,15,0.0,0
0.0,0.0,0.0,0.0,1.76,0.0,0.0,0.0,37,0.0,0.125,0.0,0.0,0.0,0.0,0.0,5,0.0,0
0.86,0.0,0.0,0.0,2.58,0.0,0.0,0.0,52,0.0,0.152,0.0,0.0,0.0,0.0,0.0,14,0.0,0
0.0,0.0,0.0,0.0,0.91,0.0,0.0,0.0,329,0.0,0.0,0.0,0.0,0.0,0.0,0.0,19,0.0,0
0.98,0.0,0.0,0.0,0.98,0.0,0.0,0.19,537,0.0,0.028,0.0,0.0,0.0,0.0,0.0,15,0.0,0
2.0,0.0,0.0,0.0,4.0,0.0,0.0,0.0,9,0.0,0.0,0.0,0.0,0.0,0.0,0.0,1,0.0,0
3.35,0.0,0.0,0.0,4.02,0.0,0.0,0.0,82,0.0,0.112,0.0,0.0,0.0,0.0,0.0,15,0.0,0
0.38,0.0,0.0,0.046,1.35,0.09,0.19,0.0,267,0.0,0.0,0.0,0.0,0.29,0.0,0.0,17,0.0,0
0.0,0.0,0.0,0.079,0.0,0.0,0.0,0.0,98,0.0,0.0,0.0,0.0,0.0,0.0,0.0,15,0.0,0
0.0,0.0,0.0,0.0,0.0,0.0,0.0,0.0,68,0.0,0.0,0.0,0.0,0.0,0.0,0.0,12,0.0,0
0.42,0.0,0.0,0.0,1.91,0.0,0.0,0.0,14,0.21,0.0,0.0,0.0,0.0,0.0,0.0,3,0.0,0
0.37,0.0,0.0,0.0,3.73,0.0,0.0,0.0,14,0.0,0.066,0.0,0.0,0.37,0.0,0.0,4,0.0,0
2.64,0.0,0.0,0.0,4.29,0.0,0.0,0.0,15,0.0,0.0,0.0,0.0,0.0,0.0,0.0,3,0.0,0
0.0,0.0,0.0,0.0,1.42,0.0,0.0,0.0,25,0.2,0.018,0.0,0.0,0.1,0.0,0.0,4,0.0,0
0.12,0.0,0.0,0.0,1.58,0.0,0.0,0.0,76,0.12,0.0,0.0,0.0,0.24,0.0,0.0,12,0.0,0
0.0,0.0,0.0,0.0,0.0,0.0,0.0,0.0,21,0.0,0.0,0.0,0.0,0.0,0.0,0.0,4,0.0,0
1.86,0.0,0.0,0.0,2.33,0.0,0.0,0.0,38,0.0,0.0,0.0,0.0,0.0,0.0,0.0,3,0.0,0
0.0,0.0,0.0,0.0,5.26,0.0,0.0,0.0,5,0.0,0.0,0.0,0.0,0.0,0.0,0.0,3,0.0,0
0.0,0.0,0.0,0.0,5.06,0.0,0.0,0.0,32,0.0,0.0,0.0,0.0,0.0,0.0,0.0,5,0.0,0
1.92,0.0,0.0,0.0,3.84,1.92,0.0,0.0,29,0.0,0.0,0.0,0.0,0.0,0.0,0.0,5,0.0,0
0.0,0.0,0.0,0.0,0.0,0.0,0.0,0.0,9,0.0,0.0,0.0,0.0,0.0,0.0,0.0,1,0.0,0
0.0,0.0,0.0,0.0,0.0,0.0,0.0,0.0,11,0.0,0.0,0.0,0.0,0.0,0.0,0.0,4,0.0,0
0.0,0.0,0.0,0.0,0.0,0.0,0.0,0.0,32,0.0,0.0,0.0,0.0,0.0,0.0,0.0,18,0.0,0
0.0,0.0,0.0,0.0,1.25,0.0,0.0,0.0,27,0.0,0.0,0.0,0.0,0.0,0.0,0.0,4,0.0,0
0.0,0.0,0.0,0.0,0.0,0.0,0.0,0.0,6,0.0,0.0,0.0,0.0,0.0,0.0,0.0,1,0.0,0
0.0,0.0,0.0,0.0,0.0,0.0,0.0,0.0,25,0.0,0.0,0.0,0.0,0.0,0.0,0.0,5,0.0,0
7.4,0.0,0.0,0.0,3.7,0.0,0.0,0.0,8,0.0,0.0,0.0,0.0,0.0,0.0,0.0,4,0.0,0
0.42,0.0,0.0,0.0,2.14,0.21,0.0,0.0,106,0.0,0.039,0.0,0.0,0.0,0.0,0.0,6,0.0,0
0.0,0.0,0.0,0.0,8.33,0.0,0.0,0.0,2,0.0,0.0,0.0,0.0,0.0,0.0,0.0,1,0.0,0
0.0,0.0,0.0,0.0,0.0,0.0,0.0,0.0,25,0.0,0.0,0.0,0.0,0.0,0.0,0.0,4,0.0,0
0.0,0.0,0.0,0.0,0.0,0.0,0.0,0.0,10,0.0,0.0,0.0,0.0,0.0,0.0,0.0,3,0.0,0
0.0,0.0,0.0,0.0,0.93,0.93,0.0,0.0,65,0.0,0.0,0.0,0.0,0.0,0.0,0.0,15,0.0,0
0.0,0.0,0.0,0.0,0.8,0.0,0.0,0.0,57,0.0,0.0,0.0,0.0,0.0,0.0,0.0,15,0.0,0
0.0,0.0,0.0,0.0,0.0,0.0,0.0,0.0,5,0.0,0.0,0.0,0.0,0.0,0.0,0.0,2,0.0,0
0.0,0.0,0.0,0.0,0.0,0.0,0.0,0.0,7,0.0,0.0,0.0,0.0,0.0,0.0,0.0,5,0.0,0
0.97,0.0,0.0,0.0,2.91,0.0,0.0,0.0,12,0.0,0.0,0.0,0.0,0.0,0.0,0.0,6,0.0,0
0.0,0.0,0.0,0.0,1.6,0.0,0.0,0.0,14,0.0,0.0,0.0,0.0,0.8,0.8,0.0,2,0.0,0
0.0,0.0,0.0,0.0,0.0,0.0,0.0,0.0,4,0.0,0.0,0.0,0.0,0.0,0.0,0.0,3,0.0,0
0.0,0.0,0.0,0.0,1.43,0.0,0.0,0.0,43,0.0,0.168,0.0,0.0,0.0,0.0,0.0,5,0.0,0
0.0,0.0,0.0,0.0,0.0,0.0,0.0,0.0,60,0.0,0.0,0.0,0.0,0.0,0.0,0.0,18,0.0,0
0.0,0.0,0.0,0.0,0.0,0.0,0.0,0.0,4,0.0,0.0,0.0,0.0,0.0,0.0,0.0,3,0.0,0
0.0,0.0,0.0,0.0,0.66,0.0,0.0,0.0,75,0.0,0.116,0.0,0.0,0.0,0.0,0.0,5,0.0,0
1.88,0.0,0.0,0.0,4.8,0.0,0.0,0.0,69,0.34,0.065,0.0,0.0,0.34,0.0,0.0,5,0.0,0
0.0,0.0,0.0,0.0,2.77,0.0,0.0,0.0,10,0.0,0.0,0.0,0.0,0.0,0.0,0.0,1,0.0,0
0.0,0.0,0.0,0.0,1.38,0.0,0.0,0.0,93,0.69,0.0,0.0,0.0,0.0,0.0,0.0,15,0.0,0
0.0,0.1,0.0,0.008,0.64,0.05,0.05,0.0,244,0.1,0.0,0.0,0.0,0.1,0.0,0.0,12,0.0,0
0.83,0.0,0.0,0.0,4.45,0.0,0.0,0.0,54,0.0,0.0,0.0,0.0,0.0,0.0,0.0,4,0.0,0
0.0,0.0,0.0,0.0,0.0,0.0,0.0,0.0,7,0.0,0.0,0.0,0.0,0.0,0.0,0.0,1,0.0,0
2.12,0.0,0.0,0.0,10.63,0.0,0.0,0.0,7,0.0,0.0,0.0,0.0,0.0,0.0,0.0,1,0.0,0
2.04,0.0,0.0,0.0,3.06,0.0,0.0,0.0,28,0.0,0.0,0.0,0.0,0.0,0.0,0.0,5,0.0,0
1.64,0.0,0.0,0.0,4.39,0.0,0.0,0.0,59,0.54,0.0,0.0,0.0,0.0,0.0,0.0,11,0.0,0
0.93,0.0,0.0,0.0,2.71,0.0,0.0,0.0,128,0.28,0.0,0.0,0.0,0.28,0.09,0.0,3,0.0,0
0.0,0.0,0.0,0.0,1.82,0.0,0.0,0.0,55,0.0,0.0,0.6,0.0,0.0,0.0,0.0,11,0.0,0
0.22,0.0,0.0,0.0,1.35,0.0,0.0,0.0,78,0.45,0.0,0.0,0.0,0.0,0.0,0.0,3,0.0,0
0.14,0.0,0.0,0.0,2.41,0.0,0.0,0.0,108,0.0,0.0,0.0,0.0,0.56,0.0,0.0,5,0.0,0
0.0,0.0,0.0,0.0,1.34,0.0,0.0,0.0,90,0.67,0.0,0.0,0.0,0.0,0.0,0.0,15,0.0,0
0.75,0.0,0.0,0.0,6.28,0.0,0.0,0.0,42,0.25,0.0,0.0,0.0,0.0,0.0,0.0,1,0.0,0
0.5,0.0,0.0,0.087,2.53,0.5,0.0,0.0,38,0.0,0.0,0.0,0.0,0.0,0.0,0.0,3,0.0,0
0.23,0.0,0.0,0.0,1.63,0.23,0.0,0.0,98,0.23,0.082,0.0,0.0,0.23,0.0,0.0,5,0.0,0
0.0,0.0,0.0,0.0,0.0,0.0,0.0,0.0,13,0.0,0.0,0.0,0.0,0.0,0.0,0.0,1,0.0,0
0.56,0.0,0.0,0.0,2.06,0.0,0.0,0.0,137,0.18,0.099,0.0,0.0,0.18,0.0,0.0,11,0.0,0
0.29,0.0,0.0,0.0,3.86,0.29,0.0,0.0,61,0.0,0.0,0.0,0.0,0.0,0.0,0.0,6,0.0,0
0.0,0.0,0.0,0.0,0.0,0.0,0.0,0.0,43,0.0,0.0,0.0,0.0,0.0,0.0,0.0,11,0.0,0
0.0,0.0,0.0,0.0,1.49,0.0,0.0,0.0,64,0.0,0.0,0.0,0.0,0.0,0.0,0.0,5,0.0,0
2.4,0.0,0.0,0.0,3.61,0.0,0.0,0.0,24,0.0,0.0,0.0,0.0,0.0,0.0,0.0,3,0.0,0
0.0,0.0,0.0,0.0,0.8,0.0,0.0,0.0,70,0.0,0.0,0.0,0.0,0.0,0.0,0.4,5,0.0,0
0.1,0.0,0.0,0.0,0.97,0.0,0.0,0.0,1789,0.0,0.055,0.0,0.0,0.0,0.0,0.0,43,0.0,0
0.0,0.0,0.0,0.0,0.0,0.0,0.0,0.0,11,0.0,0.0,0.0,0.0,0.0,0.0,0.0,5,0.0,0
1.02,0.0,0.0,0.0,3.06,0.0,0.0,0.0,46,0.0,0.091,0.0,0.0,0.51,0.0,0.0,4,0.0,0
0.0,0.0,0.0,0.0,0.89,0.0,0.0,0.0,19,0.0,0.0,0.0,0.0,0.0,0.0,0.0,3,0.0,0
0.0,0.0,0.0,0.0,1.85,0.0,0.0,0.0,70,0.0,0.0,0.0,0.0,0.0,0.0,0.0,13,0.0,0
0.45,0.0,0.0,0.0,1.83,0.0,0.0,0.0,123,0.0,0.041,0.0,0.0,0.22,0.0,0.0,7,0.0,0
0.0,0.0,0.0,0.0,9.52,0.0,0.0,0.0,11,0.0,0.0,0.0,0.0,0.0,0.0,0.0,4,0.0,0
0.36,0.0,0.0,0.0,1.47,0.0,0.36,0.0,174,0.36,0.0,0.0,0.0,0.0,0.0,0.0,21,0.0,0
0.0,0.0,0.0,0.125,0.71,0.0,0.0,0.0,28,0.0,0.0,0.0,0.0,0.0,0.0,0.0,4,0.0,0
0.0,0.0,0.0,0.0,0.0,0.0,0.0,0.0,10,0.0,0.0,0.0,0.0,0.0,0.0,0.0,2,0.0,0
0.54,0.0,0.0,0.0,0.54,0.0,0.0,0.0,22,0.54,0.0,0.0,0.0,0.0,0.0,0.0,1,0.0,0
0.58,0.0,0.0,0.0,2.9,0.58,0.0,0.0,79,0.0,0.0,0.0,0.0,0.0,0.0,0.0,11,0.0,0
0.0,0.0,0.0,0.0,6.89,0.0,0.0,0.0,8,0.0,0.0,0.0,0.0,0.0,0.0,0.0,1,0.0,0
0.0,0.0,0.0,0.0,0.62,0.0,0.0,0.0,27,2.5,0.0,0.0,0.0,0.0,0.0,0.0,4,0.0,0
0.0,0.0,0.0,0.0,0.0,0.0,0.0,0.0,6,0.0,1.052,0.0,0.0,0.0,0.0,0.0,1,0.0,0
0.0,0.0,0.0,0.0,6.45,0.0,0.0,0.0,19,0.0,0.0,0.0,0.0,0.0,0.0,0.0,5,0.0,0
1.19,0.0,0.0,0.0,3.57,0.0,0.0,0.0,24,0.0,0.0,0.0,0.0,0.0,0.0,0.0,1,0.0,0
0.0,0.0,0.0,0.0,0.62,0.0,0.0,0.0,88,0.0,0.0,0.0,0.0,0.31,0.0,0.0,3,0.0,0
2.0,0.0,0.0,0.0,6.0,0.0,0.0,0.0,14,0.0,0.353,0.0,0.0,0.0,0.0,0.0,4,0.0,0
0.3,0.0,0.0,0.0,1.5,0.0,0.0,0.0,118,0.0,0.0,0.0,0.0,0.0,0.0,0.0,6,0.0,0
0.32,0.0,0.0,0.0,1.93,0.0,0.0,0.0,78,0.32,0.0,0.0,0.0,0.0,0.0,0.0,5,0.0,0
0.65,0.0,0.0,0.0,4.6,0.0,0.0,0.0,40,0.0,0.125,0.0,0.0,0.0,0.0,0.0,5,0.0,0
