gender,age_at_diagnosis,race,idh1,tp53,atrx,pten,egfr,cic,muc16,pik3ca,nf1,pik3r1,fubp1,rb1,notch1,bcor,csmd3,smarca4,grin2a,idh2,fat4,pdgfra,label
male,51.3,white,mutated,not_mutated,not_mutated,not_mutated,not_mutated,not_mutated,not_mutated,mutated,not_mutated,not_mutated,mutated,not_mutated,not_mutated,not_mutated,not_mutated,not_mutated,not_mutated,not_mutated,not_mutated,not_mutated,0
male,38.72,white,mutated,not_mutated,not_mutated,not_mutated,not_mutated,mutated,not_mutated,not_mutated,not_mutated,not_mutated,not_mutated,not_mutated,not_mutated,not_mutated,not_mutated,not_mutated,not_mutated,not_mutated,not_mutated,not_mutated,0
male,35.17,white,mutated,mutated,mutated,not_mutated,not_mutated,not_mutated,not_mutated,not_mutated,not_mutated,not_mutated,not_mutated,not_mutated,not_mutated,not_mutated,not_mutated,not_mutated,not_mutated,not_mutated,not_mutated,not_mutated,0
female,32.78,white,mutated,mutated,mutated,not_mutated,not_mutated,not_mutated,mutated,not_mutated,not_mutated,mutated,not_mutated,not_mutated,not_mutated,not_mutated,not_mutated,not_mutated,not_mutated,not_mutated,mutated,not_mutated,0
male,31.51,white,mutated,mutated,mutated,not_mutated,not_mutated,not_mutated,not_mutated,not_mutated,not_mutated,not_mutated,not_mutated,not_mutated,not_mutated,not_mutated,not_mutated,not_mutated,not_mutated,not_mutated,not_mutated,not_mutated,0
female,33.21,white,mutated,not_mutated,mutated,not_mutated,not_mutated,not_mutated,not_mutated,not_mutated,not_mutated,not_mutated,not_mutated,not_mutated,not_mutated,not_mutated,not_mutated,not_mutated,not_mutated,not_mutated,not_mutated,not_mutated,0
female,35.19,white,mutated,mutated,not_mutated,not_mutated,not_mutated,not_mutated,not_mutated,not_mutated,not_mutated,not_mutated,not_mutated,not_mutated,not_mutated,not_mutated,not_mutated,not_mutated,not_mutated,not_mutated,not_mutated,not_mutated,0
female,44.65,white,mutated,mutated,mutated,not_mutated,not_mutated,not_mutated,not_mutated,not_mutated,not_mutated,not_mutated,not_mutated,not_mutated,not_mutated,not_mutated,not_mutated,not_mutated,not_mutated,not_mutated,not_mutated,not_mutated,0
female,33.96,white,mutated,mutated,mutated,not_mutated,not_mutated,not_mutated,not_mutated,not_mutated,not_mutated,not_mutated,not_mutated,not_mutated,not_mutated,not_mutated,not_mutated,not_mutated,not_mutated,not_mutated,not_mutated,not_mutated,0
male,87.0,white,not_mutated,not_mutated,not_mutated,not_mutated,not_mutated,not_mutated,not_mutated,not_mutated,not_mutated,not_mutated,not_mutated,not_mutated,not_mutated,not_mutated,not_mutated,not_mutated,not_mutated,not_mutated,not_mutated,not_mutated,0
male,51.9,asian,not_mutated,not_mutated,not_mutated,not_mutated,not_mutated,not_mutated,not_mutated,not_mutated,not_mutated,not_mutated,not_mutated,not_mutated,not_mutated,not_mutated,not_mutated,not_mutated,not_mutated,not_mutated,not_mutated,not_mutated,0
male,54.26,white,mutated,not_mutated,not_mutated,not_mutated,not_mutated,mutated,not_mutated,mutated,not_mutated,mutated,not_mutated,not_mutated,mutated,not_mutated,not_mutated,not_mutated,not_mutated,not_mutated,not_mutated,not_mutated,0
male,52.59,white,not_mutated,not_mutated,not_mutated,mutated,not_mutated,not_mutated,not_mutated,not_mutated,mutated,not_mutated,not_mutated,not_mutated,not_mutated,not_mutated,not_mutated,not_mutated,not_mutated,not_mutated,mutated,not_mutated,0
male,47.34,white,mutated,mutated,mutated,not_mutated,not_mutated,not_mutated,not_mutated,not_mutated,not_mutated,not_mutated,not_mutated,not_mutated,not_mutated,not_mutated,not_mutated,not_mutated,not_mutated,not_mutated,not_mutated,not_mutated,0
male,34.36,white,not_mutated,not_mutated,not_mutated,not_mutated,not_mutated,not_mutated,not_mutated,not_mutated,mutated,not_mutated,not_mutated,not_mutated,mutated,not_mutated,not_mutated,not_mutated,not_mutated,mutated,not_mutated,not_mutated,0
female,40.53,white,mutated,not_mutated,mutated,not_mutated,not_mutated,not_mutated,not_mutated,not_mutated,not_mutated,not_mutated,not_mutated,not_mutated,not_mutated,not_mutated,not_mutated,not_mutated,not_mutated,not_mutated,not_mutated,not_mutated,0
female,53.96,white,mutated,not_mutated,not_mutated,not_mutated,not_mutated,not_mutated,not_mutated,not_mutated,not_mutated,not_mutated,not_mutated,not_mutated,not_mutated,not_mutated,not_mutated,not_mutated,not_mutated,not_mutated,not_mutated,not_mutated,0
female,41.19,white,mutated,not_mutated,not_mutated,not_mutated,not_mutated,not_mutated,not_mutated,mutated,not_mutated,not_mutated,not_mutated,not_mutated,not_mutated,not_mutated,not_mutated,not_mutated,not_mutated,not_mutated,not_mutated,not_mutated,0
female,43.44,white,mutated,mutated,mutated,not_mutated,not_mutated,not_mutated,not_mutated,not_mutated,not_mutated,not_mutated,not_mutated,not_mutated,not_mutated,not_mutated,not_mutated,not_mutated,not_mutated,not_mutated,not_mutated,not_mutated,0
female,37.44,white,mutated,mutated,mutated,not_mutated,not_mutated,not_mutated,not_mutated,not_mutated,not_mutated,not_mutated,not_mutated,not_mutated,not_mutated,not_mutated,not_mutated,not_mutated,not_mutated,not_mutated,not_mutated,not_mutated,0
female,47.47,white,mutated,mutated,not_mutated,not_mutated,not_mutated,not_mutated,not_mutated,not_mutated,not_mutated,not_mutated,not_mutated,not_mutated,not_mutated,not_mutated,not_mutated,not_mutated,not_mutated,not_mutated,not_mutated,not_mutated,0
female,31.02,black_or_african_american,mutated,mutated,mutated,not_mutated,not_mutated,not_mutated,not_mutated,not_mutated,not_mutated,not_mutated,not_mutated,not_mutated,not_mutated,not_mutated,not_mutated,not_mutated,not_mutated,not_mutated,not_mutated,not_mutated,0
male,25.52,white,mutated,mutated,mutated,not_mutated,not_mutated,not_mutated,not_mutated,not_mutated,not_mutated,not_mutated,not_mutated,not_mutated,not_mutated,not_mutated,not_mutated,not_mutated,not_mutated,not_mutated,not_mutated,not_mutated,0
male,66.84,white,not_mutated,mutated,not_mutated,not_mutated,not_mutated,not_mutated,not_mutated,mutated,not_mutated,not_mutated,not_mutated,not_mutated,not_mutated,not_mutated,not_mutated,not_mutated,not_mutated,not_mutated,not_mutated,not_mutated,0
male,56.68,asian,not_mutated,not_mutated,not_mutated,not_mutated,not_mutated,not_mutated,not_mutated,not_mutated,not_mutated,mutated,not_mutated,not_mutated,not_mutated,not_mutated,not_mutated,not_mutated,not_mutated,not_mutated,not_mutated,not_mutated,0
male,35.99,white,not_mutated,not_mutated,not_mutated,not_mutated,not_mutated,not_mutated,not_mutated,mutated,not_mutated,not_mutated,not_mutated,not_mutated,not_mutated,not_mutated,not_mutated,not_mutated,not_mutated,mutated,not_mutated,not_mutated,0
male,51.99,white,mutated,not_mutated,not_mutated,not_mutated,not_mutated,mutated,not_mutated,not_mutated,not_mutated,not_mutated,not_mutated,not_mutated,not_mutated,not_mutated,not_mutated,not_mutated,not_mutated,not_mutated,not_mutated,not_mutated,0
male,37.09,white,mutated,not_mutated,not_mutated,not_mutated,not_mutated,not_mutated,not_mutated,not_mutated,not_mutated,not_mutated,not_mutated,not_mutated,not_mutated,not_mutated,not_mutated,not_mutated,not_mutated,not_mutated,not_mutated,not_mutated,0
male,54.5,white,not_mutated,mutated,mutated,not_mutated,not_mutated,not_mutated,mutated,not_mutated,not_mutated,not_mutated,not_mutated,not_mutated,mutated,not_mutated,not_mutated,not_mutated,not_mutated,not_mutated,not_mutated,not_mutated,0
male,32.21,white,not_mutated,mutated,mutated,not_mutated,not_mutated,not_mutated,mutated,not_mutated,not_mutated,not_mutated,not_mutated,not_mutated,not_mutated,not_mutated,not_mutated,not_mutated,not_mutated,mutated,not_mutated,not_mutated,0
female,65.08,white,not_mutated,not_mutated,not_mutated,mutated,not_mutated,not_mutated,not_mutated,not_mutated,not_mutated,not_mutated,not_mutated,not_mutated,not_mutated,not_mutated,not_mutated,not_mutated,not_mutated,not_mutated,not_mutated,not_mutated,0
male,43.36,white,mutated,mutated,not_mutated,not_mutated,not_mutated,not_mutated,not_mutated,not_mutated,not_mutated,not_mutated,not_mutated,not_mutated,not_mutated,not_mutated,not_mutated,not_mutated,not_mutated,not_mutated,not_mutated,not_mutated,0
female,51.16,white,not_mutated,not_mutated,not_mutated,not_mutated,not_mutated,not_mutated,not_mutated,mutated,not_mutated,not_mutated,not_mutated,not_mutated,not_mutated,not_mutated,not_mutated,not_mutated,not_mutated,not_mutated,not_mutated,not_mutated,0
male,43.61,white,mutated,not_mutated,not_mutated,not_mutated,not_mutated,mutated,not_mutated,mutated,not_mutated,not_mutated,mutated,not_mutated,not_mutated,not_mutated,not_mutated,not_mutated,not_mutated,not_mutated,not_mutated,not_mutated,0
male,25.59,white,mutated,not_mutated,not_mutated,not_mutated,not_mutated,mutated,not_mutated,not_mutated,not_mutated,not_mutated,not_mutated,not_mutated,not_mutated,not_mutated,not_mutated,not_mutated,not_mutated,not_mutated,not_mutated,not_mutated,0
female,45.07,white,mutated,not_mutated,not_mutated,not_mutated,not_mutated,mutated,not_mutated,not_mutated,not_mutated,not_mutated,not_mutated,not_mutated,not_mutated,not_mutated,not_mutated,not_mutated,not_mutated,not_mutated,not_mutated,not_mutated,0
female,50.42,white,mutated,not_mutated,not_mutated,not_mutated,not_mutated,mutated,not_mutated,not_mutated,not_mutated,not_mutated,mutated,not_mutated,not_mutated,not_mutated,not_mutated,not_mutated,not_mutated,not_mutated,not_mutated,not_mutated,0
male,27.45,white,mutated,not_mutated,not_mutated,not_mutated,not_mutated,not_mutated,not_mutated,not_mutated,not_mutated,not_mutated,not_mutated,not_mutated,mutated,not_mutated,not_mutated,not_mutated,not_mutated,not_mutated,not_mutated,not_mutated,0
female,53.69,white,mutated,mutated,not_mutated,not_mutated,not_mutated,not_mutated,not_mutated,not_mutated,not_mutated,mutated,mutated,not_mutated,mutated,not_mutated,not_mutated,not_mutated,not_mutated,not_mutated,not_mutated,not_mutated,0
female,46.39,white,not_mutated,not_mutated,not_mutated,not_mutated,not_mutated,not_mutated,not_mutated,not_mutated,not_mutated,not_mutated,not_mutated,not_mutated,not_mutated,not_mutated,not_mutated,not_mutated,not_mutated,not_mutated,not_mutated,not_mutated,0
female,24.65,white,mutated,not_mutated,mutated,not_mutated,not_mutated,not_mutated,not_mutated,not_mutated,not_mutated,not_mutated,not_mutated,not_mutated,not_mutated,not_mutated,not_mutated,not_mutated,not_mutated,not_mutated,not_mutated,not_mutated,0
male,34.19,white,mutated,not_mutated,not_mutated,not_mutated,not_mutated,mutated,not_mutated,not_mutated,not_mutated,not_mutated,not_mutated,not_mutated,not_mutated,not_mutated,not_mutated,not_mutated,not_mutated,not_mutated,not_mutated,not_mutated,0
female,29.54,white,not_mutated,not_mutated,not_mutated,not_mutated,not_mutated,mutated,not_mutated,not_mutated,not_mutated,not_mutated,not_mutated,not_mutated,not_mutated,not_mutated,not_mutated,not_mutated,not_mutated,mutated,not_mutated,not_mutated,0
female,45.34,white,not_mutated,not_mutated,not_mutated,not_mutated,mutated,not_mutated,not_mutated,mutated,not_mutated,not_mutated,not_mutated,not_mutated,not_mutated,not_mutated,not_mutated,not_mutated,mutated,not_mutated,not_mutated,not_mutated,0
male,62.25,white,mutated,not_mutated,not_mutated,mutated,not_mutated,mutated,not_mutated,not_mutated,not_mutated,not_mutated,not_mutated,not_mutated,not_mutated,not_mutated,not_mutated,not_mutated,not_mutated,not_mutated,not_mutated,not_mutated,0
male,46.61,white,mutated,not_mutated,not_mutated,not_mutated,not_mutated,mutated,not_mutated,not_mutated,not_mutated,not_mutated,mutated,not_mutated,not_mutated,not_mutated,not_mutated,not_mutated,not_mutated,not_mutated,not_mutated,not_mutated,0
female,36.68,white,mutated,mutated,mutated,not_mutated,not_mutated,not_mutated,not_mutated,not_mutated,not_mutated,not_mutated,not_mutated,not_mutated,mutated,not_mutated,not_mutated,not_mutated,not_mutated,not_mutated,not_mutated,not_mutated,0
female,62.55,white,mutated,not_mutated,not_mutated,not_mutated,not_mutated,not_mutated,not_mutated,not_mutated,not_mutated,not_mutated,not_mutated,not_mutated,not_mutated,not_mutated,not_mutated,not_mutated,not_mutated,not_mutated,not_mutated,not_mutated,0
male,70.44,white,not_mutated,mutated,not_mutated,not_mutated,mutated,not_mutated,not_mutated,mutated,not_mutated,not_mutated,not_mutated,not_mutated,not_mutated,not_mutated,not_mutated,not_mutated,not_mutated,not_mutated,not_mutated,not_mutated,0
female,53.11,white,mutated,mutated,not_mutated,not_mutated,not_mutated,not_mutated,not_mutated,not_mutated,not_mutated,not_mutated,not_mutated,not_mutated,not_mutated,not_mutated,not_mutated,not_mutated,not_mutated,not_mutated,not_mutated,not_mutated,0
female,48.34,white,mutated,not_mutated,not_mutated,not_mutated,not_mutated,mutated,not_mutated,not_mutated,not_mutated,not_mutated,not_mutated,not_mutated,not_mutated,mutated,not_mutated,not_mutated,not_mutated,not_mutated,not_mutated,not_mutated,0
male,40.19,white,mutated,not_mutated,not_mutated,mutated,not_mutated,mutated,not_mutated,mutated,not_mutated,not_mutated,not_mutated,not_mutated,not_mutated,not_mutated,not_mutated,not_mutated,not_mutated,not_mutated,not_mutated,not_mutated,0
female,40.02,white,mutated,mutated,not_mutated,not_mutated,not_mutated,not_mutated,mutated,not_mutated,not_mutated,not_mutated,not_mutated,not_mutated,not_mutated,not_mutated,not_mutated,not_mutated,not_mutated,not_mutated,not_mutated,not_mutated,0
female,20.98,white,not_mutated,not_mutated,not_mutated,not_mutated,not_mutated,not_mutated,not_mutated,not_mutated,not_mutated,not_mutated,not_mutated,not_mutated,not_mutated,not_mutated,not_mutated,not_mutated,not_mutated,not_mutated,not_mutated,not_mutated,0
female,57.55,white,mutated,not_mutated,not_mutated,not_mutated,not_mutated,mutated,not_mutated,mutated,not_mutated,not_mutated,not_mutated,not_mutated,mutated,not_mutated,not_mutated,mutated,not_mutated,not_mutated,not_mutated,not_mutated,0
male,38.88,white,mutated,not_mutated,mutated,not_mutated,not_mutated,not_mutated,not_mutated,not_mutated,not_mutated,not_mutated,not_mutated,not_mutated,not_mutated,not_mutated,not_mutated,not_mutated,not_mutated,not_mutated,not_mutated,not_mutated,0
male,52.53,white,mutated,not_mutated,not_mutated,not_mutated,not_mutated,mutated,not_mutated,not_mutated,not_mutated,not_mutated,not_mutated,not_mutated,mutated,not_mutated,not_mutated,not_mutated,not_mutated,not_mutated,not_mutated,not_mutated,0
female,56.28,white,mutated,not_mutated,mutated,not_mutated,not_mutated,mutated,not_mutated,not_mutated,not_mutated,not_mutated,mutated,not_mutated,mutated,not_mutated,not_mutated,not_mutated,not_mutated,not_mutated,not_mutated,not_mutated,0
male,59.75,white,not_mutated,mutated,not_mutated,not_mutated,not_mutated,not_mutated,not_mutated,not_mutated,not_mutated,not_mutated,not_mutated,not_mutated,not_mutated,not_mutated,not_mutated,not_mutated,not_mutated,not_mutated,not_mutated,not_mutated,0
male,67.29,white,not_mutated,not_mutated,not_mutated,not_mutated,not_mutated,not_mutated,not_mutated,not_mutated,not_mutated,not_mutated,not_mutated,not_mutated,not_mutated,not_mutated,not_mutated,not_mutated,not_mutated,not_mutated,not_mutated,not_mutated,0
female,48.95,white,mutated,mutated,mutated,not_mutated,not_mutated,not_mutated,mutated,mutated,not_mutated,not_mutated,not_mutated,not_mutated,not_mutated,not_mutated,not_mutated,not_mutated,not_mutated,not_mutated,not_mutated,not_mutated,0
female,59.7,white,not_mutated,not_mutated,not_mutated,not_mutated,not_mutated,mutated,not_mutated,not_mutated,not_mutated,not_mutated,mutated,not_mutated,not_mutated,not_mutated,not_mutated,not_mutated,not_mutated,mutated,mutated,not_mutated,0
female,58.4,white,mutated,mutated,mutated,not_mutated,not_mutated,not_mutated,mutated,not_mutated,not_mutated,not_mutated,not_mutated,not_mutated,not_mutated,not_mutated,not_mutated,not_mutated,not_mutated,not_mutated,mutated,not_mutated,0
male,27.68,white,mutated,mutated,mutated,not_mutated,not_mutated,not_mutated,not_mutated,mutated,not_mutated,not_mutated,not_mutated,not_mutated,not_mutated,mutated,not_mutated,not_mutated,not_mutated,not_mutated,not_mutated,not_mutated,0
female,51.63,asian,mutated,not_mutated,not_mutated,not_mutated,not_mutated,mutated,mutated,not_mutated,not_mutated,not_mutated,not_mutated,not_mutated,not_mutated,not_mutated,not_mutated,not_mutated,not_mutated,not_mutated,not_mutated,not_mutated,0
female,74.03,black_or_african_american,not_mutated,not_mutated,not_mutated,mutated,mutated,not_mutated,not_mutated,not_mutated,not_mutated,not_mutated,not_mutated,not_mutated,not_mutated,not_mutated,not_mutated,not_mutated,not_mutated,not_mutated,not_mutated,not_mutated,0
male,52.63,white,mutated,not_mutated,not_mutated,not_mutated,not_mutated,mutated,not_mutated,not_mutated,not_mutated,not_mutated,not_mutated,not_mutated,not_mutated,not_mutated,not_mutated,not_mutated,not_mutated,not_mutated,not_mutated,not_mutated,0
male,61.17,white,mutated,mutated,mutated,not_mutated,not_mutated,not_mutated,mutated,not_mutated,not_mutated,not_mutated,not_mutated,not_mutated,not_mutated,not_mutated,not_mutated,not_mutated,not_mutated,not_mutated,not_mutated,not_mutated,0
male,66.4,white,not_mutated,not_mutated,not_mutated,mutated,mutated,not_mutated,mutated,not_mutated,mutated,not_mutated,not_mutated,not_mutated,not_mutated,not_mutated,not_mutated,not_mutated,not_mutated,not_mutated,not_mutated,not_mutated,0
female,42.09,white,not_mutated,not_mutated,not_mutated,not_mutated,not_mutated,mutated,not_mutated,not_mutated,not_mutated,not_mutated,not_mutated,not_mutated,not_mutated,mutated,not_mutated,not_mutated,not_mutated,mutated,not_mutated,not_mutated,0
female,48.73,white,mutated,not_mutated,not_mutated,not_mutated,not_mutated,mutated,not_mutated,mutated,not_mutated,not_mutated,not_mutated,not_mutated,not_mutated,not_mutated,not_mutated,not_mutated,not_mutated,not_mutated,not_mutated,not_mutated,0
male,33.93,white,mutated,mutated,mutated,not_mutated,not_mutated,not_mutated,not_mutated,not_mutated,not_mutated,not_mutated,not_mutated,not_mutated,not_mutated,not_mutated,not_mutated,not_mutated,not_mutated,not_mutated,not_mutated,not_mutated,0
female,34.58,white,mutated,mutated,not_mutated,not_mutated,not_mutated,not_mutated,mutated,not_mutated,not_mutated,not_mutated,not_mutated,not_mutated,not_mutated,not_mutated,not_mutated,not_mutated,not_mutated,not_mutated,not_mutated,not_mutated,0
male,24.15,white,mutated,mutated,not_mutated,not_mutated,not_mutated,not_mutated,mutated,not_mutated,not_mutated,not_mutated,not_mutated,not_mutated,not_mutated,not_mutated,not_mutated,not_mutated,not_mutated,not_mutated,not_mutated,not_mutated,0
female,55.13,white,mutated,not_mutated,not_mutated,not_mutated,not_mutated,mutated,mutated,mutated,not_mutated,not_mutated,mutated,not_mutated,mutated,not_mutated,not_mutated,not_mutated,not_mutated,not_mutated,not_mutated,not_mutated,0
male,27.88,white,mutated,mutated,not_mutated,not_mutated,not_mutated,not_mutated,not_mutated,not_mutated,not_mutated,not_mutated,not_mutated,not_mutated,not_mutated,not_mutated,not_mutated,not_mutated,not_mutated,not_mutated,not_mutated,not_mutated,0
male,29.09,white,mutated,mutated,mutated,not_mutated,not_mutated,not_mutated,mutated,not_mutated,not_mutated,not_mutated,not_mutated,not_mutated,not_mutated,not_mutated,not_mutated,not_mutated,not_mutated,not_mutated,not_mutated,not_mutated,0
female,39.36,white,mutated,mutated,not_mutated,not_mutated,not_mutated,not_mutated,not_mutated,not_mutated,not_mutated,not_mutated,not_mutated,not_mutated,not_mutated,not_mutated,not_mutated,not_mutated,not_mutated,not_mutated,mutated,not_mutated,0
male,70.01,white,not_mutated,not_mutated,mutated,not_mutated,not_mutated,not_mutated,not_mutated,not_mutated,mutated,not_mutated,not_mutated,not_mutated,not_mutated,not_mutated,not_mutated,not_mutated,not_mutated,not_mutated,not_mutated,not_mutated,0
female,30.93,white,mutated,not_mutated,not_mutated,not_mutated,not_mutated,mutated,not_mutated,not_mutated,not_mutated,not_mutated,not_mutated,not_mutated,mutated,not_mutated,not_mutated,not_mutated,not_mutated,not_mutated,not_mutated,not_mutated,0
male,39.49,white,mutated,not_mutated,not_mutated,not_mutated,not_mutated,mutated,not_mutated,not_mutated,not_mutated,mutated,mutated,not_mutated,not_mutated,not_mutated,not_mutated,not_mutated,not_mutated,not_mutated,not_mutated,not_mutated,0
female,25.11,white,mutated,not_mutated,not_mutated,not_mutated,not_mutated,mutated,not_mutated,not_mutated,not_mutated,not_mutated,not_mutated,not_mutated,not_mutated,not_mutated,not_mutated,not_mutated,not_mutated,not_mutated,not_mutated,mutated,0
male,48.44,white,not_mutated,not_mutated,not_mutated,not_mutated,mutated,not_mutated,not_mutated,not_mutated,not_mutated,not_mutated,not_mutated,not_mutated,not_mutated,not_mutated,not_mutated,not_mutated,not_mutated,not_mutated,not_mutated,not_mutated,0
female,57.05,white,mutated,not_mutated,not_mutated,not_mutated,not_mutated,mutated,not_mutated,not_mutated,not_mutated,not_mutated,not_mutated,not_mutated,not_mutated,not_mutated,not_mutated,not_mutated,not_mutated,not_mutated,not_mutated,not_mutated,0
male,34.84,white,mutated,mutated,not_mutated,not_mutated,not_mutated,not_mutated,not_mutated,not_mutated,not_mutated,not_mutated,not_mutated,not_mutated,not_mutated,not_mutated,not_mutated,not_mutated,not_mutated,not_mutated,not_mutated,not_mutated,0
male,58.38,white,not_mutated,not_mutated,not_mutated,not_mutated,not_mutated,not_mutated,not_mutated,not_mutated,not_mutated,not_mutated,not_mutated,not_mutated,not_mutated,not_mutated,not_mutated,not_mutated,not_mutated,not_mutated,not_mutated,not_mutated,0
female,55.57,white,not_mutated,mutated,not_mutated,not_mutated,not_mutated,not_mutated,not_mutated,not_mutated,mutated,not_mutated,not_mutated,not_mutated,not_mutated,not_mutated,not_mutated,not_mutated,not_mutated,not_mutated,not_mutated,not_mutated,0
female,60.13,white,not_mutated,mutated,not_mutated,not_mutated,not_mutated,not_mutated,not_mutated,mutated,not_mutated,not_mutated,not_mutated,not_mutated,not_mutated,not_mutated,not_mutated,not_mutated,not_mutated,not_mutated,not_mutated,not_mutated,0
male,38.04,white,mutated,not_mutated,not_mutated,not_mutated,not_mutated,not_mutated,not_mutated,not_mutated,not_mutated,not_mutated,not_mutated,not_mutated,not_mutated,not_mutated,not_mutated,not_mutated,not_mutated,not_mutated,not_mutated,not_mutated,0
male,56.31,white,mutated,not_mutated,not_mutated,not_mutated,not_mutated,not_mutated,not_mutated,not_mutated,not_mutated,not_mutated,not_mutated,not_mutated,not_mutated,not_mutated,not_mutated,not_mutated,not_mutated,not_mutated,not_mutated,not_mutated,0
female,54.49,white,mutated,mutated,mutated,not_mutated,not_mutated,not_mutated,not_mutated,not_mutated,not_mutated,not_mutated,not_mutated,not_mutated,not_mutated,not_mutated,not_mutated,not_mutated,not_mutated,not_mutated,not_mutated,not_mutated,0
male,31.42,white,mutated,mutated,not_mutated,not_mutated,not_mutated,not_mutated,not_mutated,not_mutated,not_mutated,not_mutated,not_mutated,not_mutated,not_mutated,not_mutated,not_mutated,not_mutated,not_mutated,not_mutated,not_mutated,not_mutated,0
female,54.4,white,mutated,mutated,mutated,not_mutated,not_mutated,not_mutated,not_mutated,not_mutated,not_mutated,not_mutated,not_mutated,not_mutated,not_mutated,not_mutated,not_mutated,not_mutated,not_mutated,not_mutated,not_mutated,not_mutated,0
male,52.66,white,mutated,not_mutated,not_mutated,not_mutated,not_mutated,not_mutated,not_mutated,not_mutated,not_mutated,not_mutated,not_mutated,not_mutated,not_mutated,mutated,not_mutated,not_mutated,not_mutated,not_mutated,not_mutated,not_mutated,0
female,33.15,black_or_african_american,mutated,mutated,mutated,not_mutated,not_mutated,not_mutated,mutated,not_mutated,not_mutated,not_mutated,not_mutated,not_mutated,not_mutated,not_mutated,not_mutated,not_mutated,not_mutated,not_mutated,not_mutated,not_mutated,0
female,42.47,white,mutated,mutated,mutated,not_mutated,not_mutated,not_mutated,not_mutated,not_mutated,not_mutated,not_mutated,not_mutated,not_mutated,not_mutated,not_mutated,not_mutated,not_mutated,not_mutated,not_mutated,not_mutated,not_mutated,0
male,20.21,white,not_mutated,not_mutated,mutated,not_mutated,not_mutated,not_mutated,not_mutated,not_mutated,not_mutated,not_mutated,not_mutated,not_mutated,not_mutated,not_mutated,not_mutated,mutated,not_mutated,not_mutated,not_mutated,not_mutated,0
female,64.29,white,mutated,not_mutated,not_mutated,not_mutated,not_mutated,mutated,not_mutated,not_mutated,not_mutated,not_mutated,not_mutated,not_mutated,not_mutated,not_mutated,not_mutated,not_mutated,not_mutated,not_mutated,not_mutated,not_mutated,0
male,29.64,white,mutated,mutated,mutated,not_mutated,not_mutated,not_mutated,not_mutated,not_mutated,not_mutated,not_mutated,not_mutated,not_mutated,not_mutated,not_mutated,not_mutated,not_mutated,not_mutated,not_mutated,not_mutated,not_mutated,0
male,36.61,white,mutated,mutated,mutated,not_mutated,not_mutated,not_mutated,mutated,not_mutated,not_mutated,not_mutated,not_mutated,not_mutated,not_mutated,not_mutated,not_mutated,not_mutated,not_mutated,not_mutated,not_mutated,not_mutated,0
male,31.99,white,mutated,not_mutated,not_mutated,not_mutated,not_mutated,not_mutated,not_mutated,not_mutated,not_mutated,not_mutated,not_mutated,not_mutated,not_mutated,not_mutated,not_mutated,not_mutated,not_mutated,not_mutated,not_mutated,not_mutated,0
male,35.19,white,mutated,mutated,mutated,not_mutated,not_mutated,not_mutated,not_mutated,not_mutated,not_mutated,mutated,not_mutated,not_mutated,not_mutated,not_mutated,not_mutated,not_mutated,not_mutated,not_mutated,not_mutated,not_mutated,0
male,36.18,white,mutated,mutated,mutated,not_mutated,not_mutated,not_mutated,not_mutated,mutated,not_mutated,not_mutated,not_mutated,not_mutated,not_mutated,not_mutated,not_mutated,not_mutated,not_mutated,not_mutated,not_mutated,not_mutated,0
female,32.47,white,not_mutated,mutated,mutated,not_mutated,not_mutated,not_mutated,not_mutated,not_mutated,not_mutated,not_mutated,not_mutated,not_mutated,not_mutated,not_mutated,not_mutated,not_mutated,not_mutated,not_mutated,not_mutated,not_mutated,0
male,38.8,black_or_african_american,mutated,not_mutated,not_mutated,not_mutated,not_mutated,not_mutated,not_mutated,not_mutated,not_mutated,not_mutated,not_mutated,not_mutated,not_mutated,not_mutated,not_mutated,not_mutated,not_mutated,not_mutated,not_mutated,not_mutated,0
male,29.82,black_or_african_american,not_mutated,not_mutated,not_mutated,not_mutated,not_mutated,mutated,not_mutated,mutated,not_mutated,not_mutated,not_mutated,not_mutated,not_mutated,not_mutated,not_mutated,not_mutated,not_mutated,mutated,not_mutated,not_mutated,0
male,41.21,white,mutated,mutated,mutated,not_mutated,not_mutated,not_mutated,not_mutated,not_mutated,not_mutated,mutated,not_mutated,not_mutated,not_mutated,not_mutated,not_mutated,not_mutated,not_mutated,not_mutated,not_mutated,not_mutated,0
male,35.52,white,mutated,mutated,mutated,not_mutated,not_mutated,not_mutated,mutated,not_mutated,not_mutated,not_mutated,not_mutated,not_mutated,not_mutated,not_mutated,not_mutated,not_mutated,not_mutated,not_mutated,not_mutated,not_mutated,0
female,33.11,white,mutated,not_mutated,mutated,not_mutated,not_mutated,not_mutated,not_mutated,not_mutated,not_mutated,not_mutated,not_mutated,not_mutated,not_mutated,not_mutated,not_mutated,not_mutated,mutated,not_mutated,not_mutated,not_mutated,0
male,32.14,white,mutated,mutated,mutated,not_mutated,not_mutated,not_mutated,not_mutated,not_mutated,not_mutated,not_mutated,not_mutated,not_mutated,not_mutated,mutated,not_mutated,not_mutated,not_mutated,not_mutated,not_mutated,not_mutated,0
female,49.76,black_or_african_american,not_mutated,not_mutated,not_mutated,not_mutated,not_mutated,not_mutated,not_mutated,not_mutated,not_mutated,not_mutated,not_mutated,not_mutated,not_mutated,not_mutated,not_mutated,not_mutated,not_mutated,mutated,not_mutated,not_mutated,0
male,69.59,white,not_mutated,not_mutated,not_mutated,not_mutated,mutated,not_mutated,not_mutated,not_mutated,not_mutated,not_mutated,not_mutated,not_mutated,not_mutated,not_mutated,not_mutated,not_mutated,not_mutated,not_mutated,not_mutated,not_mutated,0
male,14.42,white,mutated,mutated,not_mutated,not_mutated,not_mutated,not_mutated,not_mutated,not_mutated,not_mutated,not_mutated,not_mutated,not_mutated,not_mutated,not_mutated,not_mutated,not_mutated,not_mutated,not_mutated,not_mutated,not_mutated,0
female,33.96,white,mutated,not_mutated,mutated,not_mutated,not_mutated,not_mutated,not_mutated,not_mutated,not_mutated,not_mutated,not_mutated,not_mutated,not_mutated,not_mutated,not_mutated,not_mutated,not_mutated,not_mutated,not_mutated,mutated,0
male,47.25,white,mutated,not_mutated,not_mutated,not_mutated,not_mutated,mutated,not_mutated,not_mutated,not_mutated,not_mutated,mutated,not_mutated,not_mutated,not_mutated,not_mutated,not_mutated,not_mutated,not_mutated,not_mutated,not_mutated,0
male,33.16,white,mutated,mutated,mutated,not_mutated,not_mutated,not_mutated,not_mutated,not_mutated,not_mutated,not_mutated,not_mutated,not_mutated,not_mutated,not_mutated,not_mutated,not_mutated,not_mutated,not_mutated,not_mutated,not_mutated,0
male,64.0,white,not_mutated,not_mutated,not_mutated,mutated,mutated,not_mutated,not_mutated,not_mutated,not_mutated,not_mutated,not_mutated,not_mutated,not_mutated,not_mutated,not_mutated,not_mutated,not_mutated,not_mutated,not_mutated,not_mutated,0
male,62.56,white,not_mutated,not_mutated,not_mutated,not_mutated,not_mutated,not_mutated,not_mutated,not_mutated,not_mutated,mutated,not_mutated,not_mutated,not_mutated,not_mutated,mutated,not_mutated,not_mutated,not_mutated,mutated,not_mutated,0
female,37.23,black_or_african_american,mutated,not_mutated,not_mutated,not_mutated,not_mutated,mutated,not_mutated,not_mutated,not_mutated,not_mutated,mutated,not_mutated,not_mutated,not_mutated,not_mutated,not_mutated,not_mutated,not_mutated,not_mutated,not_mutated,0
male,53.5,white,mutated,not_mutated,not_mutated,not_mutated,not_mutated,not_mutated,not_mutated,not_mutated,mutated,mutated,mutated,not_mutated,mutated,not_mutated,not_mutated,not_mutated,not_mutated,not_mutated,not_mutated,not_mutated,0
female,53.2,asian,mutated,not_mutated,not_mutated,not_mutated,not_mutated,mutated,not_mutated,mutated,not_mutated,not_mutated,not_mutated,not_mutated,not_mutated,not_mutated,not_mutated,not_mutated,not_mutated,not_mutated,not_mutated,not_mutated,0
female,45.21,white,mutated,not_mutated,not_mutated,not_mutated,not_mutated,not_mutated,not_mutated,not_mutated,not_mutated,not_mutated,not_mutated,not_mutated,not_mutated,not_mutated,not_mutated,not_mutated,not_mutated,not_mutated,not_mutated,not_mutated,0
female,33.91,white,not_mutated,not_mutated,not_mutated,not_mutated,not_mutated,not_mutated,not_mutated,not_mutated,not_mutated,not_mutated,not_mutated,not_mutated,not_mutated,not_mutated,not_mutated,not_mutated,not_mutated,mutated,not_mutated,not_mutated,0
female,53.98,black_or_african_american,not_mutated,not_mutated,not_mutated,not_mutated,mutated,not_mutated,not_mutated,not_mutated,not_mutated,not_mutated,not_mutated,not_mutated,not_mutated,not_mutated,not_mutated,not_mutated,not_mutated,not_mutated,not_mutated,not_mutated,0
male,52.43,white,mutated,mutated,mutated,not_mutated,not_mutated,not_mutated,not_mutated,not_mutated,not_mutated,not_mutated,not_mutated,not_mutated,not_mutated,not_mutated,not_mutated,not_mutated,not_mutated,not_mutated,not_mutated,not_mutated,0
female,64.83,white,mutated,not_mutated,not_mutated,not_mutated,not_mutated,mutated,not_mutated,not_mutated,mutated,not_mutated,not_mutated,not_mutated,not_mutated,not_mutated,not_mutated,not_mutated,not_mutated,not_mutated,not_mutated,not_mutated,0
female,71.19,white,not_mutated,not_mutated,not_mutated,not_mutated,not_mutated,not_mutated,not_mutated,not_mutated,not_mutated,not_mutated,not_mutated,not_mutated,not_mutated,not_mutated,not_mutated,not_mutated,not_mutated,mutated,not_mutated,not_mutated,0
female,40.82,white,mutated,mutated,mutated,not_mutated,not_mutated,not_mutated,not_mutated,not_mutated,not_mutated,not_mutated,not_mutated,not_mutated,not_mutated,not_mutated,not_mutated,not_mutated,not_mutated,not_mutated,not_mutated,not_mutated,0
male,36.97,white,mutated,mutated,mutated,not_mutated,not_mutated,not_mutated,not_mutated,not_mutated,not_mutated,not_mutated,not_mutated,not_mutated,not_mutated,not_mutated,not_mutated,not_mutated,not_mutated,not_mutated,not_mutated,not_mutated,0
male,25.68,white,mutated,mutated,not_mutated,not_mutated,not_mutated,not_mutated,not_mutated,not_mutated,not_mutated,not_mutated,not_mutated,not_mutated,not_mutated,not_mutated,not_mutated,not_mutated,not_mutated,not_mutated,not_mutated,not_mutated,0
female,63.47,white,not_mutated,not_mutated,not_mutated,not_mutated,not_mutated,not_mutated,not_mutated,not_mutated,not_mutated,not_mutated,not_mutated,not_mutated,not_mutated,not_mutated,not_mutated,not_mutated,not_mutated,not_mutated,not_mutated,not_mutated,0
male,40.85,white,mutated,not_mutated,not_mutated,not_mutated,not_mutated,mutated,not_mutated,not_mutated,not_mutated,mutated,mutated,not_mutated,not_mutated,not_mutated,not_mutated,not_mutated,not_mutated,not_mutated,not_mutated,not_mutated,0
male,47.59,white,mutated,mutated,mutated,not_mutated,not_mutated,not_mutated,not_mutated,not_mutated,not_mutated,not_mutated,not_mutated,not_mutated,not_mutated,not_mutated,not_mutated,not_mutated,not_mutated,not_mutated,not_mutated,not_mutated,0
female,73.66,white,mutated,not_mutated,not_mutated,not_mutated,not_mutated,mutated,not_mutated,not_mutated,not_mutated,not_mutated,not_mutated,not_mutated,not_mutated,not_mutated,not_mutated,not_mutated,not_mutated,not_mutated,not_mutated,not_mutated,0
male,24.14,white,mutated,mutated,mutated,not_mutated,not_mutated,not_mutated,not_mutated,not_mutated,not_mutated,not_mutated,not_mutated,not_mutated,not_mutated,not_mutated,not_mutated,not_mutated,not_mutated,not_mutated,not_mutated,not_mutated,0
female,48.94,white,mutated,not_mutated,mutated,not_mutated,not_mutated,not_mutated,not_mutated,not_mutated,not_mutated,not_mutated,not_mutated,not_mutated,not_mutated,not_mutated,not_mutated,not_mutated,not_mutated,not_mutated,not_mutated,not_mutated,0
male,41.89,white,mutated,mutated,not_mutated,not_mutated,not_mutated,mutated,not_mutated,not_mutated,not_mutated,not_mutated,mutated,not_mutated,not_mutated,not_mutated,not_mutated,not_mutated,not_mutated,not_mutated,not_mutated,not_mutated,0
female,36.52,white,mutated,not_mutated,not_mutated,not_mutated,not_mutated,not_mutated,not_mutated,not_mutated,not_mutated,not_mutated,not_mutated,not_mutated,mutated,not_mutated,not_mutated,not_mutated,not_mutated,not_mutated,not_mutated,not_mutated,0
male,45.92,white,mutated,not_mutated,not_mutated,not_mutated,not_mutated,mutated,not_mutated,not_mutated,not_mutated,not_mutated,mutated,not_mutated,not_mutated,not_mutated,not_mutated,not_mutated,not_mutated,not_mutated,not_mutated,not_mutated,0
male,39.36,white,mutated,mutated,not_mutated,not_mutated,not_mutated,not_mutated,mutated,not_mutated,not_mutated,not_mutated,not_mutated,not_mutated,not_mutated,not_mutated,not_mutated,not_mutated,not_mutated,not_mutated,not_mutated,not_mutated,0
female,44.56,white,mutated,mutated,mutated,not_mutated,not_mutated,not_mutated,not_mutated,not_mutated,not_mutated,not_mutated,not_mutated,not_mutated,not_mutated,not_mutated,not_mutated,not_mutated,not_mutated,not_mutated,not_mutated,not_mutated,0
female,27.02,white,mutated,not_mutated,not_mutated,not_mutated,not_mutated,mutated,not_mutated,not_mutated,not_mutated,not_mutated,not_mutated,not_mutated,not_mutated,not_mutated,not_mutated,not_mutated,not_mutated,not_mutated,not_mutated,not_mutated,0
male,50.5,black_or_african_american,mutated,mutated,mutated,not_mutated,not_mutated,not_mutated,mutated,not_mutated,not_mutated,not_mutated,not_mutated,not_mutated,not_mutated,not_mutated,not_mutated,not_mutated,not_mutated,not_mutated,not_mutated,not_mutated,0
male,42.39,white,mutated,mutated,mutated,not_mutated,not_mutated,not_mutated,not_mutated,not_mutated,not_mutated,not_mutated,not_mutated,not_mutated,not_mutated,not_mutated,mutated,not_mutated,not_mutated,not_mutated,not_mutated,not_mutated,0
male,40.68,white,mutated,mutated,not_mutated,not_mutated,not_mutated,not_mutated,mutated,not_mutated,not_mutated,not_mutated,not_mutated,not_mutated,not_mutated,not_mutated,not_mutated,not_mutated,not_mutated,not_mutated,mutated,not_mutated,0
female,62.53,white,mutated,mutated,mutated,not_mutated,not_mutated,not_mutated,not_mutated,not_mutated,not_mutated,not_mutated,not_mutated,not_mutated,not_mutated,not_mutated,not_mutated,not_mutated,not_mutated,not_mutated,not_mutated,not_mutated,0
female,33.53,white,mutated,mutated,mutated,not_mutated,not_mutated,not_mutated,not_mutated,not_mutated,not_mutated,not_mutated,not_mutated,not_mutated,not_mutated,not_mutated,not_mutated,not_mutated,not_mutated,not_mutated,not_mutated,not_mutated,0
male,46.12,white,not_mutated,not_mutated,not_mutated,not_mutated,not_mutated,not_mutated,not_mutated,not_mutated,not_mutated,not_mutated,not_mutated,not_mutated,not_mutated,not_mutated,not_mutated,not_mutated,not_mutated,mutated,not_mutated,not_mutated,0
male,41.32,white,mutated,mutated,mutated,not_mutated,not_mutated,not_mutated,not_mutated,not_mutated,not_mutated,not_mutated,not_mutated,not_mutated,not_mutated,not_mutated,not_mutated,not_mutated,not_mutated,not_mutated,not_mutated,not_mutated,0
male,47.91,white,not_mutated,mutated,not_mutated,not_mutated,not_mutated,not_mutated,not_mutated,not_mutated,mutated,not_mutated,not_mutated,not_mutated,mutated,not_mutated,not_mutated,not_mutated,not_mutated,not_mutated,not_mutated,not_mutated,0
male,56.44,white,mutated,not_mutated,not_mutated,not_mutated,not_mutated,mutated,not_mutated,not_mutated,not_mutated,not_mutated,not_mutated,not_mutated,mutated,not_mutated,not_mutated,not_mutated,not_mutated,not_mutated,not_mutated,not_mutated,0
female,38.18,white,not_mutated,mutated,not_mutated,not_mutated,not_mutated,not_mutated,not_mutated,not_mutated,mutated,not_mutated,not_mutated,not_mutated,not_mutated,not_mutated,not_mutated,not_mutated,not_mutated,not_mutated,not_mutated,not_mutated,0
male,60.18,white,mutated,mutated,mutated,not_mutated,not_mutated,not_mutated,not_mutated,not_mutated,not_mutated,not_mutated,not_mutated,not_mutated,not_mutated,not_mutated,not_mutated,not_mutated,not_mutated,not_mutated,not_mutated,not_mutated,0
male,29.41,white,mutated,mutated,mutated,not_mutated,not_mutated,not_mutated,not_mutated,not_mutated,not_mutated,not_mutated,not_mutated,not_mutated,not_mutated,not_mutated,not_mutated,not_mutated,not_mutated,not_mutated,not_mutated,not_mutated,0
female,59.54,black_or_african_american,not_mutated,not_mutated,not_mutated,not_mutated,not_mutated,not_mutated,not_mutated,not_mutated,not_mutated,not_mutated,not_mutated,mutated,not_mutated,not_mutated,not_mutated,not_mutated,not_mutated,not_mutated,not_mutated,not_mutated,0
male,44.18,white,mutated,mutated,not_mutated,not_mutated,not_mutated,not_mutated,not_mutated,not_mutated,not_mutated,not_mutated,not_mutated,not_mutated,not_mutated,not_mutated,not_mutated,not_mutated,not_mutated,not_mutated,not_mutated,not_mutated,0
female,69.16,white,mutated,mutated,mutated,not_mutated,not_mutated,not_mutated,not_mutated,not_mutated,not_mutated,not_mutated,not_mutated,not_mutated,not_mutated,not_mutated,not_mutated,not_mutated,not_mutated,not_mutated,not_mutated,not_mutated,0
male,63.69,white,not_mutated,not_mutated,not_mutated,not_mutated,mutated,not_mutated,not_mutated,not_mutated,not_mutated,not_mutated,not_mutated,mutated,not_mutated,not_mutated,not_mutated,not_mutated,not_mutated,not_mutated,not_mutated,not_mutated,0
male,43.39,white,mutated,mutated,not_mutated,not_mutated,not_mutated,not_mutated,not_mutated,not_mutated,not_mutated,not_mutated,not_mutated,not_mutated,mutated,not_mutated,not_mutated,mutated,not_mutated,not_mutated,not_mutated,not_mutated,0
female,61.87,white,not_mutated,not_mutated,not_mutated,not_mutated,mutated,not_mutated,not_mutated,not_mutated,not_mutated,not_mutated,not_mutated,not_mutated,not_mutated,not_mutated,not_mutated,not_mutated,not_mutated,not_mutated,not_mutated,not_mutated,0
male,39.18,white,mutated,not_mutated,mutated,not_mutated,not_mutated,not_mutated,mutated,not_mutated,not_mutated,not_mutated,not_mutated,not_mutated,not_mutated,not_mutated,not_mutated,not_mutated,not_mutated,not_mutated,not_mutated,not_mutated,0
male,51.45,white,mutated,mutated,mutated,not_mutated,not_mutated,not_mutated,not_mutated,not_mutated,not_mutated,not_mutated,not_mutated,not_mutated,mutated,not_mutated,not_mutated,not_mutated,not_mutated,not_mutated,not_mutated,not_mutated,0
female,41.56,white,mutated,mutated,not_mutated,not_mutated,not_mutated,not_mutated,not_mutated,not_mutated,not_mutated,not_mutated,not_mutated,not_mutated,not_mutated,not_mutated,not_mutated,not_mutated,not_mutated,not_mutated,not_mutated,not_mutated,0
male,60.99,white,mutated,not_mutated,not_mutated,not_mutated,not_mutated,mutated,not_mutated,not_mutated,not_mutated,not_mutated,not_mutated,not_mutated,not_mutated,not_mutated,not_mutated,not_mutated,not_mutated,not_mutated,not_mutated,not_mutated,0
male,74.43,white,mutated,not_mutated,not_mutated,not_mutated,not_mutated,not_mutated,not_mutated,not_mutated,not_mutated,not_mutated,not_mutated,not_mutated,not_mutated,not_mutated,not_mutated,not_mutated,not_mutated,not_mutated,not_mutated,not_mutated,0
male,63.22,white,not_mutated,mutated,not_mutated,not_mutated,not_mutated,not_mutated,not_mutated,not_mutated,not_mutated,not_mutated,not_mutated,not_mutated,not_mutated,not_mutated,not_mutated,not_mutated,not_mutated,not_mutated,not_mutated,not_mutated,0
male,66.47,white,not_mutated,not_mutated,not_mutated,not_mutated,mutated,not_mutated,mutated,not_mutated,not_mutated,not_mutated,not_mutated,not_mutated,not_mutated,not_mutated,not_mutated,not_mutated,not_mutated,not_mutated,not_mutated,not_mutated,0
male,51.85,white,mutated,not_mutated,not_mutated,not_mutated,not_mutated,not_mutated,not_mutated,mutated,not_mutated,not_mutated,not_mutated,not_mutated,not_mutated,not_mutated,not_mutated,not_mutated,not_mutated,not_mutated,not_mutated,not_mutated,0
male,39.17,white,mutated,not_mutated,not_mutated,not_mutated,not_mutated,not_mutated,not_mutated,mutated,not_mutated,mutated,mutated,not_mutated,mutated,not_mutated,not_mutated,not_mutated,not_mutated,not_mutated,not_mutated,not_mutated,0
male,38.3,white,mutated,mutated,not_mutated,not_mutated,not_mutated,not_mutated,not_mutated,not_mutated,not_mutated,not_mutated,not_mutated,not_mutated,not_mutated,not_mutated,not_mutated,not_mutated,not_mutated,not_mutated,not_mutated,not_mutated,0
female,37.25,asian,mutated,not_mutated,not_mutated,not_mutated,not_mutated,not_mutated,not_mutated,not_mutated,mutated,not_mutated,not_mutated,not_mutated,not_mutated,not_mutated,not_mutated,not_mutated,not_mutated,not_mutated,not_mutated,not_mutated,0
female,30.09,white,mutated,mutated,mutated,not_mutated,not_mutated,not_mutated,not_mutated,not_mutated,not_mutated,not_mutated,not_mutated,not_mutated,not_mutated,not_mutated,not_mutated,not_mutated,not_mutated,not_mutated,not_mutated,not_mutated,0
female,54.39,white,not_mutated,not_mutated,not_mutated,not_mutated,not_mutated,not_mutated,not_mutated,not_mutated,mutated,not_mutated,not_mutated,not_mutated,not_mutated,mutated,not_mutated,not_mutated,not_mutated,not_mutated,not_mutated,not_mutated,0
male,36.98,white,mutated,mutated,not_mutated,not_mutated,not_mutated,not_mutated,not_mutated,not_mutated,not_mutated,not_mutated,not_mutated,not_mutated,not_mutated,not_mutated,not_mutated,not_mutated,not_mutated,not_mutated,not_mutated,not_mutated,0
male,48.54,white,not_mutated,not_mutated,not_mutated,not_mutated,not_mutated,not_mutated,not_mutated,not_mutated,not_mutated,mutated,not_mutated,not_mutated,not_mutated,not_mutated,not_mutated,not_mutated,not_mutated,not_mutated,not_mutated,not_mutated,0
male,29.22,white,mutated,mutated,mutated,not_mutated,not_mutated,not_mutated,not_mutated,not_mutated,not_mutated,not_mutated,not_mutated,not_mutated,not_mutated,not_mutated,not_mutated,not_mutated,not_mutated,not_mutated,not_mutated,not_mutated,0
male,32.37,white,mutated,mutated,not_mutated,not_mutated,not_mutated,not_mutated,not_mutated,not_mutated,not_mutated,not_mutated,not_mutated,not_mutated,not_mutated,not_mutated,not_mutated,not_mutated,not_mutated,not_mutated,not_mutated,not_mutated,0
female,44.1,white,mutated,not_mutated,not_mutated,not_mutated,not_mutated,mutated,not_mutated,not_mutated,not_mutated,not_mutated,not_mutated,not_mutated,not_mutated,not_mutated,not_mutated,not_mutated,not_mutated,not_mutated,not_mutated,not_mutated,0
male,30.9,white,mutated,not_mutated,not_mutated,not_mutated,not_mutated,mutated,not_mutated,not_mutated,not_mutated,not_mutated,not_mutated,not_mutated,not_mutated,not_mutated,not_mutated,not_mutated,not_mutated,not_mutated,not_mutated,not_mutated,0
female,57.79,white,not_mutated,not_mutated,not_mutated,not_mutated,not_mutated,not_mutated,mutated,not_mutated,not_mutated,not_mutated,not_mutated,not_mutated,not_mutated,not_mutated,not_mutated,not_mutated,not_mutated,not_mutated,not_mutated,mutated,0
male,19.15,white,mutated,mutated,mutated,not_mutated,not_mutated,not_mutated,not_mutated,not_mutated,not_mutated,not_mutated,not_mutated,not_mutated,not_mutated,not_mutated,not_mutated,not_mutated,not_mutated,not_mutated,not_mutated,not_mutated,0
male,70.66,white,mutated,not_mutated,not_mutated,not_mutated,not_mutated,not_mutated,not_mutated,not_mutated,not_mutated,not_mutated,not_mutated,mutated,not_mutated,not_mutated,not_mutated,not_mutated,not_mutated,not_mutated,not_mutated,not_mutated,0
male,63.18,white,not_mutated,not_mutated,not_mutated,mutated,mutated,not_mutated,not_mutated,not_mutated,not_mutated,not_mutated,not_mutated,not_mutated,not_mutated,not_mutated,not_mutated,not_mutated,not_mutated,not_mutated,not_mutated,not_mutated,0
male,41.7,white,mutated,mutated,mutated,not_mutated,not_mutated,not_mutated,not_mutated,not_mutated,not_mutated,not_mutated,not_mutated,not_mutated,not_mutated,not_mutated,not_mutated,not_mutated,not_mutated,not_mutated,not_mutated,not_mutated,0
male,29.8,white,mutated,mutated,mutated,not_mutated,not_mutated,not_mutated,not_mutated,not_mutated,not_mutated,not_mutated,not_mutated,not_mutated,not_mutated,not_mutated,not_mutated,not_mutated,not_mutated,not_mutated,not_mutated,not_mutated,0
male,42.87,white,mutated,not_mutated,not_mutated,not_mutated,not_mutated,not_mutated,not_mutated,not_mutated,mutated,not_mutated,mutated,not_mutated,not_mutated,not_mutated,not_mutated,not_mutated,not_mutated,not_mutated,not_mutated,not_mutated,0
female,51.47,white,mutated,not_mutated,not_mutated,not_mutated,not_mutated,mutated,not_mutated,not_mutated,not_mutated,not_mutated,not_mutated,not_mutated,not_mutated,not_mutated,not_mutated,not_mutated,not_mutated,not_mutated,not_mutated,not_mutated,0
female,38.07,white,mutated,mutated,mutated,not_mutated,not_mutated,not_mutated,mutated,not_mutated,not_mutated,not_mutated,not_mutated,not_mutated,not_mutated,not_mutated,not_mutated,not_mutated,not_mutated,not_mutated,not_mutated,not_mutated,0
male,28.94,white,mutated,mutated,mutated,not_mutated,not_mutated,not_mutated,not_mutated,not_mutated,not_mutated,not_mutated,not_mutated,not_mutated,not_mutated,not_mutated,not_mutated,not_mutated,not_mutated,not_mutated,not_mutated,not_mutated,0
female,32.45,white,mutated,not_mutated,not_mutated,not_mutated,not_mutated,not_mutated,not_mutated,not_mutated,not_mutated,not_mutated,not_mutated,not_mutated,not_mutated,not_mutated,not_mutated,not_mutated,not_mutated,not_mutated,not_mutated,not_mutated,0
female,26.12,white,mutated,mutated,mutated,not_mutated,not_mutated,not_mutated,not_mutated,not_mutated,not_mutated,not_mutated,not_mutated,not_mutated,not_mutated,not_mutated,not_mutated,not_mutated,not_mutated,not_mutated,not_mutated,not_mutated,0
male,67.9,white,mutated,mutated,mutated,not_mutated,not_mutated,not_mutated,not_mutated,not_mutated,not_mutated,not_mutated,not_mutated,not_mutated,not_mutated,not_mutated,not_mutated,not_mutated,not_mutated,not_mutated,not_mutated,not_mutated,0
male,40.89,white,mutated,not_mutated,not_mutated,not_mutated,not_mutated,mutated,mutated,not_mutated,not_mutated,not_mutated,not_mutated,not_mutated,not_mutated,not_mutated,not_mutated,not_mutated,not_mutated,not_mutated,not_mutated,not_mutated,0
male,59.81,white,mutated,mutated,mutated,not_mutated,not_mutated,not_mutated,not_mutated,not_mutated,not_mutated,not_mutated,not_mutated,not_mutated,not_mutated,not_mutated,not_mutated,mutated,not_mutated,not_mutated,not_mutated,not_mutated,0
male,58.04,white,not_mutated,not_mutated,not_mutated,mutated,not_mutated,not_mutated,not_mutated,not_mutated,mutated,not_mutated,not_mutated,not_mutated,not_mutated,not_mutated,not_mutated,not_mutated,not_mutated,not_mutated,not_mutated,not_mutated,0
female,56.47,white,mutated,mutated,not_mutated,not_mutated,not_mutated,not_mutated,not_mutated,not_mutated,not_mutated,not_mutated,not_mutated,not_mutated,not_mutated,not_mutated,mutated,not_mutated,not_mutated,not_mutated,not_mutated,not_mutated,0
female,20.76,white,mutated,not_mutated,not_mutated,not_mutated,not_mutated,mutated,not_mutated,not_mutated,not_mutated,not_mutated,not_mutated,not_mutated,not_mutated,not_mutated,not_mutated,not_mutated,not_mutated,not_mutated,not_mutated,not_mutated,0
male,49.81,white,mutated,not_mutated,not_mutated,not_mutated,not_mutated,not_mutated,not_mutated,not_mutated,not_mutated,not_mutated,not_mutated,not_mutated,not_mutated,not_mutated,not_mutated,not_mutated,not_mutated,not_mutated,not_mutated,not_mutated,0
female,37.08,white,mutated,not_mutated,not_mutated,not_mutated,not_mutated,mutated,not_mutated,not_mutated,not_mutated,not_mutated,not_mutated,not_mutated,not_mutated,not_mutated,not_mutated,not_mutated,not_mutated,not_mutated,not_mutated,not_mutated,0
female,48.67,white,not_mutated,not_mutated,not_mutated,not_mutated,not_mutated,mutated,not_mutated,not_mutated,not_mutated,not_mutated,not_mutated,not_mutated,not_mutated,not_mutated,not_mutated,not_mutated,not_mutated,mutated,not_mutated,not_mutated,0
male,71.62,black_or_african_american,mutated,not_mutated,not_mutated,not_mutated,not_mutated,not_mutated,not_mutated,not_mutated,not_mutated,mutated,not_mutated,not_mutated,not_mutated,not_mutated,not_mutated,not_mutated,not_mutated,not_mutated,not_mutated,not_mutated,0
female,43.87,white,not_mutated,not_mutated,not_mutated,not_mutated,mutated,not_mutated,not_mutated,not_mutated,not_mutated,not_mutated,not_mutated,not_mutated,not_mutated,not_mutated,not_mutated,mutated,not_mutated,not_mutated,not_mutated,not_mutated,0
female,27.85,white,mutated,mutated,mutated,not_mutated,not_mutated,not_mutated,not_mutated,not_mutated,not_mutated,not_mutated,not_mutated,not_mutated,not_mutated,not_mutated,not_mutated,not_mutated,not_mutated,not_mutated,not_mutated,not_mutated,0
female,25.21,white,mutated,mutated,mutated,not_mutated,not_mutated,not_mutated,mutated,not_mutated,not_mutated,not_mutated,not_mutated,not_mutated,not_mutated,not_mutated,not_mutated,not_mutated,not_mutated,not_mutated,not_mutated,not_mutated,0
male,30.35,white,mutated,not_mutated,not_mutated,not_mutated,not_mutated,not_mutated,not_mutated,not_mutated,not_mutated,not_mutated,not_mutated,not_mutated,not_mutated,not_mutated,not_mutated,not_mutated,not_mutated,not_mutated,not_mutated,not_mutated,0
male,31.72,white,mutated,mutated,mutated,not_mutated,not_mutated,not_mutated,not_mutated,not_mutated,not_mutated,not_mutated,not_mutated,not_mutated,not_mutated,not_mutated,not_mutated,not_mutated,not_mutated,not_mutated,not_mutated,not_mutated,0
male,30.81,white,mutated,mutated,mutated,not_mutated,not_mutated,not_mutated,not_mutated,not_mutated,not_mutated,not_mutated,not_mutated,not_mutated,not_mutated,not_mutated,not_mutated,not_mutated,not_mutated,not_mutated,not_mutated,not_mutated,0
female,30.76,white,mutated,mutated,not_mutated,mutated,not_mutated,not_mutated,not_mutated,not_mutated,not_mutated,not_mutated,not_mutated,not_mutated,not_mutated,not_mutated,not_mutated,mutated,not_mutated,not_mutated,not_mutated,not_mutated,0
female,24.4,white,not_mutated,not_mutated,not_mutated,not_mutated,not_mutated,not_mutated,not_mutated,not_mutated,mutated,not_mutated,not_mutated,not_mutated,not_mutated,not_mutated,not_mutated,not_mutated,not_mutated,not_mutated,not_mutated,not_mutated,0
female,41.18,white,mutated,mutated,mutated,not_mutated,not_mutated,not_mutated,not_mutated,not_mutated,not_mutated,not_mutated,not_mutated,not_mutated,not_mutated,not_mutated,mutated,not_mutated,not_mutated,not_mutated,not_mutated,not_mutated,0
male,34.52,white,mutated,mutated,not_mutated,not_mutated,not_mutated,not_mutated,not_mutated,not_mutated,not_mutated,not_mutated,not_mutated,not_mutated,not_mutated,not_mutated,not_mutated,not_mutated,not_mutated,not_mutated,not_mutated,not_mutated,0
female,56.42,white,mutated,not_mutated,not_mutated,not_mutated,not_mutated,not_mutated,not_mutated,not_mutated,not_mutated,not_mutated,not_mutated,not_mutated,not_mutated,not_mutated,not_mutated,not_mutated,not_mutated,not_mutated,not_mutated,not_mutated,0
female,39.95,white,mutated,mutated,not_mutated,not_mutated,not_mutated,not_mutated,not_mutated,not_mutated,not_mutated,not_mutated,not_mutated,not_mutated,not_mutated,not_mutated,not_mutated,not_mutated,not_mutated,not_mutated,not_mutated,not_mutated,0
female,23.01,white,mutated,mutated,mutated,not_mutated,not_mutated,not_mutated,not_mutated,not_mutated,not_mutated,not_mutated,not_mutated,not_mutated,not_mutated,not_mutated,not_mutated,not_mutated,not_mutated,not_mutated,not_mutated,not_mutated,0
female,31.75,white,mutated,mutated,mutated,not_mutated,not_mutated,not_mutated,not_mutated,not_mutated,not_mutated,not_mutated,not_mutated,not_mutated,not_mutated,not_mutated,not_mutated,not_mutated,not_mutated,not_mutated,not_mutated,not_mutated,0
male,17.74,white,mutated,not_mutated,not_mutated,not_mutated,not_mutated,mutated,not_mutated,not_mutated,not_mutated,not_mutated,not_mutated,not_mutated,not_mutated,not_mutated,not_mutated,not_mutated,not_mutated,not_mutated,not_mutated,not_mutated,0
male,64.3,white,mutated,not_mutated,not_mutated,not_mutated,not_mutated,not_mutated,not_mutated,not_mutated,not_mutated,not_mutated,not_mutated,not_mutated,not_mutated,not_mutated,not_mutated,mutated,not_mutated,not_mutated,not_mutated,not_mutated,0
female,27.61,white,mutated,mutated,mutated,not_mutated,not_mutated,not_mutated,mutated,not_mutated,not_mutated,not_mutated,not_mutated,not_mutated,not_mutated,not_mutated,not_mutated,not_mutated,not_mutated,not_mutated,not_mutated,not_mutated,0
male,69.18,white,not_mutated,not_mutated,not_mutated,not_mutated,mutated,not_mutated,not_mutated,not_mutated,not_mutated,not_mutated,not_mutated,not_mutated,not_mutated,not_mutated,not_mutated,not_mutated,not_mutated,not_mutated,not_mutated,not_mutated,0
male,37.14,white,mutated,mutated,mutated,not_mutated,not_mutated,not_mutated,not_mutated,not_mutated,not_mutated,not_mutated,not_mutated,not_mutated,not_mutated,not_mutated,not_mutated,not_mutated,not_mutated,not_mutated,not_mutated,not_mutated,0
male,44.25,white,mutated,not_mutated,not_mutated,not_mutated,not_mutated,not_mutated,not_mutated,not_mutated,not_mutated,not_mutated,not_mutated,not_mutated,mutated,mutated,not_mutated,not_mutated,not_mutated,not_mutated,not_mutated,not_mutated,0
male,25.27,white,mutated,mutated,mutated,not_mutated,not_mutated,not_mutated,not_mutated,not_mutated,not_mutated,not_mutated,not_mutated,not_mutated,not_mutated,not_mutated,not_mutated,not_mutated,not_mutated,not_mutated,not_mutated,not_mutated,0
female,29.64,white,mutated,not_mutated,not_mutated,not_mutated,not_mutated,mutated,not_mutated,not_mutated,not_mutated,not_mutated,not_mutated,not_mutated,not_mutated,not_mutated,not_mutated,not_mutated,not_mutated,not_mutated,not_mutated,not_mutated,0
male,26.57,white,mutated,mutated,mutated,not_mutated,not_mutated,not_mutated,not_mutated,not_mutated,not_mutated,not_mutated,not_mutated,not_mutated,not_mutated,not_mutated,not_mutated,not_mutated,not_mutated,not_mutated,not_mutated,not_mutated,0
female,47.81,white,mutated,not_mutated,not_mutated,not_mutated,not_mutated,not_mutated,not_mutated,not_mutated,not_mutated,not_mutated,mutated,not_mutated,mutated,not_mutated,mutated,not_mutated,not_mutated,not_mutated,not_mutated,not_mutated,0
male,39.69,white,mutated,mutated,mutated,not_mutated,not_mutated,not_mutated,not_mutated,not_mutated,not_mutated,not_mutated,not_mutated,not_mutated,not_mutated,not_mutated,not_mutated,mutated,not_mutated,not_mutated,not_mutated,not_mutated,0
female,35.07,white,mutated,not_mutated,not_mutated,not_mutated,not_mutated,not_mutated,not_mutated,not_mutated,not_mutated,not_mutated,not_mutated,not_mutated,not_mutated,not_mutated,not_mutated,not_mutated,not_mutated,not_mutated,not_mutated,not_mutated,0
female,74.56,white,mutated,not_mutated,mutated,not_mutated,not_mutated,mutated,not_mutated,not_mutated,not_mutated,not_mutated,not_mutated,not_mutated,not_mutated,not_mutated,not_mutated,not_mutated,not_mutated,not_mutated,not_mutated,not_mutated,0
male,50.46,white,mutated,not_mutated,not_mutated,not_mutated,not_mutated,mutated,not_mutated,not_mutated,not_mutated,not_mutated,not_mutated,not_mutated,not_mutated,not_mutated,not_mutated,mutated,not_mutated,not_mutated,not_mutated,not_mutated,0
male,65.86,white,mutated,mutated,not_mutated,not_mutated,not_mutated,not_mutated,not_mutated,not_mutated,not_mutated,not_mutated,not_mutated,not_mutated,not_mutated,not_mutated,not_mutated,not_mutated,not_mutated,not_mutated,not_mutated,not_mutated,0
female,60.32,white,not_mutated,not_mutated,not_mutated,not_mutated,not_mutated,not_mutated,not_mutated,not_mutated,not_mutated,not_mutated,not_mutated,not_mutated,not_mutated,mutated,not_mutated,not_mutated,not_mutated,not_mutated,not_mutated,not_mutated,0
female,34.95,white,mutated,not_mutated,not_mutated,not_mutated,not_mutated,mutated,not_mutated,not_mutated,not_mutated,mutated,not_mutated,not_mutated,not_mutated,not_mutated,not_mutated,not_mutated,not_mutated,not_mutated,not_mutated,not_mutated,0
female,44.63,white,mutated,mutated,mutated,not_mutated,not_mutated,not_mutated,not_mutated,not_mutated,not_mutated,not_mutated,not_mutated,not_mutated,not_mutated,not_mutated,not_mutated,not_mutated,not_mutated,not_mutated,not_mutated,not_mutated,0
male,21.67,white,mutated,mutated,mutated,not_mutated,not_mutated,not_mutated,not_mutated,not_mutated,not_mutated,not_mutated,not_mutated,not_mutated,not_mutated,not_mutated,not_mutated,not_mutated,not_mutated,not_mutated,not_mutated,not_mutated,0
male,55.24,white,not_mutated,not_mutated,not_mutated,not_mutated,not_mutated,not_mutated,not_mutated,not_mutated,not_mutated,not_mutated,not_mutated,not_mutated,not_mutated,not_mutated,not_mutated,not_mutated,not_mutated,not_mutated,not_mutated,not_mutated,0
male,43.99,white,mutated,not_mutated,not_mutated,not_mutated,not_mutated,not_mutated,not_mutated,not_mutated,not_mutated,not_mutated,not_mutated,not_mutated,not_mutated,not_mutated,not_mutated,not_mutated,not_mutated,not_mutated,not_mutated,not_mutated,0
male,36.13,white,mutated,mutated,mutated,not_mutated,not_mutated,not_mutated,not_mutated,not_mutated,not_mutated,not_mutated,not_mutated,not_mutated,not_mutated,not_mutated,not_mutated,not_mutated,not_mutated,not_mutated,not_mutated,not_mutated,0
male,70.27,white,mutated,mutated,mutated,not_mutated,not_mutated,not_mutated,not_mutated,not_mutated,not_mutated,not_mutated,not_mutated,not_mutated,not_mutated,not_mutated,not_mutated,mutated,not_mutated,not_mutated,not_mutated,not_mutated,0
female,23.96,white,mutated,mutated,mutated,not_mutated,not_mutated,not_mutated,not_mutated,not_mutated,not_mutated,not_mutated,not_mutated,not_mutated,not_mutated,not_mutated,not_mutated,not_mutated,not_mutated,not_mutated,not_mutated,not_mutated,0
male,43.53,white,mutated,mutated,not_mutated,not_mutated,not_mutated,not_mutated,not_mutated,not_mutated,not_mutated,not_mutated,not_mutated,not_mutated,not_mutated,not_mutated,not_mutated,not_mutated,not_mutated,not_mutated,not_mutated,not_mutated,0
male,30.72,white,mutated,mutated,mutated,not_mutated,not_mutated,not_mutated,not_mutated,not_mutated,not_mutated,not_mutated,not_mutated,not_mutated,not_mutated,not_mutated,not_mutated,not_mutated,not_mutated,not_mutated,not_mutated,not_mutated,0
female,38.38,white,mutated,not_mutated,not_mutated,not_mutated,not_mutated,mutated,not_mutated,not_mutated,not_mutated,not_mutated,not_mutated,not_mutated,not_mutated,not_mutated,not_mutated,not_mutated,not_mutated,not_mutated,not_mutated,not_mutated,0
female,34.52,white,not_mutated,not_mutated,not_mutated,mutated,not_mutated,not_mutated,not_mutated,not_mutated,mutated,not_mutated,not_mutated,mutated,not_mutated,not_mutated,not_mutated,not_mutated,not_mutated,not_mutated,not_mutated,not_mutated,0
male,55.25,white,not_mutated,not_mutated,not_mutated,not_mutated,mutated,not_mutated,not_mutated,not_mutated,not_mutated,not_mutated,not_mutated,not_mutated,not_mutated,not_mutated,not_mutated,not_mutated,not_mutated,not_mutated,not_mutated,not_mutated,0
male,30.65,white,mutated,not_mutated,not_mutated,not_mutated,not_mutated,mutated,mutated,not_mutated,not_mutated,not_mutated,not_mutated,not_mutated,not_mutated,not_mutated,not_mutated,not_mutated,mutated,not_mutated,not_mutated,not_mutated,0
female,61.19,white,not_mutated,not_mutated,mutated,not_mutated,mutated,not_mutated,not_mutated,not_mutated,not_mutated,not_mutated,not_mutated,not_mutated,not_mutated,not_mutated,not_mutated,not_mutated,not_mutated,not_mutated,not_mutated,not_mutated,0
male,44.94,white,mutated,mutated,mutated,not_mutated,not_mutated,not_mutated,not_mutated,not_mutated,not_mutated,not_mutated,not_mutated,not_mutated,not_mutated,not_mutated,not_mutated,not_mutated,not_mutated,not_mutated,not_mutated,not_mutated,0
female,35.65,white,mutated,mutated,mutated,not_mutated,not_mutated,not_mutated,not_mutated,not_mutated,not_mutated,not_mutated,not_mutated,not_mutated,not_mutated,not_mutated,not_mutated,not_mutated,not_mutated,not_mutated,not_mutated,not_mutated,0
male,68.35,white,mutated,not_mutated,not_mutated,not_mutated,not_mutated,not_mutated,not_mutated,not_mutated,not_mutated,not_mutated,not_mutated,not_mutated,mutated,not_mutated,not_mutated,not_mutated,not_mutated,not_mutated,not_mutated,not_mutated,0
female,44.56,white,mutated,mutated,not_mutated,not_mutated,not_mutated,not_mutated,mutated,not_mutated,not_mutated,not_mutated,not_mutated,not_mutated,not_mutated,not_mutated,mutated,mutated,not_mutated,not_mutated,not_mutated,not_mutated,0
male,38.24,white,mutated,mutated,mutated,not_mutated,not_mutated,not_mutated,not_mutated,not_mutated,not_mutated,not_mutated,not_mutated,not_mutated,not_mutated,mutated,not_mutated,not_mutated,not_mutated,not_mutated,not_mutated,not_mutated,0
male,52.09,white,not_mutated,not_mutated,not_mutated,mutated,mutated,not_mutated,not_mutated,not_mutated,not_mutated,not_mutated,not_mutated,not_mutated,not_mutated,not_mutated,not_mutated,not_mutated,not_mutated,not_mutated,not_mutated,not_mutated,0
female,36.5,white,mutated,mutated,mutated,not_mutated,not_mutated,not_mutated,mutated,not_mutated,not_mutated,not_mutated,not_mutated,not_mutated,not_mutated,not_mutated,not_mutated,not_mutated,not_mutated,not_mutated,not_mutated,not_mutated,0
female,33.48,white,mutated,mutated,mutated,not_mutated,not_mutated,not_mutated,not_mutated,not_mutated,not_mutated,not_mutated,not_mutated,not_mutated,not_mutated,not_mutated,not_mutated,not_mutated,not_mutated,not_mutated,not_mutated,not_mutated,0
female,60.33,white,not_mutated,not_mutated,not_mutated,mutated,not_mutated,not_mutated,mutated,not_mutated,mutated,not_mutated,not_mutated,not_mutated,not_mutated,not_mutated,not_mutated,not_mutated,not_mutated,not_mutated,not_mutated,not_mutated,0
female,44.25,white,mutated,mutated,not_mutated,not_mutated,not_mutated,not_mutated,not_mutated,not_mutated,not_mutated,not_mutated,not_mutated,not_mutated,not_mutated,not_mutated,not_mutated,not_mutated,not_mutated,not_mutated,not_mutated,not_mutated,0
female,58.43,black_or_african_american,not_mutated,not_mutated,not_mutated,not_mutated,mutated,not_mutated,not_mutated,not_mutated,not_mutated,not_mutated,not_mutated,not_mutated,not_mutated,not_mutated,not_mutated,not_mutated,not_mutated,not_mutated,not_mutated,not_mutated,0
male,34.0,white,mutated,not_mutated,not_mutated,not_mutated,not_mutated,mutated,not_mutated,not_mutated,not_mutated,not_mutated,not_mutated,not_mutated,mutated,not_mutated,not_mutated,not_mutated,not_mutated,not_mutated,not_mutated,not_mutated,0
male,62.64,white,not_mutated,not_mutated,not_mutated,not_mutated,mutated,not_mutated,not_mutated,not_mutated,not_mutated,not_mutated,not_mutated,not_mutated,not_mutated,not_mutated,not_mutated,not_mutated,not_mutated,not_mutated,not_mutated,not_mutated,0
female,44.62,black_or_african_american,mutated,mutated,not_mutated,not_mutated,not_mutated,not_mutated,not_mutated,not_mutated,not_mutated,mutated,not_mutated,not_mutated,not_mutated,mutated,not_mutated,not_mutated,not_mutated,not_mutated,not_mutated,not_mutated,0
male,36.85,white,mutated,mutated,mutated,not_mutated,not_mutated,not_mutated,not_mutated,not_mutated,not_mutated,not_mutated,not_mutated,not_mutated,not_mutated,not_mutated,not_mutated,not_mutated,not_mutated,not_mutated,not_mutated,not_mutated,0
female,29.36,white,mutated,mutated,mutated,not_mutated,not_mutated,not_mutated,not_mutated,not_mutated,not_mutated,not_mutated,not_mutated,not_mutated,not_mutated,not_mutated,not_mutated,not_mutated,not_mutated,not_mutated,not_mutated,not_mutated,0
female,20.84,white,mutated,mutated,mutated,not_mutated,not_mutated,not_mutated,not_mutated,not_mutated,not_mutated,not_mutated,not_mutated,not_mutated,not_mutated,not_mutated,not_mutated,not_mutated,not_mutated,not_mutated,not_mutated,not_mutated,0
female,61.84,white,mutated,not_mutated,not_mutated,not_mutated,not_mutated,not_mutated,not_mutated,mutated,not_mutated,not_mutated,not_mutated,not_mutated,not_mutated,not_mutated,not_mutated,not_mutated,not_mutated,not_mutated,not_mutated,not_mutated,0
female,41.61,white,not_mutated,mutated,mutated,not_mutated,not_mutated,not_mutated,not_mutated,not_mutated,not_mutated,not_mutated,not_mutated,not_mutated,not_mutated,not_mutated,not_mutated,not_mutated,not_mutated,mutated,not_mutated,not_mutated,0
male,47.61,white,mutated,not_mutated,not_mutated,not_mutated,not_mutated,not_mutated,not_mutated,not_mutated,not_mutated,not_mutated,not_mutated,not_mutated,not_mutated,not_mutated,not_mutated,not_mutated,not_mutated,not_mutated,not_mutated,not_mutated,0
female,59.58,white,not_mutated,not_mutated,not_mutated,not_mutated,not_mutated,not_mutated,not_mutated,not_mutated,not_mutated,not_mutated,not_mutated,not_mutated,not_mutated,not_mutated,not_mutated,not_mutated,not_mutated,not_mutated,not_mutated,not_mutated,0
male,48.85,white,mutated,mutated,mutated,not_mutated,not_mutated,not_mutated,mutated,not_mutated,not_mutated,not_mutated,not_mutated,not_mutated,not_mutated,not_mutated,not_mutated,not_mutated,not_mutated,not_mutated,not_mutated,not_mutated,0
female,38.07,white,mutated,mutated,mutated,not_mutated,not_mutated,not_mutated,not_mutated,not_mutated,not_mutated,not_mutated,not_mutated,not_mutated,not_mutated,not_mutated,not_mutated,not_mutated,not_mutated,not_mutated,not_mutated,not_mutated,0
female,27.16,white,mutated,mutated,not_mutated,not_mutated,not_mutated,not_mutated,not_mutated,not_mutated,not_mutated,not_mutated,not_mutated,not_mutated,not_mutated,not_mutated,mutated,not_mutated,not_mutated,not_mutated,not_mutated,not_mutated,0
female,58.04,white,mutated,mutated,mutated,not_mutated,not_mutated,not_mutated,not_mutated,not_mutated,not_mutated,not_mutated,not_mutated,not_mutated,not_mutated,not_mutated,not_mutated,not_mutated,not_mutated,not_mutated,not_mutated,not_mutated,0
male,41.32,white,not_mutated,not_mutated,not_mutated,mutated,not_mutated,not_mutated,not_mutated,not_mutated,mutated,not_mutated,not_mutated,not_mutated,not_mutated,not_mutated,not_mutated,not_mutated,not_mutated,not_mutated,not_mutated,not_mutated,0
male,26.32,white,not_mutated,mutated,mutated,not_mutated,not_mutated,not_mutated,not_mutated,not_mutated,not_mutated,not_mutated,not_mutated,not_mutated,not_mutated,not_mutated,not_mutated,not_mutated,not_mutated,mutated,mutated,not_mutated,0
female,44.57,white,mutated,mutated,mutated,not_mutated,not_mutated,not_mutated,not_mutated,not_mutated,not_mutated,not_mutated,not_mutated,not_mutated,not_mutated,not_mutated,not_mutated,not_mutated,not_mutated,not_mutated,not_mutated,not_mutated,0
male,32.54,white,mutated,mutated,not_mutated,not_mutated,not_mutated,not_mutated,not_mutated,not_mutated,not_mutated,not_mutated,not_mutated,not_mutated,not_mutated,not_mutated,not_mutated,not_mutated,not_mutated,not_mutated,not_mutated,not_mutated,0
male,22.84,white,mutated,mutated,mutated,not_mutated,not_mutated,not_mutated,not_mutated,not_mutated,not_mutated,not_mutated,not_mutated,not_mutated,not_mutated,not_mutated,not_mutated,not_mutated,not_mutated,not_mutated,not_mutated,not_mutated,0
female,25.87,white,mutated,mutated,mutated,not_mutated,not_mutated,not_mutated,not_mutated,not_mutated,not_mutated,not_mutated,not_mutated,not_mutated,not_mutated,mutated,not_mutated,not_mutated,not_mutated,not_mutated,not_mutated,not_mutated,0
female,34.07,white,mutated,not_mutated,not_mutated,not_mutated,not_mutated,mutated,not_mutated,not_mutated,not_mutated,not_mutated,not_mutated,not_mutated,not_mutated,not_mutated,not_mutated,not_mutated,not_mutated,not_mutated,not_mutated,not_mutated,0
male,24.76,white,mutated,mutated,mutated,not_mutated,not_mutated,not_mutated,mutated,not_mutated,not_mutated,not_mutated,not_mutated,not_mutated,not_mutated,not_mutated,mutated,not_mutated,not_mutated,not_mutated,not_mutated,not_mutated,0
female,30.95,white,mutated,mutated,mutated,not_mutated,not_mutated,not_mutated,not_mutated,not_mutated,not_mutated,not_mutated,not_mutated,not_mutated,not_mutated,not_mutated,not_mutated,not_mutated,not_mutated,not_mutated,not_mutated,not_mutated,0
male,39.77,black_or_african_american,mutated,mutated,mutated,not_mutated,not_mutated,not_mutated,not_mutated,not_mutated,not_mutated,not_mutated,not_mutated,not_mutated,not_mutated,not_mutated,not_mutated,not_mutated,not_mutated,not_mutated,not_mutated,not_mutated,0
female,22.65,white,mutated,not_mutated,mutated,not_mutated,not_mutated,not_mutated,not_mutated,not_mutated,not_mutated,not_mutated,not_mutated,not_mutated,not_mutated,not_mutated,not_mutated,not_mutated,not_mutated,not_mutated,not_mutated,not_mutated,0
male,53.78,white,mutated,mutated,mutated,not_mutated,not_mutated,not_mutated,not_mutated,not_mutated,not_mutated,not_mutated,not_mutated,not_mutated,not_mutated,not_mutated,not_mutated,not_mutated,not_mutated,not_mutated,not_mutated,not_mutated,0
male,30.97,white,mutated,mutated,mutated,not_mutated,not_mutated,not_mutated,not_mutated,not_mutated,not_mutated,not_mutated,not_mutated,not_mutated,not_mutated,not_mutated,not_mutated,not_mutated,not_mutated,not_mutated,not_mutated,not_mutated,0
female,37.65,white,mutated,mutated,mutated,not_mutated,not_mutated,not_mutated,not_mutated,not_mutated,not_mutated,not_mutated,not_mutated,not_mutated,not_mutated,not_mutated,not_mutated,not_mutated,not_mutated,not_mutated,not_mutated,not_mutated,0
female,36.2,white,mutated,not_mutated,mutated,not_mutated,not_mutated,not_mutated,not_mutated,not_mutated,not_mutated,not_mutated,not_mutated,not_mutated,not_mutated,not_mutated,not_mutated,not_mutated,not_mutated,not_mutated,not_mutated,not_mutated,0
female,41.86,white,mutated,mutated,mutated,not_mutated,not_mutated,not_mutated,not_mutated,not_mutated,not_mutated,not_mutated,not_mutated,not_mutated,not_mutated,not_mutated,not_mutated,mutated,not_mutated,not_mutated,not_mutated,not_mutated,0
male,57.55,white,not_mutated,mutated,not_mutated,not_mutated,mutated,not_mutated,not_mutated,mutated,not_mutated,not_mutated,not_mutated,not_mutated,not_mutated,not_mutated,not_mutated,not_mutated,not_mutated,not_mutated,not_mutated,not_mutated,0
male,52.67,white,mutated,mutated,mutated,not_mutated,not_mutated,not_mutated,not_mutated,not_mutated,not_mutated,not_mutated,not_mutated,not_mutated,not_mutated,not_mutated,not_mutated,not_mutated,not_mutated,not_mutated,not_mutated,not_mutated,0
male,31.95,white,mutated,mutated,mutated,not_mutated,not_mutated,not_mutated,not_mutated,not_mutated,not_mutated,not_mutated,not_mutated,not_mutated,not_mutated,not_mutated,not_mutated,not_mutated,not_mutated,not_mutated,not_mutated,not_mutated,0
female,32.46,white,mutated,mutated,mutated,not_mutated,not_mutated,not_mutated,not_mutated,not_mutated,not_mutated,not_mutated,not_mutated,not_mutated,not_mutated,not_mutated,not_mutated,mutated,not_mutated,not_mutated,not_mutated,not_mutated,0
male,44.36,asian,mutated,mutated,mutated,not_mutated,not_mutated,not_mutated,not_mutated,not_mutated,not_mutated,not_mutated,not_mutated,not_mutated,not_mutated,not_mutated,not_mutated,not_mutated,not_mutated,not_mutated,not_mutated,not_mutated,0
male,40.29,white,mutated,not_mutated,not_mutated,not_mutated,not_mutated,mutated,not_mutated,not_mutated,not_mutated,not_mutated,not_mutated,not_mutated,not_mutated,not_mutated,not_mutated,not_mutated,not_mutated,not_mutated,not_mutated,not_mutated,0
female,44.72,white,mutated,mutated,mutated,not_mutated,not_mutated,not_mutated,not_mutated,not_mutated,not_mutated,not_mutated,not_mutated,not_mutated,not_mutated,not_mutated,not_mutated,mutated,not_mutated,not_mutated,not_mutated,not_mutated,0
female,39.01,white,mutated,mutated,mutated,not_mutated,not_mutated,not_mutated,not_mutated,not_mutated,not_mutated,not_mutated,not_mutated,not_mutated,not_mutated,not_mutated,not_mutated,not_mutated,not_mutated,not_mutated,not_mutated,not_mutated,0
male,62.25,white,not_mutated,not_mutated,not_mutated,not_mutated,not_mutated,not_mutated,not_mutated,not_mutated,not_mutated,not_mutated,not_mutated,not_mutated,not_mutated,not_mutated,not_mutated,not_mutated,not_mutated,not_mutated,not_mutated,not_mutated,0
male,45.81,white,mutated,not_mutated,not_mutated,not_mutated,not_mutated,not_mutated,mutated,not_mutated,not_mutated,not_mutated,not_mutated,not_mutated,not_mutated,not_mutated,not_mutated,not_mutated,not_mutated,not_mutated,not_mutated,not_mutated,0
male,48.36,white,not_mutated,not_mutated,not_mutated,not_mutated,not_mutated,not_mutated,not_mutated,not_mutated,not_mutated,not_mutated,not_mutated,not_mutated,not_mutated,not_mutated,not_mutated,not_mutated,not_mutated,mutated,not_mutated,not_mutated,0
male,49.51,white,mutated,not_mutated,not_mutated,not_mutated,not_mutated,not_mutated,not_mutated,not_mutated,not_mutated,not_mutated,not_mutated,not_mutated,not_mutated,not_mutated,not_mutated,not_mutated,not_mutated,not_mutated,not_mutated,not_mutated,0
female,38.53,white,mutated,not_mutated,not_mutated,not_mutated,not_mutated,not_mutated,not_mutated,not_mutated,not_mutated,not_mutated,not_mutated,not_mutated,not_mutated,not_mutated,not_mutated,not_mutated,not_mutated,not_mutated,not_mutated,not_mutated,0
female,28.32,white,mutated,mutated,not_mutated,not_mutated,not_mutated,not_mutated,not_mutated,not_mutated,not_mutated,not_mutated,not_mutated,not_mutated,not_mutated,not_mutated,not_mutated,not_mutated,not_mutated,not_mutated,not_mutated,not_mutated,0
female,38.75,white,mutated,mutated,mutated,not_mutated,not_mutated,not_mutated,not_mutated,not_mutated,not_mutated,not_mutated,not_mutated,not_mutated,not_mutated,not_mutated,not_mutated,not_mutated,not_mutated,not_mutated,not_mutated,not_mutated,0
female,37.22,white,not_mutated,mutated,mutated,not_mutated,not_mutated,not_mutated,not_mutated,not_mutated,not_mutated,not_mutated,not_mutated,not_mutated,not_mutated,not_mutated,not_mutated,not_mutated,not_mutated,not_mutated,not_mutated,not_mutated,0
female,58.43,white,not_mutated,not_mutated,not_mutated,not_mutated,mutated,not_mutated,not_mutated,not_mutated,not_mutated,not_mutated,not_mutated,not_mutated,not_mutated,not_mutated,not_mutated,not_mutated,not_mutated,not_mutated,not_mutated,not_mutated,0
female,41.49,white,mutated,mutated,not_mutated,not_mutated,not_mutated,not_mutated,not_mutated,not_mutated,not_mutated,not_mutated,not_mutated,not_mutated,not_mutated,not_mutated,not_mutated,not_mutated,mutated,not_mutated,not_mutated,not_mutated,0
male,60.04,white,mutated,not_mutated,not_mutated,not_mutated,not_mutated,mutated,not_mutated,not_mutated,not_mutated,mutated,mutated,not_mutated,not_mutated,not_mutated,not_mutated,not_mutated,not_mutated,not_mutated,not_mutated,not_mutated,0
female,50.64,white,mutated,mutated,mutated,not_mutated,not_mutated,not_mutated,not_mutated,not_mutated,not_mutated,not_mutated,not_mutated,not_mutated,not_mutated,not_mutated,not_mutated,not_mutated,not_mutated,not_mutated,not_mutated,not_mutated,0
male,75.8,white,mutated,not_mutated,not_mutated,not_mutated,not_mutated,mutated,not_mutated,not_mutated,not_mutated,not_mutated,mutated,not_mutated,not_mutated,not_mutated,not_mutated,not_mutated,not_mutated,not_mutated,not_mutated,not_mutated,0
male,43.39,black_or_african_american,not_mutated,not_mutated,not_mutated,mutated,not_mutated,not_mutated,not_mutated,not_mutated,not_mutated,not_mutated,not_mutated,not_mutated,not_mutated,not_mutated,not_mutated,not_mutated,not_mutated,not_mutated,not_mutated,not_mutated,0
female,52.17,white,mutated,not_mutated,not_mutated,not_mutated,not_mutated,mutated,not_mutated,not_mutated,not_mutated,not_mutated,mutated,not_mutated,not_mutated,not_mutated,not_mutated,not_mutated,not_mutated,not_mutated,not_mutated,not_mutated,0
male,38.91,white,mutated,mutated,mutated,not_mutated,not_mutated,not_mutated,not_mutated,not_mutated,not_mutated,not_mutated,not_mutated,not_mutated,not_mutated,not_mutated,not_mutated,not_mutated,not_mutated,not_mutated,not_mutated,not_mutated,0
male,50.64,white,mutated,not_mutated,not_mutated,not_mutated,not_mutated,not_mutated,not_mutated,not_mutated,not_mutated,mutated,not_mutated,not_mutated,not_mutated,not_mutated,not_mutated,not_mutated,not_mutated,not_mutated,not_mutated,not_mutated,0
male,66.94,white,not_mutated,not_mutated,not_mutated,not_mutated,not_mutated,not_mutated,not_mutated,not_mutated,not_mutated,not_mutated,not_mutated,not_mutated,not_mutated,not_mutated,not_mutated,not_mutated,not_mutated,not_mutated,not_mutated,mutated,0
male,30.16,white,mutated,mutated,not_mutated,not_mutated,not_mutated,not_mutated,not_mutated,not_mutated,not_mutated,not_mutated,not_mutated,not_mutated,not_mutated,not_mutated,not_mutated,not_mutated,not_mutated,not_mutated,not_mutated,not_mutated,0
male,59.72,white,not_mutated,not_mutated,not_mutated,not_mutated,not_mutated,not_mutated,not_mutated,not_mutated,mutated,not_mutated,not_mutated,not_mutated,not_mutated,not_mutated,not_mutated,not_mutated,not_mutated,not_mutated,not_mutated,not_mutated,0
female,35.1,asian,mutated,not_mutated,not_mutated,not_mutated,not_mutated,not_mutated,not_mutated,not_mutated,not_mutated,not_mutated,not_mutated,not_mutated,mutated,not_mutated,not_mutated,not_mutated,not_mutated,not_mutated,not_mutated,not_mutated,0
female,38.56,white,mutated,mutated,mutated,not_mutated,not_mutated,not_mutated,not_mutated,not_mutated,not_mutated,not_mutated,not_mutated,not_mutated,not_mutated,not_mutated,not_mutated,not_mutated,not_mutated,not_mutated,not_mutated,not_mutated,0
male,42.85,black_or_african_american,mutated,not_mutated,mutated,not_mutated,not_mutated,not_mutated,not_mutated,not_mutated,not_mutated,not_mutated,not_mutated,not_mutated,not_mutated,not_mutated,not_mutated,not_mutated,not_mutated,not_mutated,not_mutated,not_mutated,0
female,59.45,white,mutated,not_mutated,not_mutated,not_mutated,not_mutated,not_mutated,not_mutated,not_mutated,not_mutated,not_mutated,not_mutated,not_mutated,not_mutated,not_mutated,not_mutated,not_mutated,not_mutated,not_mutated,not_mutated,not_mutated,0
male,26.26,white,mutated,not_mutated,not_mutated,not_mutated,not_mutated,mutated,not_mutated,not_mutated,not_mutated,mutated,not_mutated,not_mutated,not_mutated,not_mutated,not_mutated,not_mutated,not_mutated,not_mutated,not_mutated,not_mutated,0
male,58.73,white,not_mutated,not_mutated,not_mutated,not_mutated,mutated,not_mutated,not_mutated,not_mutated,not_mutated,not_mutated,not_mutated,not_mutated,not_mutated,not_mutated,not_mutated,not_mutated,not_mutated,not_mutated,not_mutated,not_mutated,0
male,31.03,white,mutated,not_mutated,not_mutated,not_mutated,not_mutated,mutated,not_mutated,not_mutated,not_mutated,not_mutated,not_mutated,not_mutated,mutated,not_mutated,not_mutated,not_mutated,not_mutated,not_mutated,not_mutated,not_mutated,0
female,30.44,white,mutated,mutated,mutated,not_mutated,not_mutated,not_mutated,mutated,not_mutated,not_mutated,not_mutated,not_mutated,not_mutated,not_mutated,not_mutated,not_mutated,not_mutated,not_mutated,not_mutated,not_mutated,not_mutated,0
female,45.63,white,not_mutated,not_mutated,not_mutated,mutated,not_mutated,not_mutated,not_mutated,not_mutated,not_mutated,not_mutated,not_mutated,mutated,not_mutated,not_mutated,not_mutated,not_mutated,not_mutated,not_mutated,not_mutated,not_mutated,0
female,37.45,white,mutated,not_mutated,not_mutated,not_mutated,not_mutated,not_mutated,not_mutated,not_mutated,not_mutated,not_mutated,mutated,not_mutated,not_mutated,not_mutated,not_mutated,not_mutated,not_mutated,not_mutated,not_mutated,not_mutated,0
female,34.44,white,mutated,mutated,not_mutated,not_mutated,not_mutated,not_mutated,not_mutated,not_mutated,not_mutated,not_mutated,not_mutated,not_mutated,not_mutated,not_mutated,not_mutated,not_mutated,not_mutated,not_mutated,not_mutated,not_mutated,0
female,34.93,white,mutated,not_mutated,not_mutated,not_mutated,not_mutated,not_mutated,not_mutated,not_mutated,not_mutated,not_mutated,not_mutated,not_mutated,not_mutated,not_mutated,not_mutated,not_mutated,not_mutated,not_mutated,not_mutated,not_mutated,0
male,32.15,white,mutated,mutated,mutated,not_mutated,not_mutated,not_mutated,not_mutated,not_mutated,not_mutated,not_mutated,not_mutated,not_mutated,not_mutated,not_mutated,not_mutated,not_mutated,not_mutated,not_mutated,not_mutated,not_mutated,0
male,66.48,white,mutated,not_mutated,not_mutated,not_mutated,not_mutated,mutated,not_mutated,not_mutated,not_mutated,not_mutated,not_mutated,not_mutated,not_mutated,not_mutated,not_mutated,not_mutated,not_mutated,not_mutated,not_mutated,not_mutated,0
male,46.24,white,not_mutated,not_mutated,not_mutated,mutated,not_mutated,not_mutated,not_mutated,mutated,not_mutated,not_mutated,not_mutated,not_mutated,not_mutated,not_mutated,not_mutated,not_mutated,not_mutated,not_mutated,not_mutated,not_mutated,0
female,38.89,black_or_african_american,mutated,mutated,mutated,not_mutated,not_mutated,not_mutated,not_mutated,mutated,not_mutated,not_mutated,not_mutated,not_mutated,not_mutated,not_mutated,not_mutated,not_mutated,not_mutated,not_mutated,not_mutated,not_mutated,0
male,33.58,white,mutated,mutated,not_mutated,not_mutated,not_mutated,not_mutated,not_mutated,not_mutated,mutated,not_mutated,not_mutated,not_mutated,not_mutated,not_mutated,not_mutated,not_mutated,not_mutated,not_mutated,not_mutated,not_mutated,0
male,40.17,white,mutated,not_mutated,not_mutated,not_mutated,not_mutated,not_mutated,not_mutated,not_mutated,not_mutated,not_mutated,not_mutated,not_mutated,not_mutated,not_mutated,not_mutated,not_mutated,not_mutated,not_mutated,not_mutated,not_mutated,0
female,52.4,white,mutated,mutated,not_mutated,not_mutated,not_mutated,not_mutated,not_mutated,not_mutated,not_mutated,not_mutated,not_mutated,not_mutated,not_mutated,not_mutated,not_mutated,not_mutated,not_mutated,not_mutated,not_mutated,not_mutated,0
female,58.15,white,mutated,not_mutated,not_mutated,not_mutated,not_mutated,mutated,not_mutated,not_mutated,not_mutated,not_mutated,not_mutated,not_mutated,not_mutated,mutated,not_mutated,not_mutated,not_mutated,not_mutated,not_mutated,not_mutated,0
female,31.51,white,mutated,mutated,mutated,not_mutated,not_mutated,not_mutated,not_mutated,not_mutated,not_mutated,not_mutated,not_mutated,not_mutated,not_mutated,not_mutated,not_mutated,not_mutated,not_mutated,not_mutated,not_mutated,not_mutated,0
female,43.77,black_or_african_american,mutated,mutated,mutated,not_mutated,not_mutated,not_mutated,not_mutated,not_mutated,not_mutated,not_mutated,not_mutated,not_mutated,not_mutated,not_mutated,not_mutated,not_mutated,not_mutated,not_mutated,not_mutated,not_mutated,0
male,33.53,white,mutated,mutated,not_mutated,not_mutated,not_mutated,not_mutated,not_mutated,not_mutated,not_mutated,not_mutated,not_mutated,not_mutated,not_mutated,not_mutated,not_mutated,not_mutated,not_mutated,not_mutated,not_mutated,not_mutated,0
female,55.11,white,mutated,not_mutated,not_mutated,not_mutated,not_mutated,mutated,not_mutated,not_mutated,not_mutated,not_mutated,mutated,not_mutated,not_mutated,not_mutated,not_mutated,not_mutated,not_mutated,not_mutated,not_mutated,not_mutated,0
male,43.62,white,mutated,mutated,mutated,not_mutated,not_mutated,not_mutated,not_mutated,not_mutated,not_mutated,not_mutated,not_mutated,not_mutated,not_mutated,not_mutated,not_mutated,not_mutated,not_mutated,not_mutated,not_mutated,not_mutated,0
male,60.34,white,mutated,not_mutated,not_mutated,not_mutated,not_mutated,mutated,not_mutated,mutated,not_mutated,not_mutated,mutated,not_mutated,mutated,not_mutated,not_mutated,not_mutated,not_mutated,not_mutated,not_mutated,not_mutated,0
male,33.91,white,mutated,not_mutated,not_mutated,not_mutated,not_mutated,mutated,not_mutated,not_mutated,not_mutated,not_mutated,mutated,not_mutated,not_mutated,not_mutated,not_mutated,not_mutated,not_mutated,not_mutated,not_mutated,not_mutated,0
female,48.22,white,mutated,not_mutated,not_mutated,not_mutated,not_mutated,mutated,not_mutated,not_mutated,not_mutated,not_mutated,mutated,not_mutated,not_mutated,not_mutated,not_mutated,not_mutated,not_mutated,not_mutated,not_mutated,not_mutated,0
female,70.56,white,not_mutated,not_mutated,not_mutated,not_mutated,mutated,not_mutated,not_mutated,not_mutated,not_mutated,not_mutated,not_mutated,not_mutated,not_mutated,not_mutated,not_mutated,not_mutated,not_mutated,not_mutated,not_mutated,not_mutated,0
male,53.54,white,mutated,mutated,not_mutated,not_mutated,not_mutated,not_mutated,mutated,not_mutated,not_mutated,not_mutated,not_mutated,not_mutated,not_mutated,not_mutated,not_mutated,not_mutated,not_mutated,not_mutated,mutated,not_mutated,0
male,66.37,white,not_mutated,not_mutated,mutated,not_mutated,not_mutated,not_mutated,not_mutated,not_mutated,mutated,not_mutated,not_mutated,not_mutated,not_mutated,not_mutated,not_mutated,not_mutated,not_mutated,not_mutated,not_mutated,not_mutated,0
male,36.75,white,mutated,not_mutated,not_mutated,not_mutated,not_mutated,not_mutated,not_mutated,mutated,not_mutated,not_mutated,not_mutated,not_mutated,not_mutated,not_mutated,not_mutated,not_mutated,not_mutated,not_mutated,not_mutated,not_mutated,0
male,40.13,white,mutated,not_mutated,not_mutated,not_mutated,not_mutated,not_mutated,not_mutated,mutated,not_mutated,not_mutated,mutated,not_mutated,not_mutated,not_mutated,not_mutated,not_mutated,not_mutated,not_mutated,not_mutated,not_mutated,0
female,73.28,white,mutated,not_mutated,not_mutated,not_mutated,not_mutated,mutated,mutated,not_mutated,not_mutated,not_mutated,not_mutated,not_mutated,not_mutated,not_mutated,not_mutated,not_mutated,not_mutated,not_mutated,not_mutated,not_mutated,0
male,36.45,white,mutated,mutated,mutated,not_mutated,not_mutated,not_mutated,not_mutated,not_mutated,not_mutated,not_mutated,not_mutated,not_mutated,not_mutated,not_mutated,not_mutated,not_mutated,not_mutated,not_mutated,not_mutated,not_mutated,0
female,74.15,white,mutated,not_mutated,not_mutated,not_mutated,not_mutated,mutated,not_mutated,not_mutated,not_mutated,not_mutated,not_mutated,not_mutated,not_mutated,not_mutated,not_mutated,not_mutated,not_mutated,not_mutated,not_mutated,not_mutated,0
female,43.4,white,mutated,not_mutated,not_mutated,not_mutated,not_mutated,mutated,not_mutated,not_mutated,not_mutated,not_mutated,not_mutated,not_mutated,not_mutated,not_mutated,not_mutated,not_mutated,not_mutated,not_mutated,not_mutated,not_mutated,0
male,40.88,white,not_mutated,not_mutated,not_mutated,mutated,not_mutated,not_mutated,not_mutated,not_mutated,not_mutated,not_mutated,not_mutated,not_mutated,not_mutated,not_mutated,not_mutated,not_mutated,not_mutated,not_mutated,not_mutated,not_mutated,0
male,38.35,white,mutated,not_mutated,not_mutated,not_mutated,not_mutated,mutated,not_mutated,not_mutated,not_mutated,not_mutated,mutated,not_mutated,not_mutated,not_mutated,not_mutated,not_mutated,not_mutated,not_mutated,not_mutated,not_mutated,0
female,54.8,white,mutated,not_mutated,not_mutated,not_mutated,not_mutated,not_mutated,not_mutated,not_mutated,not_mutated,not_mutated,mutated,not_mutated,mutated,not_mutated,not_mutated,not_mutated,not_mutated,not_mutated,not_mutated,not_mutated,0
female,63.15,white,not_mutated,not_mutated,not_mutated,not_mutated,not_mutated,not_mutated,not_mutated,not_mutated,not_mutated,not_mutated,not_mutated,not_mutated,not_mutated,not_mutated,not_mutated,not_mutated,not_mutated,not_mutated,not_mutated,not_mutated,0
male,62.83,white,mutated,mutated,mutated,not_mutated,not_mutated,not_mutated,not_mutated,not_mutated,not_mutated,not_mutated,not_mutated,not_mutated,not_mutated,not_mutated,not_mutated,not_mutated,not_mutated,not_mutated,not_mutated,not_mutated,0
female,35.15,white,not_mutated,mutated,mutated,mutated,mutated,mutated,mutated,mutated,mutated,not_mutated,mutated,mutated,mutated,mutated,mutated,mutated,mutated,not_mutated,mutated,mutated,0
male,39.48,white,mutated,mutated,not_mutated,not_mutated,not_mutated,not_mutated,not_mutated,not_mutated,not_mutated,not_mutated,not_mutated,not_mutated,not_mutated,not_mutated,mutated,mutated,not_mutated,not_mutated,not_mutated,not_mutated,0
male,29.93,white,mutated,mutated,mutated,not_mutated,not_mutated,not_mutated,not_mutated,not_mutated,not_mutated,not_mutated,not_mutated,not_mutated,not_mutated,not_mutated,not_mutated,not_mutated,not_mutated,not_mutated,not_mutated,not_mutated,0
male,46.91,white,mutated,mutated,not_mutated,not_mutated,not_mutated,not_mutated,not_mutated,not_mutated,not_mutated,not_mutated,not_mutated,not_mutated,not_mutated,not_mutated,not_mutated,mutated,not_mutated,not_mutated,not_mutated,not_mutated,0
female,46.3,white,mutated,not_mutated,not_mutated,not_mutated,not_mutated,mutated,not_mutated,not_mutated,not_mutated,not_mutated,not_mutated,not_mutated,not_mutated,not_mutated,not_mutated,not_mutated,not_mutated,not_mutated,not_mutated,not_mutated,0
female,51.9,white,mutated,mutated,mutated,not_mutated,not_mutated,not_mutated,not_mutated,not_mutated,not_mutated,not_mutated,not_mutated,not_mutated,not_mutated,not_mutated,not_mutated,not_mutated,not_mutated,not_mutated,not_mutated,not_mutated,0
male,54.61,white,mutated,not_mutated,not_mutated,not_mutated,not_mutated,mutated,not_mutated,not_mutated,not_mutated,not_mutated,not_mutated,not_mutated,not_mutated,not_mutated,not_mutated,not_mutated,not_mutated,not_mutated,not_mutated,not_mutated,0
female,42.25,white,mutated,not_mutated,not_mutated,not_mutated,not_mutated,not_mutated,not_mutated,not_mutated,not_mutated,not_mutated,not_mutated,not_mutated,mutated,not_mutated,not_mutated,not_mutated,not_mutated,not_mutated,not_mutated,not_mutated,0
male,64.3,white,not_mutated,not_mutated,not_mutated,not_mutated,not_mutated,not_mutated,not_mutated,not_mutated,not_mutated,not_mutated,not_mutated,not_mutated,not_mutated,not_mutated,not_mutated,not_mutated,not_mutated,not_mutated,not_mutated,not_mutated,0
male,29.6,white,mutated,mutated,not_mutated,not_mutated,not_mutated,not_mutated,not_mutated,not_mutated,not_mutated,not_mutated,not_mutated,not_mutated,not_mutated,not_mutated,not_mutated,not_mutated,not_mutated,not_mutated,not_mutated,not_mutated,0
female,65.53,white,mutated,not_mutated,not_mutated,not_mutated,not_mutated,mutated,not_mutated,mutated,not_mutated,not_mutated,not_mutated,not_mutated,not_mutated,mutated,not_mutated,not_mutated,not_mutated,not_mutated,not_mutated,not_mutated,0
female,41.25,white,mutated,mutated,not_mutated,not_mutated,not_mutated,not_mutated,not_mutated,not_mutated,not_mutated,not_mutated,not_mutated,not_mutated,not_mutated,not_mutated,not_mutated,not_mutated,not_mutated,not_mutated,not_mutated,not_mutated,0
female,31.56,white,mutated,not_mutated,mutated,not_mutated,not_mutated,mutated,not_mutated,not_mutated,not_mutated,not_mutated,not_mutated,not_mutated,mutated,not_mutated,not_mutated,not_mutated,not_mutated,not_mutated,not_mutated,not_mutated,0
female,58.01,white,mutated,not_mutated,not_mutated,not_mutated,not_mutated,not_mutated,not_mutated,not_mutated,not_mutated,mutated,not_mutated,not_mutated,not_mutated,not_mutated,not_mutated,not_mutated,not_mutated,not_mutated,not_mutated,not_mutated,0
male,54.87,white,mutated,mutated,not_mutated,not_mutated,not_mutated,mutated,not_mutated,not_mutated,not_mutated,not_mutated,mutated,not_mutated,mutated,mutated,not_mutated,not_mutated,not_mutated,not_mutated,not_mutated,not_mutated,0
male,28.07,white,mutated,mutated,mutated,not_mutated,not_mutated,not_mutated,not_mutated,not_mutated,not_mutated,not_mutated,not_mutated,not_mutated,not_mutated,not_mutated,not_mutated,not_mutated,mutated,not_mutated,not_mutated,not_mutated,0
female,20.32,white,mutated,mutated,mutated,not_mutated,not_mutated,not_mutated,not_mutated,not_mutated,not_mutated,not_mutated,not_mutated,not_mutated,not_mutated,not_mutated,not_mutated,not_mutated,not_mutated,not_mutated,not_mutated,not_mutated,0
male,34.44,asian,mutated,not_mutated,not_mutated,not_mutated,not_mutated,not_mutated,not_mutated,not_mutated,not_mutated,not_mutated,not_mutated,not_mutated,not_mutated,not_mutated,not_mutated,mutated,not_mutated,not_mutated,not_mutated,not_mutated,0
male,54.54,white,mutated,not_mutated,not_mutated,not_mutated,not_mutated,mutated,not_mutated,not_mutated,not_mutated,not_mutated,not_mutated,not_mutated,not_mutated,not_mutated,not_mutated,not_mutated,not_mutated,not_mutated,not_mutated,not_mutated,0
male,45.71,white,mutated,not_mutated,not_mutated,not_mutated,not_mutated,mutated,not_mutated,not_mutated,not_mutated,not_mutated,mutated,not_mutated,not_mutated,not_mutated,not_mutated,not_mutated,not_mutated,not_mutated,not_mutated,not_mutated,0
female,48.89,white,mutated,mutated,mutated,not_mutated,not_mutated,not_mutated,not_mutated,not_mutated,not_mutated,not_mutated,not_mutated,not_mutated,not_mutated,not_mutated,not_mutated,not_mutated,not_mutated,not_mutated,not_mutated,not_mutated,0
male,29.24,white,mutated,mutated,mutated,not_mutated,not_mutated,not_mutated,not_mutated,not_mutated,not_mutated,not_mutated,not_mutated,not_mutated,not_mutated,not_mutated,not_mutated,not_mutated,not_mutated,not_mutated,not_mutated,not_mutated,0
male,22.02,white,not_mutated,not_mutated,not_mutated,not_mutated,not_mutated,not_mutated,not_mutated,not_mutated,not_mutated,not_mutated,not_mutated,not_mutated,not_mutated,not_mutated,not_mutated,not_mutated,not_mutated,mutated,not_mutated,not_mutated,0
male,32.44,white,not_mutated,not_mutated,not_mutated,not_mutated,not_mutated,not_mutated,not_mutated,not_mutated,mutated,not_mutated,not_mutated,not_mutated,not_mutated,not_mutated,not_mutated,not_mutated,not_mutated,not_mutated,not_mutated,not_mutated,0
male,40.14,white,mutated,mutated,not_mutated,not_mutated,not_mutated,mutated,mutated,not_mutated,not_mutated,not_mutated,mutated,not_mutated,not_mutated,not_mutated,not_mutated,not_mutated,not_mutated,not_mutated,not_mutated,not_mutated,0
female,61.13,white,mutated,not_mutated,not_mutated,not_mutated,not_mutated,mutated,not_mutated,not_mutated,not_mutated,not_mutated,not_mutated,not_mutated,not_mutated,not_mutated,not_mutated,not_mutated,not_mutated,not_mutated,not_mutated,not_mutated,0
male,57.76,white,not_mutated,not_mutated,not_mutated,not_mutated,mutated,not_mutated,not_mutated,not_mutated,mutated,not_mutated,not_mutated,not_mutated,not_mutated,not_mutated,not_mutated,not_mutated,not_mutated,not_mutated,not_mutated,not_mutated,0
male,54.27,white,not_mutated,not_mutated,not_mutated,not_mutated,not_mutated,not_mutated,not_mutated,not_mutated,mutated,not_mutated,not_mutated,not_mutated,not_mutated,not_mutated,not_mutated,not_mutated,not_mutated,not_mutated,not_mutated,not_mutated,0
female,56.87,white,mutated,not_mutated,not_mutated,not_mutated,not_mutated,mutated,mutated,not_mutated,not_mutated,mutated,not_mutated,not_mutated,not_mutated,not_mutated,not_mutated,not_mutated,not_mutated,not_mutated,not_mutated,not_mutated,0
female,34.38,white,mutated,mutated,mutated,not_mutated,not_mutated,not_mutated,not_mutated,not_mutated,not_mutated,not_mutated,not_mutated,not_mutated,not_mutated,not_mutated,not_mutated,not_mutated,not_mutated,not_mutated,not_mutated,not_mutated,0
female,27.79,white,mutated,mutated,mutated,not_mutated,not_mutated,not_mutated,not_mutated,not_mutated,not_mutated,not_mutated,not_mutated,not_mutated,not_mutated,not_mutated,not_mutated,not_mutated,not_mutated,not_mutated,not_mutated,not_mutated,0
male,53.69,white,mutated,not_mutated,not_mutated,not_mutated,not_mutated,mutated,not_mutated,not_mutated,not_mutated,not_mutated,mutated,not_mutated,not_mutated,not_mutated,not_mutated,not_mutated,not_mutated,not_mutated,not_mutated,not_mutated,0
male,43.91,white,mutated,mutated,not_mutated,mutated,not_mutated,not_mutated,not_mutated,not_mutated,not_mutated,not_mutated,not_mutated,not_mutated,not_mutated,not_mutated,not_mutated,not_mutated,not_mutated,not_mutated,not_mutated,not_mutated,0
female,41.03,white,mutated,mutated,mutated,not_mutated,not_mutated,not_mutated,not_mutated,not_mutated,not_mutated,not_mutated,not_mutated,not_mutated,not_mutated,not_mutated,not_mutated,not_mutated,not_mutated,not_mutated,not_mutated,not_mutated,0
male,33.28,white,mutated,not_mutated,not_mutated,not_mutated,not_mutated,mutated,not_mutated,mutated,not_mutated,not_mutated,not_mutated,not_mutated,mutated,not_mutated,not_mutated,not_mutated,not_mutated,not_mutated,not_mutated,not_mutated,0
male,39.1,white,mutated,mutated,not_mutated,not_mutated,not_mutated,not_mutated,not_mutated,not_mutated,not_mutated,not_mutated,not_mutated,not_mutated,not_mutated,not_mutated,not_mutated,mutated,not_mutated,not_mutated,not_mutated,not_mutated,0
male,31.82,white,mutated,mutated,mutated,not_mutated,not_mutated,not_mutated,not_mutated,not_mutated,not_mutated,not_mutated,not_mutated,not_mutated,not_mutated,not_mutated,not_mutated,not_mutated,not_mutated,not_mutated,not_mutated,not_mutated,0
female,67.6,white,mutated,not_mutated,not_mutated,not_mutated,not_mutated,mutated,not_mutated,not_mutated,not_mutated,not_mutated,mutated,not_mutated,mutated,not_mutated,not_mutated,not_mutated,not_mutated,not_mutated,not_mutated,not_mutated,0
male,30.38,white,not_mutated,mutated,mutated,not_mutated,not_mutated,not_mutated,not_mutated,not_mutated,not_mutated,not_mutated,not_mutated,not_mutated,not_mutated,not_mutated,not_mutated,not_mutated,not_mutated,not_mutated,not_mutated,mutated,0
male,48.58,white,mutated,mutated,not_mutated,not_mutated,not_mutated,not_mutated,not_mutated,not_mutated,not_mutated,not_mutated,not_mutated,not_mutated,not_mutated,not_mutated,not_mutated,not_mutated,not_mutated,not_mutated,not_mutated,not_mutated,0
male,50.83,white,not_mutated,not_mutated,not_mutated,not_mutated,not_mutated,not_mutated,not_mutated,not_mutated,not_mutated,not_mutated,not_mutated,not_mutated,not_mutated,not_mutated,not_mutated,not_mutated,not_mutated,mutated,not_mutated,not_mutated,0
male,45.09,white,mutated,not_mutated,not_mutated,not_mutated,not_mutated,mutated,not_mutated,not_mutated,not_mutated,not_mutated,mutated,not_mutated,not_mutated,not_mutated,not_mutated,not_mutated,not_mutated,not_mutated,not_mutated,not_mutated,0
female,47.82,white,mutated,mutated,mutated,not_mutated,not_mutated,not_mutated,not_mutated,not_mutated,not_mutated,not_mutated,not_mutated,not_mutated,not_mutated,not_mutated,not_mutated,not_mutated,not_mutated,not_mutated,not_mutated,not_mutated,0
male,32.43,white,not_mutated,not_mutated,not_mutated,not_mutated,not_mutated,mutated,not_mutated,not_mutated,not_mutated,not_mutated,not_mutated,not_mutated,not_mutated,not_mutated,not_mutated,not_mutated,not_mutated,mutated,not_mutated,not_mutated,0
female,38.04,white,mutated,not_mutated,not_mutated,not_mutated,not_mutated,not_mutated,not_mutated,not_mutated,not_mutated,not_mutated,mutated,not_mutated,not_mutated,not_mutated,not_mutated,not_mutated,not_mutated,not_mutated,mutated,not_mutated,0
male,26.47,white,mutated,mutated,mutated,not_mutated,not_mutated,not_mutated,not_mutated,not_mutated,not_mutated,not_mutated,not_mutated,not_mutated,not_mutated,not_mutated,not_mutated,not_mutated,not_mutated,not_mutated,not_mutated,not_mutated,0
male,29.58,white,mutated,mutated,not_mutated,not_mutated,not_mutated,not_mutated,not_mutated,not_mutated,not_mutated,not_mutated,not_mutated,not_mutated,not_mutated,not_mutated,not_mutated,not_mutated,not_mutated,not_mutated,not_mutated,not_mutated,0
male,28.22,white,mutated,mutated,mutated,not_mutated,not_mutated,not_mutated,not_mutated,not_mutated,not_mutated,not_mutated,not_mutated,not_mutated,not_mutated,not_mutated,not_mutated,not_mutated,not_mutated,not_mutated,not_mutated,not_mutated,0
female,66.04,white,mutated,not_mutated,not_mutated,not_mutated,not_mutated,mutated,not_mutated,not_mutated,not_mutated,not_mutated,not_mutated,not_mutated,mutated,not_mutated,not_mutated,not_mutated,not_mutated,not_mutated,not_mutated,not_mutated,0
male,39.83,white,mutated,not_mutated,not_mutated,not_mutated,not_mutated,not_mutated,not_mutated,not_mutated,not_mutated,not_mutated,not_mutated,not_mutated,mutated,not_mutated,not_mutated,mutated,not_mutated,not_mutated,not_mutated,not_mutated,0
male,33.65,white,mutated,not_mutated,not_mutated,not_mutated,not_mutated,mutated,not_mutated,not_mutated,not_mutated,not_mutated,not_mutated,not_mutated,not_mutated,not_mutated,not_mutated,not_mutated,not_mutated,not_mutated,not_mutated,not_mutated,0
female,60.21,white,not_mutated,not_mutated,not_mutated,not_mutated,mutated,not_mutated,not_mutated,mutated,not_mutated,not_mutated,not_mutated,not_mutated,not_mutated,not_mutated,not_mutated,not_mutated,not_mutated,not_mutated,not_mutated,not_mutated,0
male,35.18,white,mutated,mutated,mutated,not_mutated,not_mutated,not_mutated,not_mutated,not_mutated,not_mutated,not_mutated,not_mutated,not_mutated,not_mutated,not_mutated,not_mutated,not_mutated,not_mutated,not_mutated,not_mutated,not_mutated,0
male,35.12,white,mutated,not_mutated,not_mutated,not_mutated,not_mutated,not_mutated,not_mutated,not_mutated,not_mutated,not_mutated,not_mutated,not_mutated,not_mutated,not_mutated,not_mutated,not_mutated,not_mutated,not_mutated,not_mutated,not_mutated,0
male,58.46,white,mutated,not_mutated,not_mutated,not_mutated,not_mutated,not_mutated,not_mutated,not_mutated,not_mutated,not_mutated,not_mutated,not_mutated,not_mutated,not_mutated,not_mutated,not_mutated,not_mutated,not_mutated,not_mutated,not_mutated,0
female,26.14,white,mutated,not_mutated,mutated,not_mutated,not_mutated,not_mutated,not_mutated,not_mutated,not_mutated,not_mutated,not_mutated,not_mutated,not_mutated,not_mutated,mutated,not_mutated,not_mutated,not_mutated,not_mutated,not_mutated,0
male,30.31,white,mutated,mutated,mutated,not_mutated,not_mutated,not_mutated,not_mutated,not_mutated,not_mutated,not_mutated,not_mutated,not_mutated,not_mutated,not_mutated,not_mutated,not_mutated,not_mutated,not_mutated,not_mutated,not_mutated,0
female,38.22,white,mutated,not_mutated,not_mutated,not_mutated,mutated,not_mutated,not_mutated,mutated,not_mutated,not_mutated,not_mutated,not_mutated,not_mutated,not_mutated,mutated,not_mutated,not_mutated,not_mutated,not_mutated,not_mutated,0
male,35.89,white,mutated,mutated,mutated,not_mutated,not_mutated,not_mutated,not_mutated,not_mutated,not_mutated,not_mutated,not_mutated,not_mutated,not_mutated,not_mutated,not_mutated,not_mutated,not_mutated,not_mutated,not_mutated,not_mutated,0
male,39.8,white,mutated,not_mutated,not_mutated,not_mutated,not_mutated,mutated,not_mutated,not_mutated,not_mutated,not_mutated,mutated,not_mutated,not_mutated,not_mutated,not_mutated,not_mutated,not_mutated,not_mutated,not_mutated,not_mutated,0
male,55.84,black_or_african_american,not_mutated,not_mutated,not_mutated,not_mutated,not_mutated,not_mutated,not_mutated,not_mutated,not_mutated,mutated,not_mutated,not_mutated,not_mutated,not_mutated,not_mutated,not_mutated,not_mutated,not_mutated,not_mutated,not_mutated,0
female,49.92,white,mutated,mutated,mutated,not_mutated,not_mutated,not_mutated,not_mutated,not_mutated,not_mutated,not_mutated,not_mutated,not_mutated,not_mutated,not_mutated,not_mutated,not_mutated,not_mutated,not_mutated,not_mutated,not_mutated,0
male,50.16,white,mutated,not_mutated,mutated,not_mutated,not_mutated,not_mutated,not_mutated,not_mutated,not_mutated,not_mutated,not_mutated,not_mutated,not_mutated,not_mutated,not_mutated,not_mutated,not_mutated,not_mutated,not_mutated,not_mutated,0
male,52.45,white,mutated,mutated,mutated,not_mutated,not_mutated,not_mutated,not_mutated,not_mutated,not_mutated,not_mutated,not_mutated,not_mutated,mutated,not_mutated,not_mutated,not_mutated,not_mutated,not_mutated,not_mutated,not_mutated,0
female,51.33,white,not_mutated,not_mutated,not_mutated,mutated,mutated,not_mutated,not_mutated,not_mutated,not_mutated,not_mutated,not_mutated,not_mutated,not_mutated,not_mutated,not_mutated,not_mutated,not_mutated,not_mutated,not_mutated,not_mutated,0
female,61.78,white,not_mutated,not_mutated,not_mutated,not_mutated,mutated,not_mutated,not_mutated,not_mutated,not_mutated,not_mutated,not_mutated,not_mutated,not_mutated,not_mutated,not_mutated,not_mutated,not_mutated,not_mutated,not_mutated,not_mutated,0
female,52.41,white,mutated,mutated,mutated,not_mutated,not_mutated,not_mutated,not_mutated,not_mutated,not_mutated,not_mutated,not_mutated,not_mutated,not_mutated,not_mutated,not_mutated,not_mutated,not_mutated,not_mutated,not_mutated,not_mutated,0
male,35.18,white,mutated,mutated,mutated,not_mutated,not_mutated,not_mutated,not_mutated,not_mutated,not_mutated,not_mutated,not_mutated,not_mutated,not_mutated,not_mutated,not_mutated,not_mutated,not_mutated,not_mutated,not_mutated,not_mutated,0
female,47.73,white,mutated,not_mutated,not_mutated,not_mutated,not_mutated,mutated,not_mutated,not_mutated,not_mutated,not_mutated,mutated,not_mutated,not_mutated,not_mutated,not_mutated,not_mutated,not_mutated,not_mutated,not_mutated,not_mutated,0
female,35.19,white,not_mutated,not_mutated,not_mutated,not_mutated,not_mutated,not_mutated,not_mutated,not_mutated,not_mutated,not_mutated,not_mutated,not_mutated,not_mutated,not_mutated,not_mutated,not_mutated,not_mutated,mutated,not_mutated,not_mutated,0
female,31.29,white,mutated,mutated,mutated,not_mutated,not_mutated,not_mutated,not_mutated,not_mutated,not_mutated,not_mutated,not_mutated,not_mutated,not_mutated,not_mutated,not_mutated,not_mutated,not_mutated,not_mutated,not_mutated,not_mutated,0
male,31.1,white,mutated,not_mutated,not_mutated,not_mutated,not_mutated,mutated,not_mutated,not_mutated,not_mutated,not_mutated,not_mutated,not_mutated,not_mutated,not_mutated,not_mutated,not_mutated,mutated,not_mutated,not_mutated,not_mutated,0
female,37.14,white,mutated,not_mutated,not_mutated,not_mutated,not_mutated,mutated,not_mutated,not_mutated,not_mutated,not_mutated,mutated,not_mutated,not_mutated,not_mutated,not_mutated,not_mutated,not_mutated,not_mutated,not_mutated,not_mutated,0
male,37.27,white,mutated,mutated,mutated,not_mutated,not_mutated,not_mutated,not_mutated,not_mutated,not_mutated,not_mutated,not_mutated,not_mutated,mutated,not_mutated,not_mutated,not_mutated,not_mutated,not_mutated,not_mutated,not_mutated,0
female,52.43,white,mutated,not_mutated,not_mutated,not_mutated,not_mutated,not_mutated,not_mutated,not_mutated,not_mutated,not_mutated,not_mutated,not_mutated,not_mutated,not_mutated,not_mutated,not_mutated,not_mutated,not_mutated,not_mutated,not_mutated,0
male,42.68,white,mutated,mutated,mutated,not_mutated,not_mutated,not_mutated,not_mutated,not_mutated,not_mutated,not_mutated,not_mutated,not_mutated,not_mutated,not_mutated,not_mutated,not_mutated,not_mutated,not_mutated,not_mutated,not_mutated,0
male,32.32,white,mutated,mutated,not_mutated,not_mutated,not_mutated,not_mutated,not_mutated,not_mutated,not_mutated,not_mutated,not_mutated,not_mutated,not_mutated,not_mutated,not_mutated,not_mutated,not_mutated,not_mutated,not_mutated,not_mutated,0
male,61.06,black_or_african_american,mutated,not_mutated,not_mutated,not_mutated,not_mutated,mutated,not_mutated,not_mutated,mutated,not_mutated,mutated,not_mutated,not_mutated,not_mutated,not_mutated,not_mutated,not_mutated,not_mutated,not_mutated,not_mutated,0
female,48.21,white,mutated,not_mutated,not_mutated,not_mutated,not_mutated,mutated,not_mutated,not_mutated,not_mutated,not_mutated,not_mutated,not_mutated,not_mutated,not_mutated,not_mutated,not_mutated,not_mutated,not_mutated,not_mutated,not_mutated,0
male,34.12,white,mutated,mutated,mutated,not_mutated,not_mutated,not_mutated,mutated,not_mutated,not_mutated,not_mutated,not_mutated,not_mutated,not_mutated,not_mutated,not_mutated,not_mutated,not_mutated,not_mutated,not_mutated,not_mutated,0
male,30.69,white,mutated,not_mutated,not_mutated,not_mutated,not_mutated,mutated,not_mutated,mutated,not_mutated,not_mutated,not_mutated,not_mutated,not_mutated,not_mutated,not_mutated,not_mutated,not_mutated,not_mutated,not_mutated,not_mutated,0
male,30.24,white,mutated,mutated,mutated,not_mutated,not_mutated,not_mutated,not_mutated,not_mutated,mutated,not_mutated,not_mutated,not_mutated,not_mutated,not_mutated,not_mutated,not_mutated,not_mutated,not_mutated,not_mutated,not_mutated,0
male,28.53,white,mutated,mutated,mutated,not_mutated,not_mutated,not_mutated,not_mutated,not_mutated,not_mutated,not_mutated,not_mutated,not_mutated,not_mutated,not_mutated,not_mutated,not_mutated,not_mutated,not_mutated,not_mutated,not_mutated,0
male,47.62,white,mutated,mutated,mutated,not_mutated,not_mutated,not_mutated,not_mutated,not_mutated,not_mutated,not_mutated,not_mutated,not_mutated,not_mutated,not_mutated,not_mutated,mutated,not_mutated,not_mutated,not_mutated,not_mutated,0
male,35.25,white,not_mutated,not_mutated,not_mutated,not_mutated,not_mutated,mutated,not_mutated,mutated,not_mutated,not_mutated,not_mutated,not_mutated,not_mutated,not_mutated,not_mutated,not_mutated,not_mutated,mutated,not_mutated,not_mutated,0
male,23.47,white,not_mutated,mutated,mutated,not_mutated,not_mutated,not_mutated,not_mutated,not_mutated,mutated,not_mutated,not_mutated,not_mutated,not_mutated,not_mutated,not_mutated,not_mutated,not_mutated,not_mutated,not_mutated,not_mutated,0
male,49.72,white,mutated,mutated,mutated,mutated,not_mutated,not_mutated,not_mutated,not_mutated,not_mutated,not_mutated,not_mutated,not_mutated,not_mutated,mutated,not_mutated,not_mutated,not_mutated,not_mutated,not_mutated,not_mutated,0
male,36.21,white,mutated,not_mutated,not_mutated,not_mutated,not_mutated,mutated,not_mutated,not_mutated,not_mutated,not_mutated,not_mutated,not_mutated,not_mutated,not_mutated,not_mutated,not_mutated,not_mutated,not_mutated,not_mutated,not_mutated,0
male,22.82,white,mutated,mutated,not_mutated,not_mutated,not_mutated,not_mutated,not_mutated,not_mutated,not_mutated,not_mutated,not_mutated,not_mutated,not_mutated,not_mutated,not_mutated,not_mutated,not_mutated,not_mutated,not_mutated,not_mutated,0
male,42.01,white,mutated,mutated,not_mutated,not_mutated,not_mutated,not_mutated,not_mutated,not_mutated,not_mutated,not_mutated,not_mutated,not_mutated,not_mutated,not_mutated,not_mutated,not_mutated,not_mutated,not_mutated,not_mutated,not_mutated,0
female,28.58,white,not_mutated,not_mutated,not_mutated,not_mutated,not_mutated,mutated,not_mutated,not_mutated,not_mutated,not_mutated,not_mutated,not_mutated,not_mutated,not_mutated,not_mutated,not_mutated,not_mutated,mutated,not_mutated,not_mutated,0
male,25.64,white,mutated,not_mutated,not_mutated,not_mutated,not_mutated,mutated,not_mutated,not_mutated,not_mutated,not_mutated,not_mutated,not_mutated,not_mutated,not_mutated,not_mutated,not_mutated,not_mutated,not_mutated,not_mutated,not_mutated,0
male,66.01,black_or_african_american,not_mutated,not_mutated,not_mutated,mutated,not_mutated,not_mutated,not_mutated,not_mutated,mutated,not_mutated,not_mutated,not_mutated,not_mutated,not_mutated,not_mutated,not_mutated,not_mutated,not_mutated,not_mutated,not_mutated,0
male,46.5,white,not_mutated,mutated,not_mutated,not_mutated,not_mutated,not_mutated,not_mutated,not_mutated,not_mutated,not_mutated,not_mutated,not_mutated,not_mutated,not_mutated,not_mutated,not_mutated,not_mutated,not_mutated,not_mutated,not_mutated,0
female,57.85,white,not_mutated,not_mutated,not_mutated,mutated,mutated,not_mutated,not_mutated,not_mutated,not_mutated,not_mutated,not_mutated,not_mutated,not_mutated,not_mutated,not_mutated,not_mutated,not_mutated,not_mutated,not_mutated,not_mutated,0
male,43.06,white,mutated,not_mutated,not_mutated,not_mutated,not_mutated,not_mutated,not_mutated,mutated,not_mutated,not_mutated,not_mutated,not_mutated,not_mutated,not_mutated,not_mutated,not_mutated,not_mutated,not_mutated,not_mutated,not_mutated,0
female,49.85,white,not_mutated,not_mutated,not_mutated,not_mutated,not_mutated,not_mutated,not_mutated,not_mutated,not_mutated,not_mutated,not_mutated,not_mutated,not_mutated,not_mutated,not_mutated,not_mutated,not_mutated,not_mutated,not_mutated,not_mutated,0
male,33.27,white,mutated,mutated,mutated,not_mutated,not_mutated,not_mutated,not_mutated,not_mutated,not_mutated,not_mutated,not_mutated,not_mutated,not_mutated,not_mutated,not_mutated,not_mutated,not_mutated,not_mutated,not_mutated,not_mutated,0
male,27.84,white,mutated,mutated,mutated,not_mutated,not_mutated,not_mutated,not_mutated,not_mutated,not_mutated,not_mutated,not_mutated,not_mutated,not_mutated,not_mutated,not_mutated,mutated,not_mutated,not_mutated,not_mutated,not_mutated,0
female,62.45,white,mutated,mutated,mutated,not_mutated,not_mutated,not_mutated,not_mutated,not_mutated,not_mutated,not_mutated,not_mutated,not_mutated,not_mutated,not_mutated,not_mutated,not_mutated,not_mutated,not_mutated,not_mutated,not_mutated,0
female,55.42,white,mutated,not_mutated,not_mutated,not_mutated,not_mutated,mutated,not_mutated,not_mutated,mutated,not_mutated,mutated,not_mutated,mutated,not_mutated,not_mutated,not_mutated,not_mutated,not_mutated,not_mutated,not_mutated,0
female,37.78,white,mutated,not_mutated,not_mutated,not_mutated,not_mutated,mutated,not_mutated,not_mutated,not_mutated,not_mutated,not_mutated,not_mutated,not_mutated,not_mutated,not_mutated,not_mutated,not_mutated,not_mutated,not_mutated,not_mutated,0
male,37.29,white,mutated,mutated,mutated,not_mutated,not_mutated,not_mutated,not_mutated,not_mutated,not_mutated,not_mutated,not_mutated,not_mutated,not_mutated,not_mutated,not_mutated,not_mutated,not_mutated,not_mutated,not_mutated,not_mutated,0
male,32.33,white,mutated,mutated,not_mutated,not_mutated,not_mutated,not_mutated,not_mutated,not_mutated,not_mutated,not_mutated,not_mutated,not_mutated,not_mutated,not_mutated,not_mutated,not_mutated,not_mutated,not_mutated,not_mutated,not_mutated,0
male,38.39,white,mutated,mutated,mutated,not_mutated,not_mutated,not_mutated,not_mutated,not_mutated,not_mutated,not_mutated,not_mutated,not_mutated,not_mutated,not_mutated,not_mutated,not_mutated,not_mutated,not_mutated,not_mutated,not_mutated,0
female,42.79,white,mutated,mutated,not_mutated,not_mutated,not_mutated,not_mutated,not_mutated,mutated,not_mutated,not_mutated,not_mutated,not_mutated,not_mutated,not_mutated,not_mutated,not_mutated,not_mutated,not_mutated,not_mutated,not_mutated,0
male,47.45,american_indian_or_alaska_native,not_mutated,not_mutated,not_mutated,not_mutated,not_mutated,not_mutated,not_mutated,not_mutated,not_mutated,not_mutated,not_mutated,not_mutated,not_mutated,not_mutated,not_mutated,not_mutated,not_mutated,not_mutated,not_mutated,not_mutated,0
male,54.62,white,mutated,not_mutated,not_mutated,not_mutated,not_mutated,mutated,not_mutated,mutated,not_mutated,not_mutated,mutated,not_mutated,not_mutated,not_mutated,not_mutated,not_mutated,not_mutated,not_mutated,not_mutated,not_mutated,0
female,29.13,white,mutated,mutated,mutated,not_mutated,not_mutated,not_mutated,not_mutated,not_mutated,not_mutated,not_mutated,not_mutated,not_mutated,not_mutated,not_mutated,not_mutated,not_mutated,not_mutated,not_mutated,not_mutated,not_mutated,0
female,39.98,white,mutated,mutated,mutated,not_mutated,not_mutated,not_mutated,not_mutated,not_mutated,not_mutated,not_mutated,not_mutated,not_mutated,not_mutated,not_mutated,not_mutated,not_mutated,not_mutated,not_mutated,not_mutated,not_mutated,0
male,28.68,white,mutated,not_mutated,not_mutated,not_mutated,not_mutated,mutated,not_mutated,mutated,not_mutated,not_mutated,not_mutated,not_mutated,not_mutated,not_mutated,not_mutated,not_mutated,not_mutated,not_mutated,not_mutated,not_mutated,0
female,23.3,white,mutated,mutated,mutated,not_mutated,not_mutated,not_mutated,not_mutated,not_mutated,not_mutated,not_mutated,not_mutated,not_mutated,not_mutated,not_mutated,not_mutated,not_mutated,not_mutated,not_mutated,not_mutated,not_mutated,0
male,21.76,white,mutated,mutated,not_mutated,not_mutated,not_mutated,not_mutated,not_mutated,not_mutated,not_mutated,not_mutated,not_mutated,not_mutated,not_mutated,not_mutated,not_mutated,not_mutated,not_mutated,not_mutated,not_mutated,not_mutated,0
male,38.63,white,mutated,mutated,not_mutated,not_mutated,not_mutated,not_mutated,not_mutated,not_mutated,not_mutated,not_mutated,not_mutated,not_mutated,not_mutated,not_mutated,not_mutated,not_mutated,not_mutated,not_mutated,not_mutated,not_mutated,0
female,49.83,white,mutated,mutated,mutated,not_mutated,not_mutated,not_mutated,not_mutated,not_mutated,not_mutated,not_mutated,not_mutated,not_mutated,not_mutated,not_mutated,not_mutated,not_mutated,not_mutated,not_mutated,not_mutated,not_mutated,0
female,38.84,white,mutated,not_mutated,not_mutated,not_mutated,not_mutated,mutated,not_mutated,not_mutated,not_mutated,not_mutated,not_mutated,not_mutated,not_mutated,mutated,not_mutated,not_mutated,not_mutated,not_mutated,not_mutated,not_mutated,0
female,22.56,white,mutated,not_mutated,not_mutated,not_mutated,not_mutated,not_mutated,mutated,not_mutated,not_mutated,not_mutated,not_mutated,not_mutated,not_mutated,not_mutated,not_mutated,not_mutated,not_mutated,not_mutated,not_mutated,not_mutated,0
male,67.59,white,mutated,mutated,mutated,not_mutated,not_mutated,not_mutated,not_mutated,not_mutated,not_mutated,not_mutated,not_mutated,not_mutated,not_mutated,not_mutated,not_mutated,not_mutated,not_mutated,not_mutated,not_mutated,not_mutated,0
female,73.9,white,mutated,mutated,mutated,not_mutated,not_mutated,not_mutated,not_mutated,not_mutated,not_mutated,not_mutated,not_mutated,not_mutated,not_mutated,not_mutated,not_mutated,not_mutated,not_mutated,not_mutated,not_mutated,not_mutated,0
male,62.27,white,mutated,not_mutated,not_mutated,not_mutated,not_mutated,mutated,not_mutated,not_mutated,not_mutated,not_mutated,not_mutated,not_mutated,mutated,not_mutated,not_mutated,not_mutated,not_mutated,not_mutated,not_mutated,not_mutated,0
female,57.86,white,mutated,mutated,mutated,not_mutated,not_mutated,not_mutated,not_mutated,not_mutated,not_mutated,not_mutated,not_mutated,not_mutated,not_mutated,not_mutated,not_mutated,not_mutated,not_mutated,not_mutated,not_mutated,not_mutated,0
male,30.92,white,mutated,mutated,not_mutated,not_mutated,not_mutated,not_mutated,not_mutated,not_mutated,not_mutated,not_mutated,not_mutated,not_mutated,not_mutated,not_mutated,not_mutated,not_mutated,not_mutated,not_mutated,not_mutated,not_mutated,0
male,20.23,white,mutated,mutated,mutated,not_mutated,not_mutated,not_mutated,not_mutated,not_mutated,not_mutated,not_mutated,not_mutated,not_mutated,not_mutated,not_mutated,not_mutated,not_mutated,not_mutated,not_mutated,not_mutated,not_mutated,0
female,41.32,white,mutated,not_mutated,not_mutated,not_mutated,not_mutated,not_mutated,not_mutated,not_mutated,not_mutated,not_mutated,not_mutated,not_mutated,not_mutated,not_mutated,not_mutated,not_mutated,not_mutated,not_mutated,not_mutated,not_mutated,0
female,53.71,white,mutated,not_mutated,not_mutated,not_mutated,not_mutated,mutated,not_mutated,not_mutated,not_mutated,not_mutated,not_mutated,not_mutated,not_mutated,not_mutated,not_mutated,mutated,not_mutated,not_mutated,not_mutated,not_mutated,0
male,34.65,white,mutated,mutated,mutated,not_mutated,not_mutated,not_mutated,not_mutated,not_mutated,not_mutated,not_mutated,not_mutated,not_mutated,not_mutated,not_mutated,not_mutated,not_mutated,not_mutated,not_mutated,not_mutated,not_mutated,0
female,51.96,white,mutated,mutated,not_mutated,not_mutated,not_mutated,not_mutated,not_mutated,not_mutated,not_mutated,not_mutated,not_mutated,not_mutated,not_mutated,not_mutated,not_mutated,not_mutated,not_mutated,not_mutated,not_mutated,not_mutated,0
female,30.09,white,mutated,mutated,not_mutated,not_mutated,not_mutated,not_mutated,not_mutated,not_mutated,not_mutated,not_mutated,not_mutated,not_mutated,not_mutated,not_mutated,not_mutated,not_mutated,not_mutated,not_mutated,not_mutated,not_mutated,0
male,58.0,white,not_mutated,not_mutated,not_mutated,mutated,mutated,not_mutated,not_mutated,not_mutated,not_mutated,not_mutated,not_mutated,not_mutated,not_mutated,not_mutated,not_mutated,not_mutated,not_mutated,not_mutated,not_mutated,not_mutated,0
male,31.48,white,mutated,mutated,mutated,not_mutated,not_mutated,not_mutated,not_mutated,not_mutated,not_mutated,not_mutated,not_mutated,not_mutated,not_mutated,not_mutated,not_mutated,not_mutated,not_mutated,not_mutated,not_mutated,not_mutated,0
female,57.39,black_or_african_american,not_mutated,not_mutated,not_mutated,not_mutated,not_mutated,not_mutated,not_mutated,not_mutated,not_mutated,not_mutated,not_mutated,not_mutated,not_mutated,not_mutated,not_mutated,not_mutated,not_mutated,not_mutated,not_mutated,not_mutated,1
female,49.72,black_or_african_american,not_mutated,not_mutated,not_mutated,not_mutated,not_mutated,not_mutated,not_mutated,not_mutated,not_mutated,mutated,not_mutated,not_mutated,not_mutated,not_mutated,not_mutated,not_mutated,not_mutated,not_mutated,not_mutated,not_mutated,1
male,60.29,white,not_mutated,not_mutated,not_mutated,mutated,not_mutated,not_mutated,not_mutated,not_mutated,not_mutated,mutated,not_mutated,not_mutated,not_mutated,not_mutated,not_mutated,not_mutated,not_mutated,not_mutated,not_mutated,not_mutated,1
male,73.68,white,not_mutated,mutated,not_mutated,mutated,not_mutated,not_mutated,not_mutated,not_mutated,not_mutated,not_mutated,not_mutated,not_mutated,not_mutated,not_mutated,mutated,not_mutated,not_mutated,not_mutated,not_mutated,not_mutated,1
female,64.82,white,not_mutated,not_mutated,not_mutated,not_mutated,not_mutated,not_mutated,not_mutated,not_mutated,not_mutated,not_mutated,not_mutated,not_mutated,not_mutated,not_mutated,not_mutated,not_mutated,not_mutated,not_mutated,not_mutated,not_mutated,1
male,33.65,white,not_mutated,not_mutated,not_mutated,mutated,mutated,not_mutated,not_mutated,not_mutated,not_mutated,not_mutated,not_mutated,mutated,not_mutated,not_mutated,mutated,not_mutated,not_mutated,not_mutated,not_mutated,not_mutated,1
male,67.41,white,not_mutated,not_mutated,not_mutated,not_mutated,not_mutated,not_mutated,not_mutated,not_mutated,not_mutated,not_mutated,not_mutated,not_mutated,not_mutated,not_mutated,not_mutated,not_mutated,not_mutated,not_mutated,not_mutated,not_mutated,1
female,72.2,black_or_african_american,not_mutated,mutated,not_mutated,mutated,mutated,not_mutated,not_mutated,not_mutated,not_mutated,not_mutated,not_mutated,not_mutated,not_mutated,mutated,not_mutated,not_mutated,not_mutated,not_mutated,not_mutated,not_mutated,1
male,69.34,asian,not_mutated,not_mutated,not_mutated,not_mutated,not_mutated,not_mutated,not_mutated,not_mutated,not_mutated,not_mutated,not_mutated,not_mutated,not_mutated,not_mutated,not_mutated,not_mutated,not_mutated,not_mutated,not_mutated,not_mutated,1
female,79.11,white,not_mutated,not_mutated,not_mutated,not_mutated,not_mutated,not_mutated,not_mutated,not_mutated,not_mutated,not_mutated,not_mutated,mutated,not_mutated,not_mutated,not_mutated,not_mutated,not_mutated,not_mutated,not_mutated,not_mutated,1
male,68.02,white,not_mutated,not_mutated,not_mutated,not_mutated,not_mutated,not_mutated,mutated,not_mutated,not_mutated,not_mutated,not_mutated,not_mutated,not_mutated,not_mutated,not_mutated,not_mutated,not_mutated,not_mutated,not_mutated,not_mutated,1
female,76.01,white,not_mutated,not_mutated,not_mutated,mutated,mutated,not_mutated,mutated,not_mutated,not_mutated,not_mutated,not_mutated,not_mutated,not_mutated,not_mutated,not_mutated,not_mutated,not_mutated,not_mutated,not_mutated,not_mutated,1
male,82.04,white,not_mutated,mutated,not_mutated,mutated,not_mutated,not_mutated,not_mutated,not_mutated,not_mutated,mutated,not_mutated,mutated,not_mutated,not_mutated,not_mutated,not_mutated,not_mutated,not_mutated,not_mutated,not_mutated,1
male,58.02,white,not_mutated,not_mutated,not_mutated,mutated,mutated,not_mutated,not_mutated,not_mutated,not_mutated,not_mutated,not_mutated,not_mutated,not_mutated,not_mutated,not_mutated,not_mutated,not_mutated,not_mutated,not_mutated,not_mutated,1
female,52.69,white,not_mutated,not_mutated,not_mutated,not_mutated,not_mutated,not_mutated,not_mutated,not_mutated,not_mutated,not_mutated,not_mutated,not_mutated,not_mutated,not_mutated,not_mutated,not_mutated,not_mutated,not_mutated,not_mutated,not_mutated,1
female,81.59,white,not_mutated,not_mutated,not_mutated,mutated,mutated,not_mutated,not_mutated,not_mutated,not_mutated,not_mutated,not_mutated,not_mutated,not_mutated,not_mutated,not_mutated,not_mutated,mutated,not_mutated,not_mutated,not_mutated,1
female,74.47,white,not_mutated,not_mutated,not_mutated,not_mutated,not_mutated,not_mutated,mutated,not_mutated,not_mutated,not_mutated,not_mutated,not_mutated,not_mutated,not_mutated,not_mutated,not_mutated,not_mutated,not_mutated,not_mutated,mutated,1
male,76.24,white,not_mutated,not_mutated,not_mutated,mutated,not_mutated,not_mutated,not_mutated,not_mutated,not_mutated,not_mutated,not_mutated,not_mutated,not_mutated,not_mutated,not_mutated,not_mutated,not_mutated,not_mutated,not_mutated,not_mutated,1
male,57.3,black_or_african_american,not_mutated,not_mutated,not_mutated,not_mutated,not_mutated,not_mutated,not_mutated,not_mutated,not_mutated,not_mutated,not_mutated,not_mutated,not_mutated,not_mutated,not_mutated,not_mutated,not_mutated,not_mutated,not_mutated,not_mutated,1
female,67.33,white,not_mutated,not_mutated,not_mutated,not_mutated,not_mutated,not_mutated,not_mutated,not_mutated,not_mutated,not_mutated,not_mutated,not_mutated,not_mutated,not_mutated,not_mutated,not_mutated,not_mutated,not_mutated,mutated,not_mutated,1
male,63.86,white,not_mutated,not_mutated,not_mutated,not_mutated,mutated,not_mutated,mutated,not_mutated,not_mutated,not_mutated,not_mutated,not_mutated,not_mutated,not_mutated,not_mutated,not_mutated,mutated,not_mutated,not_mutated,not_mutated,1
female,64.39,white,not_mutated,not_mutated,mutated,not_mutated,not_mutated,not_mutated,not_mutated,not_mutated,not_mutated,mutated,not_mutated,not_mutated,not_mutated,not_mutated,not_mutated,not_mutated,not_mutated,not_mutated,not_mutated,not_mutated,1
female,69.14,white,not_mutated,not_mutated,not_mutated,not_mutated,mutated,not_mutated,not_mutated,mutated,not_mutated,not_mutated,not_mutated,not_mutated,not_mutated,not_mutated,not_mutated,not_mutated,not_mutated,not_mutated,not_mutated,not_mutated,1
male,66.08,white,not_mutated,not_mutated,not_mutated,mutated,not_mutated,not_mutated,not_mutated,not_mutated,not_mutated,not_mutated,not_mutated,not_mutated,not_mutated,not_mutated,not_mutated,not_mutated,not_mutated,not_mutated,not_mutated,not_mutated,1
male,54.95,white,not_mutated,mutated,not_mutated,not_mutated,not_mutated,not_mutated,not_mutated,mutated,not_mutated,not_mutated,not_mutated,mutated,not_mutated,not_mutated,not_mutated,not_mutated,not_mutated,not_mutated,not_mutated,not_mutated,1
female,45.63,white,mutated,mutated,mutated,not_mutated,not_mutated,not_mutated,not_mutated,not_mutated,not_mutated,not_mutated,not_mutated,not_mutated,not_mutated,mutated,not_mutated,not_mutated,not_mutated,not_mutated,not_mutated,not_mutated,1
male,36.6,white,not_mutated,not_mutated,not_mutated,mutated,not_mutated,not_mutated,not_mutated,not_mutated,not_mutated,not_mutated,not_mutated,not_mutated,not_mutated,not_mutated,not_mutated,not_mutated,not_mutated,not_mutated,not_mutated,not_mutated,1
male,49.48,white,not_mutated,mutated,not_mutated,not_mutated,not_mutated,not_mutated,not_mutated,not_mutated,not_mutated,not_mutated,not_mutated,not_mutated,not_mutated,not_mutated,not_mutated,not_mutated,not_mutated,not_mutated,not_mutated,not_mutated,1
female,69.6,white,not_mutated,not_mutated,not_mutated,mutated,not_mutated,not_mutated,mutated,not_mutated,not_mutated,mutated,not_mutated,not_mutated,not_mutated,not_mutated,not_mutated,not_mutated,not_mutated,not_mutated,not_mutated,not_mutated,1
female,54.93,white,not_mutated,not_mutated,not_mutated,not_mutated,not_mutated,not_mutated,mutated,not_mutated,mutated,not_mutated,not_mutated,not_mutated,not_mutated,not_mutated,not_mutated,not_mutated,not_mutated,not_mutated,not_mutated,not_mutated,1
male,58.9,white,not_mutated,mutated,not_mutated,mutated,not_mutated,not_mutated,not_mutated,not_mutated,not_mutated,mutated,not_mutated,mutated,not_mutated,not_mutated,not_mutated,not_mutated,not_mutated,not_mutated,not_mutated,not_mutated,1
female,61.5,white,not_mutated,not_mutated,not_mutated,not_mutated,not_mutated,not_mutated,not_mutated,not_mutated,not_mutated,not_mutated,not_mutated,not_mutated,not_mutated,not_mutated,not_mutated,not_mutated,not_mutated,not_mutated,not_mutated,not_mutated,1
male,64.52,white,not_mutated,not_mutated,not_mutated,mutated,mutated,not_mutated,not_mutated,not_mutated,not_mutated,not_mutated,not_mutated,not_mutated,not_mutated,not_mutated,not_mutated,not_mutated,not_mutated,not_mutated,not_mutated,not_mutated,1
male,65.85,white,not_mutated,not_mutated,not_mutated,not_mutated,mutated,not_mutated,mutated,mutated,not_mutated,not_mutated,not_mutated,not_mutated,not_mutated,not_mutated,mutated,not_mutated,not_mutated,not_mutated,not_mutated,not_mutated,1
male,60.82,white,not_mutated,not_mutated,not_mutated,not_mutated,not_mutated,not_mutated,not_mutated,not_mutated,not_mutated,not_mutated,not_mutated,not_mutated,not_mutated,not_mutated,not_mutated,not_mutated,not_mutated,not_mutated,not_mutated,not_mutated,1
female,53.85,white,not_mutated,mutated,not_mutated,not_mutated,not_mutated,not_mutated,not_mutated,not_mutated,not_mutated,not_mutated,not_mutated,not_mutated,not_mutated,not_mutated,not_mutated,not_mutated,not_mutated,not_mutated,not_mutated,not_mutated,1
male,39.53,black_or_african_american,not_mutated,not_mutated,not_mutated,not_mutated,not_mutated,not_mutated,not_mutated,not_mutated,not_mutated,not_mutated,not_mutated,mutated,not_mutated,not_mutated,not_mutated,not_mutated,not_mutated,not_mutated,not_mutated,not_mutated,1
male,58.62,white,not_mutated,mutated,not_mutated,mutated,not_mutated,not_mutated,not_mutated,not_mutated,not_mutated,not_mutated,not_mutated,mutated,not_mutated,not_mutated,not_mutated,not_mutated,mutated,not_mutated,not_mutated,not_mutated,1
male,56.47,white,not_mutated,not_mutated,not_mutated,not_mutated,not_mutated,not_mutated,not_mutated,mutated,not_mutated,not_mutated,not_mutated,not_mutated,not_mutated,not_mutated,not_mutated,not_mutated,not_mutated,not_mutated,not_mutated,not_mutated,1
male,65.94,white,not_mutated,mutated,not_mutated,not_mutated,not_mutated,not_mutated,not_mutated,not_mutated,not_mutated,not_mutated,not_mutated,mutated,not_mutated,not_mutated,not_mutated,not_mutated,not_mutated,not_mutated,not_mutated,not_mutated,1
female,36.16,white,mutated,mutated,mutated,not_mutated,not_mutated,not_mutated,not_mutated,not_mutated,not_mutated,not_mutated,not_mutated,not_mutated,not_mutated,not_mutated,not_mutated,not_mutated,not_mutated,not_mutated,not_mutated,not_mutated,1
male,72.53,white,not_mutated,not_mutated,not_mutated,not_mutated,not_mutated,not_mutated,not_mutated,not_mutated,not_mutated,not_mutated,not_mutated,not_mutated,not_mutated,not_mutated,not_mutated,not_mutated,not_mutated,not_mutated,not_mutated,not_mutated,1
male,48.95,white,not_mutated,mutated,not_mutated,mutated,not_mutated,not_mutated,not_mutated,not_mutated,not_mutated,mutated,not_mutated,not_mutated,not_mutated,not_mutated,not_mutated,not_mutated,not_mutated,not_mutated,not_mutated,not_mutated,1
male,39.43,white,not_mutated,not_mutated,not_mutated,mutated,not_mutated,not_mutated,mutated,not_mutated,not_mutated,not_mutated,not_mutated,not_mutated,not_mutated,not_mutated,not_mutated,not_mutated,not_mutated,not_mutated,not_mutated,not_mutated,1
male,54.48,black_or_african_american,not_mutated,not_mutated,not_mutated,mutated,not_mutated,not_mutated,mutated,not_mutated,mutated,not_mutated,not_mutated,not_mutated,not_mutated,not_mutated,not_mutated,not_mutated,mutated,not_mutated,not_mutated,not_mutated,1
female,63.91,white,not_mutated,not_mutated,not_mutated,mutated,mutated,not_mutated,mutated,not_mutated,not_mutated,not_mutated,not_mutated,not_mutated,not_mutated,not_mutated,not_mutated,not_mutated,not_mutated,not_mutated,not_mutated,not_mutated,1
male,66.44,black_or_african_american,not_mutated,not_mutated,not_mutated,not_mutated,mutated,not_mutated,mutated,not_mutated,not_mutated,mutated,not_mutated,not_mutated,not_mutated,not_mutated,not_mutated,not_mutated,not_mutated,not_mutated,not_mutated,not_mutated,1
female,52.27,white,not_mutated,not_mutated,not_mutated,not_mutated,mutated,not_mutated,not_mutated,not_mutated,not_mutated,not_mutated,not_mutated,not_mutated,not_mutated,not_mutated,not_mutated,not_mutated,not_mutated,not_mutated,not_mutated,not_mutated,1
male,64.82,black_or_african_american,not_mutated,not_mutated,not_mutated,not_mutated,not_mutated,mutated,mutated,not_mutated,not_mutated,not_mutated,not_mutated,not_mutated,not_mutated,not_mutated,not_mutated,not_mutated,not_mutated,not_mutated,not_mutated,not_mutated,1
male,89.29,white,not_mutated,not_mutated,not_mutated,mutated,not_mutated,not_mutated,not_mutated,not_mutated,not_mutated,not_mutated,not_mutated,not_mutated,not_mutated,not_mutated,not_mutated,not_mutated,not_mutated,not_mutated,not_mutated,not_mutated,1
male,54.66,white,not_mutated,not_mutated,not_mutated,mutated,not_mutated,not_mutated,not_mutated,not_mutated,not_mutated,not_mutated,not_mutated,not_mutated,not_mutated,not_mutated,not_mutated,not_mutated,not_mutated,not_mutated,not_mutated,not_mutated,1
male,60.72,white,not_mutated,not_mutated,not_mutated,not_mutated,not_mutated,not_mutated,not_mutated,mutated,mutated,not_mutated,not_mutated,not_mutated,not_mutated,not_mutated,not_mutated,not_mutated,not_mutated,not_mutated,not_mutated,not_mutated,1
female,77.32,white,not_mutated,mutated,not_mutated,not_mutated,not_mutated,not_mutated,mutated,not_mutated,not_mutated,not_mutated,not_mutated,not_mutated,not_mutated,not_mutated,not_mutated,not_mutated,not_mutated,not_mutated,not_mutated,not_mutated,1
male,60.72,white,not_mutated,not_mutated,not_mutated,not_mutated,not_mutated,not_mutated,mutated,not_mutated,not_mutated,mutated,not_mutated,not_mutated,not_mutated,not_mutated,not_mutated,not_mutated,not_mutated,not_mutated,not_mutated,not_mutated,1
male,80.17,white,not_mutated,not_mutated,not_mutated,not_mutated,mutated,not_mutated,not_mutated,not_mutated,not_mutated,not_mutated,not_mutated,mutated,not_mutated,not_mutated,not_mutated,not_mutated,mutated,not_mutated,not_mutated,not_mutated,1
male,51.72,white,not_mutated,not_mutated,not_mutated,not_mutated,mutated,not_mutated,not_mutated,not_mutated,not_mutated,not_mutated,not_mutated,not_mutated,not_mutated,not_mutated,not_mutated,not_mutated,not_mutated,not_mutated,not_mutated,not_mutated,1
male,53.4,white,not_mutated,not_mutated,not_mutated,not_mutated,not_mutated,not_mutated,mutated,not_mutated,not_mutated,not_mutated,not_mutated,not_mutated,not_mutated,not_mutated,not_mutated,not_mutated,not_mutated,not_mutated,not_mutated,not_mutated,1
male,43.86,white,not_mutated,not_mutated,not_mutated,not_mutated,mutated,not_mutated,not_mutated,not_mutated,not_mutated,mutated,not_mutated,not_mutated,not_mutated,not_mutated,not_mutated,not_mutated,not_mutated,not_mutated,not_mutated,not_mutated,1
male,74.39,white,not_mutated,not_mutated,not_mutated,not_mutated,not_mutated,not_mutated,mutated,not_mutated,not_mutated,not_mutated,not_mutated,not_mutated,not_mutated,not_mutated,not_mutated,mutated,not_mutated,not_mutated,not_mutated,not_mutated,1
male,76.32,white,not_mutated,not_mutated,not_mutated,not_mutated,not_mutated,not_mutated,mutated,not_mutated,not_mutated,not_mutated,not_mutated,not_mutated,not_mutated,not_mutated,not_mutated,not_mutated,not_mutated,not_mutated,not_mutated,not_mutated,1
male,49.62,white,not_mutated,not_mutated,not_mutated,not_mutated,not_mutated,not_mutated,not_mutated,not_mutated,not_mutated,not_mutated,not_mutated,not_mutated,not_mutated,not_mutated,not_mutated,not_mutated,not_mutated,not_mutated,not_mutated,not_mutated,1
female,48.91,black_or_african_american,not_mutated,not_mutated,not_mutated,mutated,mutated,not_mutated,not_mutated,not_mutated,mutated,not_mutated,not_mutated,not_mutated,not_mutated,not_mutated,not_mutated,not_mutated,not_mutated,not_mutated,not_mutated,not_mutated,1
male,68.92,white,not_mutated,not_mutated,not_mutated,not_mutated,not_mutated,not_mutated,not_mutated,not_mutated,not_mutated,not_mutated,not_mutated,not_mutated,not_mutated,not_mutated,not_mutated,not_mutated,not_mutated,not_mutated,mutated,not_mutated,1
female,74.98,white,not_mutated,mutated,not_mutated,not_mutated,not_mutated,not_mutated,not_mutated,not_mutated,mutated,not_mutated,not_mutated,not_mutated,not_mutated,not_mutated,not_mutated,not_mutated,not_mutated,not_mutated,not_mutated,not_mutated,1
male,69.58,white,not_mutated,not_mutated,not_mutated,not_mutated,mutated,not_mutated,not_mutated,not_mutated,not_mutated,not_mutated,not_mutated,not_mutated,not_mutated,not_mutated,not_mutated,not_mutated,not_mutated,not_mutated,not_mutated,not_mutated,1
female,64.53,asian,not_mutated,not_mutated,not_mutated,not_mutated,not_mutated,not_mutated,not_mutated,not_mutated,not_mutated,not_mutated,not_mutated,not_mutated,not_mutated,not_mutated,not_mutated,not_mutated,not_mutated,not_mutated,not_mutated,not_mutated,1
male,58.39,white,not_mutated,not_mutated,not_mutated,not_mutated,not_mutated,not_mutated,not_mutated,not_mutated,not_mutated,not_mutated,not_mutated,not_mutated,not_mutated,not_mutated,not_mutated,not_mutated,not_mutated,not_mutated,not_mutated,not_mutated,1
female,47.24,white,not_mutated,mutated,not_mutated,not_mutated,not_mutated,not_mutated,not_mutated,not_mutated,not_mutated,not_mutated,not_mutated,not_mutated,not_mutated,not_mutated,not_mutated,not_mutated,not_mutated,not_mutated,not_mutated,not_mutated,1
male,61.77,white,not_mutated,not_mutated,not_mutated,not_mutated,mutated,not_mutated,not_mutated,not_mutated,not_mutated,not_mutated,not_mutated,not_mutated,not_mutated,not_mutated,not_mutated,not_mutated,not_mutated,not_mutated,not_mutated,mutated,1
male,75.53,white,not_mutated,mutated,not_mutated,not_mutated,not_mutated,not_mutated,not_mutated,not_mutated,not_mutated,not_mutated,not_mutated,not_mutated,not_mutated,not_mutated,not_mutated,not_mutated,not_mutated,not_mutated,not_mutated,not_mutated,1
male,52.67,white,not_mutated,mutated,not_mutated,mutated,not_mutated,not_mutated,not_mutated,not_mutated,not_mutated,not_mutated,not_mutated,not_mutated,not_mutated,not_mutated,not_mutated,not_mutated,not_mutated,not_mutated,not_mutated,not_mutated,1
male,47.55,black_or_african_american,not_mutated,not_mutated,not_mutated,mutated,not_mutated,not_mutated,not_mutated,not_mutated,not_mutated,not_mutated,not_mutated,not_mutated,not_mutated,not_mutated,not_mutated,not_mutated,not_mutated,not_mutated,not_mutated,not_mutated,1
female,21.79,black_or_african_american,not_mutated,mutated,mutated,not_mutated,not_mutated,not_mutated,not_mutated,not_mutated,not_mutated,not_mutated,not_mutated,not_mutated,not_mutated,not_mutated,not_mutated,not_mutated,not_mutated,not_mutated,not_mutated,not_mutated,1
male,72.46,white,not_mutated,not_mutated,not_mutated,not_mutated,not_mutated,not_mutated,not_mutated,not_mutated,mutated,not_mutated,not_mutated,not_mutated,not_mutated,not_mutated,not_mutated,not_mutated,not_mutated,not_mutated,mutated,not_mutated,1
female,68.3,white,not_mutated,not_mutated,not_mutated,not_mutated,not_mutated,not_mutated,not_mutated,not_mutated,not_mutated,not_mutated,not_mutated,not_mutated,not_mutated,not_mutated,not_mutated,not_mutated,not_mutated,not_mutated,not_mutated,not_mutated,1
male,67.0,white,not_mutated,mutated,not_mutated,not_mutated,not_mutated,not_mutated,not_mutated,not_mutated,not_mutated,not_mutated,not_mutated,not_mutated,not_mutated,not_mutated,not_mutated,not_mutated,not_mutated,not_mutated,not_mutated,not_mutated,1
female,52.65,white,not_mutated,not_mutated,not_mutated,mutated,not_mutated,not_mutated,not_mutated,not_mutated,not_mutated,not_mutated,not_mutated,not_mutated,not_mutated,not_mutated,not_mutated,not_mutated,not_mutated,not_mutated,not_mutated,not_mutated,1
male,59.03,white,not_mutated,mutated,not_mutated,not_mutated,not_mutated,not_mutated,not_mutated,not_mutated,mutated,not_mutated,not_mutated,not_mutated,not_mutated,not_mutated,not_mutated,not_mutated,not_mutated,not_mutated,not_mutated,not_mutated,1
female,59.41,black_or_african_american,not_mutated,mutated,not_mutated,not_mutated,not_mutated,not_mutated,mutated,mutated,not_mutated,not_mutated,not_mutated,not_mutated,not_mutated,not_mutated,not_mutated,not_mutated,not_mutated,not_mutated,not_mutated,not_mutated,1
male,48.99,white,not_mutated,mutated,mutated,mutated,not_mutated,not_mutated,not_mutated,not_mutated,not_mutated,not_mutated,not_mutated,not_mutated,not_mutated,not_mutated,not_mutated,not_mutated,mutated,mutated,not_mutated,not_mutated,1
male,76.16,white,not_mutated,not_mutated,not_mutated,mutated,mutated,not_mutated,not_mutated,not_mutated,not_mutated,not_mutated,not_mutated,not_mutated,not_mutated,not_mutated,not_mutated,not_mutated,not_mutated,not_mutated,not_mutated,not_mutated,1
male,72.53,white,not_mutated,not_mutated,not_mutated,not_mutated,mutated,not_mutated,mutated,not_mutated,not_mutated,not_mutated,not_mutated,not_mutated,not_mutated,not_mutated,not_mutated,not_mutated,mutated,not_mutated,not_mutated,not_mutated,1
male,67.51,white,not_mutated,not_mutated,not_mutated,not_mutated,not_mutated,not_mutated,mutated,not_mutated,not_mutated,not_mutated,not_mutated,not_mutated,not_mutated,not_mutated,not_mutated,not_mutated,not_mutated,not_mutated,not_mutated,not_mutated,1
female,82.32,white,not_mutated,not_mutated,not_mutated,not_mutated,not_mutated,not_mutated,not_mutated,not_mutated,not_mutated,not_mutated,not_mutated,not_mutated,not_mutated,not_mutated,not_mutated,not_mutated,not_mutated,not_mutated,not_mutated,not_mutated,1
female,64.57,white,not_mutated,not_mutated,not_mutated,not_mutated,not_mutated,not_mutated,not_mutated,not_mutated,not_mutated,not_mutated,not_mutated,not_mutated,not_mutated,not_mutated,not_mutated,not_mutated,not_mutated,not_mutated,not_mutated,not_mutated,1
male,75.73,white,not_mutated,mutated,not_mutated,not_mutated,not_mutated,not_mutated,not_mutated,not_mutated,not_mutated,not_mutated,not_mutated,mutated,not_mutated,not_mutated,not_mutated,not_mutated,not_mutated,not_mutated,not_mutated,not_mutated,1
female,85.61,white,not_mutated,not_mutated,not_mutated,not_mutated,not_mutated,not_mutated,not_mutated,mutated,not_mutated,not_mutated,not_mutated,not_mutated,not_mutated,not_mutated,not_mutated,not_mutated,mutated,not_mutated,not_mutated,not_mutated,1
male,73.29,white,not_mutated,mutated,not_mutated,mutated,not_mutated,not_mutated,not_mutated,not_mutated,not_mutated,not_mutated,not_mutated,not_mutated,not_mutated,not_mutated,not_mutated,not_mutated,not_mutated,not_mutated,not_mutated,not_mutated,1
female,78.75,white,not_mutated,not_mutated,not_mutated,mutated,not_mutated,not_mutated,not_mutated,not_mutated,mutated,not_mutated,not_mutated,not_mutated,not_mutated,not_mutated,not_mutated,not_mutated,not_mutated,not_mutated,not_mutated,not_mutated,1
female,45.37,white,mutated,mutated,mutated,not_mutated,not_mutated,not_mutated,not_mutated,mutated,not_mutated,not_mutated,not_mutated,not_mutated,not_mutated,not_mutated,not_mutated,not_mutated,not_mutated,not_mutated,not_mutated,not_mutated,1
female,42.62,white,not_mutated,mutated,not_mutated,not_mutated,mutated,not_mutated,not_mutated,not_mutated,not_mutated,not_mutated,not_mutated,mutated,not_mutated,not_mutated,not_mutated,not_mutated,not_mutated,not_mutated,not_mutated,not_mutated,1
male,53.82,white,not_mutated,not_mutated,not_mutated,not_mutated,mutated,not_mutated,not_mutated,not_mutated,not_mutated,not_mutated,not_mutated,not_mutated,not_mutated,not_mutated,not_mutated,not_mutated,not_mutated,not_mutated,not_mutated,not_mutated,1
male,68.79,white,not_mutated,not_mutated,not_mutated,not_mutated,not_mutated,not_mutated,mutated,not_mutated,not_mutated,not_mutated,not_mutated,not_mutated,not_mutated,not_mutated,not_mutated,not_mutated,not_mutated,not_mutated,not_mutated,not_mutated,1
male,43.67,white,mutated,mutated,not_mutated,not_mutated,not_mutated,not_mutated,not_mutated,not_mutated,not_mutated,not_mutated,not_mutated,not_mutated,not_mutated,not_mutated,not_mutated,not_mutated,not_mutated,not_mutated,not_mutated,not_mutated,1
male,59.79,white,not_mutated,not_mutated,not_mutated,not_mutated,not_mutated,not_mutated,not_mutated,not_mutated,not_mutated,not_mutated,not_mutated,not_mutated,not_mutated,not_mutated,not_mutated,not_mutated,not_mutated,not_mutated,not_mutated,not_mutated,1
male,52.38,white,not_mutated,not_mutated,not_mutated,not_mutated,not_mutated,not_mutated,not_mutated,not_mutated,not_mutated,not_mutated,not_mutated,not_mutated,not_mutated,not_mutated,not_mutated,not_mutated,mutated,not_mutated,not_mutated,not_mutated,1
female,61.67,white,not_mutated,not_mutated,not_mutated,mutated,not_mutated,not_mutated,mutated,not_mutated,not_mutated,not_mutated,not_mutated,not_mutated,not_mutated,not_mutated,not_mutated,not_mutated,not_mutated,not_mutated,not_mutated,not_mutated,1
female,40.57,white,not_mutated,not_mutated,not_mutated,mutated,not_mutated,not_mutated,not_mutated,not_mutated,not_mutated,not_mutated,not_mutated,not_mutated,not_mutated,not_mutated,not_mutated,not_mutated,not_mutated,not_mutated,not_mutated,not_mutated,1
female,63.72,white,not_mutated,not_mutated,not_mutated,not_mutated,mutated,not_mutated,not_mutated,not_mutated,not_mutated,not_mutated,not_mutated,not_mutated,not_mutated,not_mutated,mutated,not_mutated,not_mutated,not_mutated,not_mutated,not_mutated,1
male,63.84,white,not_mutated,mutated,not_mutated,mutated,not_mutated,not_mutated,not_mutated,not_mutated,mutated,not_mutated,not_mutated,not_mutated,not_mutated,not_mutated,not_mutated,not_mutated,not_mutated,not_mutated,not_mutated,not_mutated,1
male,70.27,white,not_mutated,not_mutated,not_mutated,not_mutated,mutated,not_mutated,not_mutated,not_mutated,not_mutated,not_mutated,not_mutated,not_mutated,not_mutated,not_mutated,not_mutated,not_mutated,not_mutated,not_mutated,not_mutated,not_mutated,1
male,59.99,white,not_mutated,not_mutated,not_mutated,mutated,not_mutated,not_mutated,not_mutated,not_mutated,not_mutated,not_mutated,not_mutated,not_mutated,not_mutated,not_mutated,not_mutated,not_mutated,not_mutated,not_mutated,not_mutated,not_mutated,1
male,56.28,white,not_mutated,not_mutated,not_mutated,mutated,not_mutated,not_mutated,mutated,not_mutated,not_mutated,not_mutated,not_mutated,not_mutated,not_mutated,not_mutated,not_mutated,not_mutated,not_mutated,not_mutated,not_mutated,not_mutated,1
male,62.52,white,not_mutated,mutated,not_mutated,mutated,not_mutated,not_mutated,not_mutated,not_mutated,mutated,not_mutated,not_mutated,not_mutated,not_mutated,not_mutated,not_mutated,not_mutated,not_mutated,not_mutated,not_mutated,not_mutated,1
male,24.23,white,not_mutated,mutated,mutated,not_mutated,not_mutated,not_mutated,not_mutated,not_mutated,not_mutated,not_mutated,not_mutated,not_mutated,not_mutated,not_mutated,not_mutated,not_mutated,not_mutated,not_mutated,not_mutated,not_mutated,1
female,72.95,white,not_mutated,mutated,not_mutated,not_mutated,mutated,not_mutated,not_mutated,not_mutated,not_mutated,not_mutated,not_mutated,not_mutated,not_mutated,not_mutated,mutated,not_mutated,not_mutated,not_mutated,not_mutated,not_mutated,1
male,54.55,white,not_mutated,not_mutated,not_mutated,not_mutated,not_mutated,not_mutated,not_mutated,not_mutated,not_mutated,not_mutated,not_mutated,not_mutated,not_mutated,not_mutated,not_mutated,not_mutated,not_mutated,not_mutated,not_mutated,not_mutated,1
male,86.42,white,not_mutated,not_mutated,not_mutated,not_mutated,not_mutated,not_mutated,not_mutated,not_mutated,not_mutated,not_mutated,not_mutated,mutated,not_mutated,mutated,not_mutated,not_mutated,not_mutated,not_mutated,not_mutated,not_mutated,1
male,62.61,white,not_mutated,not_mutated,not_mutated,not_mutated,mutated,not_mutated,not_mutated,not_mutated,not_mutated,not_mutated,not_mutated,not_mutated,not_mutated,not_mutated,not_mutated,not_mutated,not_mutated,not_mutated,not_mutated,not_mutated,1
female,63.27,white,not_mutated,not_mutated,not_mutated,mutated,not_mutated,not_mutated,not_mutated,not_mutated,mutated,not_mutated,not_mutated,not_mutated,not_mutated,not_mutated,not_mutated,not_mutated,not_mutated,not_mutated,not_mutated,not_mutated,1
female,58.55,white,not_mutated,not_mutated,not_mutated,not_mutated,not_mutated,not_mutated,not_mutated,not_mutated,not_mutated,not_mutated,not_mutated,not_mutated,not_mutated,not_mutated,not_mutated,not_mutated,not_mutated,not_mutated,not_mutated,not_mutated,1
male,60.01,white,not_mutated,mutated,not_mutated,not_mutated,mutated,not_mutated,not_mutated,not_mutated,not_mutated,not_mutated,not_mutated,mutated,not_mutated,not_mutated,not_mutated,not_mutated,not_mutated,not_mutated,not_mutated,not_mutated,1
male,67.05,white,not_mutated,not_mutated,not_mutated,not_mutated,not_mutated,not_mutated,not_mutated,not_mutated,not_mutated,not_mutated,not_mutated,not_mutated,not_mutated,not_mutated,mutated,not_mutated,not_mutated,not_mutated,not_mutated,not_mutated,1
male,23.85,white,mutated,mutated,mutated,not_mutated,mutated,not_mutated,not_mutated,not_mutated,not_mutated,mutated,not_mutated,not_mutated,not_mutated,not_mutated,not_mutated,not_mutated,not_mutated,not_mutated,not_mutated,not_mutated,1
male,58.16,white,not_mutated,not_mutated,not_mutated,mutated,not_mutated,not_mutated,not_mutated,not_mutated,mutated,not_mutated,not_mutated,not_mutated,not_mutated,not_mutated,not_mutated,not_mutated,mutated,not_mutated,not_mutated,not_mutated,1
male,64.05,white,not_mutated,not_mutated,not_mutated,not_mutated,not_mutated,not_mutated,not_mutated,not_mutated,not_mutated,not_mutated,not_mutated,not_mutated,not_mutated,not_mutated,mutated,not_mutated,not_mutated,not_mutated,not_mutated,not_mutated,1
male,65.1,white,not_mutated,not_mutated,not_mutated,mutated,not_mutated,not_mutated,not_mutated,not_mutated,not_mutated,not_mutated,not_mutated,not_mutated,not_mutated,not_mutated,not_mutated,not_mutated,not_mutated,not_mutated,not_mutated,not_mutated,1
female,61.09,white,not_mutated,mutated,not_mutated,mutated,not_mutated,not_mutated,mutated,not_mutated,not_mutated,not_mutated,not_mutated,not_mutated,not_mutated,not_mutated,not_mutated,not_mutated,not_mutated,not_mutated,not_mutated,not_mutated,1
male,52.44,white,not_mutated,not_mutated,not_mutated,not_mutated,mutated,not_mutated,not_mutated,mutated,not_mutated,not_mutated,not_mutated,not_mutated,not_mutated,not_mutated,not_mutated,not_mutated,not_mutated,not_mutated,not_mutated,not_mutated,1
female,78.72,white,not_mutated,mutated,mutated,not_mutated,not_mutated,not_mutated,mutated,not_mutated,mutated,mutated,not_mutated,not_mutated,not_mutated,not_mutated,not_mutated,not_mutated,not_mutated,not_mutated,not_mutated,not_mutated,1
male,63.33,white,not_mutated,mutated,not_mutated,mutated,not_mutated,not_mutated,not_mutated,not_mutated,not_mutated,not_mutated,not_mutated,mutated,not_mutated,mutated,not_mutated,not_mutated,not_mutated,not_mutated,not_mutated,not_mutated,1
male,63.24,white,not_mutated,not_mutated,not_mutated,not_mutated,not_mutated,not_mutated,not_mutated,not_mutated,not_mutated,not_mutated,not_mutated,not_mutated,not_mutated,not_mutated,not_mutated,not_mutated,not_mutated,not_mutated,not_mutated,not_mutated,1
female,23.36,white,not_mutated,mutated,mutated,not_mutated,mutated,mutated,mutated,mutated,mutated,mutated,mutated,mutated,not_mutated,mutated,mutated,mutated,mutated,mutated,mutated,mutated,1
male,65.26,white,not_mutated,mutated,not_mutated,not_mutated,not_mutated,not_mutated,not_mutated,not_mutated,not_mutated,not_mutated,not_mutated,mutated,not_mutated,not_mutated,not_mutated,not_mutated,not_mutated,not_mutated,not_mutated,not_mutated,1
male,50.22,white,not_mutated,mutated,not_mutated,not_mutated,mutated,not_mutated,not_mutated,not_mutated,not_mutated,mutated,not_mutated,not_mutated,not_mutated,not_mutated,not_mutated,not_mutated,not_mutated,not_mutated,not_mutated,not_mutated,1
male,55.57,white,not_mutated,mutated,not_mutated,not_mutated,not_mutated,not_mutated,not_mutated,not_mutated,not_mutated,not_mutated,not_mutated,not_mutated,not_mutated,not_mutated,not_mutated,not_mutated,not_mutated,not_mutated,not_mutated,not_mutated,1
male,60.71,white,not_mutated,mutated,not_mutated,mutated,not_mutated,not_mutated,not_mutated,mutated,not_mutated,not_mutated,not_mutated,mutated,not_mutated,not_mutated,not_mutated,not_mutated,not_mutated,not_mutated,not_mutated,not_mutated,1
female,62.6,white,not_mutated,mutated,not_mutated,mutated,not_mutated,not_mutated,not_mutated,not_mutated,not_mutated,not_mutated,not_mutated,not_mutated,not_mutated,not_mutated,not_mutated,not_mutated,not_mutated,not_mutated,not_mutated,not_mutated,1
male,69.26,white,not_mutated,not_mutated,mutated,not_mutated,not_mutated,not_mutated,not_mutated,not_mutated,not_mutated,mutated,not_mutated,not_mutated,not_mutated,not_mutated,not_mutated,not_mutated,not_mutated,not_mutated,not_mutated,not_mutated,1
male,56.51,white,not_mutated,not_mutated,not_mutated,not_mutated,not_mutated,not_mutated,not_mutated,not_mutated,not_mutated,not_mutated,not_mutated,not_mutated,not_mutated,not_mutated,not_mutated,not_mutated,not_mutated,not_mutated,not_mutated,not_mutated,1
female,76.2,white,not_mutated,mutated,not_mutated,not_mutated,not_mutated,not_mutated,not_mutated,not_mutated,not_mutated,mutated,not_mutated,not_mutated,not_mutated,not_mutated,not_mutated,not_mutated,not_mutated,not_mutated,not_mutated,mutated,1
male,76.69,white,not_mutated,mutated,not_mutated,mutated,not_mutated,not_mutated,not_mutated,not_mutated,not_mutated,not_mutated,not_mutated,not_mutated,not_mutated,not_mutated,not_mutated,not_mutated,not_mutated,not_mutated,not_mutated,not_mutated,1
male,86.02,white,not_mutated,mutated,not_mutated,not_mutated,mutated,not_mutated,not_mutated,not_mutated,not_mutated,not_mutated,not_mutated,mutated,not_mutated,not_mutated,not_mutated,not_mutated,not_mutated,not_mutated,not_mutated,not_mutated,1
female,69.22,white,not_mutated,not_mutated,not_mutated,not_mutated,mutated,not_mutated,not_mutated,not_mutated,not_mutated,not_mutated,not_mutated,not_mutated,not_mutated,not_mutated,not_mutated,not_mutated,not_mutated,not_mutated,not_mutated,not_mutated,1
male,59.6,white,not_mutated,not_mutated,not_mutated,not_mutated,not_mutated,not_mutated,not_mutated,mutated,not_mutated,not_mutated,not_mutated,not_mutated,not_mutated,not_mutated,not_mutated,not_mutated,not_mutated,not_mutated,not_mutated,not_mutated,1
female,75.92,white,not_mutated,mutated,not_mutated,mutated,not_mutated,not_mutated,not_mutated,not_mutated,not_mutated,not_mutated,not_mutated,not_mutated,not_mutated,mutated,not_mutated,not_mutated,not_mutated,not_mutated,not_mutated,not_mutated,1
male,57.55,white,not_mutated,not_mutated,not_mutated,mutated,not_mutated,not_mutated,not_mutated,not_mutated,not_mutated,not_mutated,not_mutated,not_mutated,not_mutated,not_mutated,not_mutated,not_mutated,not_mutated,not_mutated,not_mutated,not_mutated,1
male,69.7,white,not_mutated,not_mutated,not_mutated,not_mutated,not_mutated,not_mutated,not_mutated,not_mutated,mutated,not_mutated,not_mutated,not_mutated,not_mutated,not_mutated,not_mutated,not_mutated,not_mutated,not_mutated,not_mutated,not_mutated,1
female,45.62,white,not_mutated,mutated,mutated,mutated,not_mutated,not_mutated,mutated,not_mutated,not_mutated,not_mutated,not_mutated,mutated,not_mutated,not_mutated,not_mutated,not_mutated,not_mutated,not_mutated,not_mutated,not_mutated,1
male,47.36,white,not_mutated,not_mutated,not_mutated,not_mutated,not_mutated,not_mutated,not_mutated,not_mutated,not_mutated,not_mutated,not_mutated,not_mutated,not_mutated,not_mutated,not_mutated,not_mutated,not_mutated,not_mutated,not_mutated,not_mutated,1
male,74.16,white,not_mutated,not_mutated,not_mutated,not_mutated,not_mutated,not_mutated,not_mutated,not_mutated,not_mutated,mutated,not_mutated,not_mutated,not_mutated,not_mutated,not_mutated,not_mutated,not_mutated,not_mutated,not_mutated,not_mutated,1
male,60.01,white,not_mutated,not_mutated,not_mutated,not_mutated,mutated,not_mutated,not_mutated,not_mutated,not_mutated,not_mutated,not_mutated,not_mutated,not_mutated,not_mutated,not_mutated,not_mutated,not_mutated,not_mutated,not_mutated,not_mutated,1
male,78.25,white,not_mutated,mutated,not_mutated,mutated,not_mutated,not_mutated,not_mutated,not_mutated,not_mutated,not_mutated,not_mutated,not_mutated,not_mutated,not_mutated,not_mutated,not_mutated,not_mutated,not_mutated,not_mutated,not_mutated,1
male,59.18,white,not_mutated,mutated,not_mutated,not_mutated,mutated,not_mutated,not_mutated,not_mutated,not_mutated,not_mutated,not_mutated,mutated,not_mutated,not_mutated,not_mutated,not_mutated,not_mutated,not_mutated,not_mutated,not_mutated,1
female,21.73,white,mutated,mutated,mutated,not_mutated,not_mutated,not_mutated,not_mutated,mutated,not_mutated,not_mutated,not_mutated,not_mutated,not_mutated,not_mutated,not_mutated,not_mutated,not_mutated,not_mutated,not_mutated,not_mutated,1
male,81.09,white,not_mutated,not_mutated,not_mutated,not_mutated,not_mutated,not_mutated,not_mutated,mutated,not_mutated,not_mutated,not_mutated,not_mutated,not_mutated,not_mutated,not_mutated,not_mutated,not_mutated,not_mutated,not_mutated,not_mutated,1
male,70.16,white,not_mutated,mutated,not_mutated,not_mutated,not_mutated,not_mutated,mutated,not_mutated,not_mutated,not_mutated,not_mutated,not_mutated,not_mutated,not_mutated,not_mutated,not_mutated,not_mutated,not_mutated,not_mutated,mutated,1
female,62.42,white,not_mutated,mutated,not_mutated,mutated,not_mutated,not_mutated,not_mutated,not_mutated,not_mutated,not_mutated,not_mutated,mutated,not_mutated,not_mutated,not_mutated,not_mutated,not_mutated,not_mutated,mutated,not_mutated,1
female,75.52,white,not_mutated,not_mutated,not_mutated,mutated,not_mutated,not_mutated,not_mutated,not_mutated,not_mutated,not_mutated,not_mutated,not_mutated,not_mutated,not_mutated,not_mutated,not_mutated,not_mutated,not_mutated,not_mutated,not_mutated,1
male,60.37,white,mutated,mutated,mutated,not_mutated,not_mutated,not_mutated,not_mutated,not_mutated,not_mutated,not_mutated,not_mutated,not_mutated,not_mutated,not_mutated,not_mutated,not_mutated,not_mutated,not_mutated,not_mutated,not_mutated,1
female,63.15,white,not_mutated,mutated,not_mutated,not_mutated,not_mutated,not_mutated,mutated,not_mutated,not_mutated,not_mutated,not_mutated,not_mutated,not_mutated,mutated,not_mutated,not_mutated,not_mutated,not_mutated,not_mutated,mutated,1
male,61.14,white,not_mutated,mutated,not_mutated,mutated,not_mutated,not_mutated,mutated,not_mutated,not_mutated,not_mutated,not_mutated,mutated,not_mutated,not_mutated,not_mutated,not_mutated,not_mutated,not_mutated,not_mutated,not_mutated,1
female,47.19,white,not_mutated,not_mutated,not_mutated,mutated,not_mutated,not_mutated,not_mutated,not_mutated,not_mutated,not_mutated,not_mutated,mutated,not_mutated,not_mutated,not_mutated,not_mutated,not_mutated,not_mutated,not_mutated,not_mutated,1
female,76.41,white,not_mutated,mutated,not_mutated,not_mutated,not_mutated,not_mutated,not_mutated,not_mutated,not_mutated,not_mutated,not_mutated,not_mutated,not_mutated,not_mutated,not_mutated,not_mutated,not_mutated,not_mutated,not_mutated,not_mutated,1
female,84.79,white,not_mutated,not_mutated,not_mutated,not_mutated,not_mutated,not_mutated,not_mutated,not_mutated,not_mutated,not_mutated,not_mutated,not_mutated,not_mutated,not_mutated,not_mutated,not_mutated,not_mutated,not_mutated,not_mutated,not_mutated,1
male,77.42,white,not_mutated,not_mutated,not_mutated,not_mutated,not_mutated,not_mutated,not_mutated,mutated,not_mutated,not_mutated,not_mutated,not_mutated,not_mutated,not_mutated,not_mutated,not_mutated,not_mutated,not_mutated,mutated,not_mutated,1
female,48.5,white,not_mutated,not_mutated,not_mutated,mutated,not_mutated,not_mutated,not_mutated,not_mutated,not_mutated,not_mutated,mutated,not_mutated,not_mutated,not_mutated,not_mutated,not_mutated,mutated,not_mutated,not_mutated,not_mutated,1
female,69.61,white,not_mutated,mutated,not_mutated,not_mutated,not_mutated,not_mutated,not_mutated,not_mutated,not_mutated,not_mutated,not_mutated,not_mutated,not_mutated,not_mutated,not_mutated,not_mutated,not_mutated,not_mutated,not_mutated,not_mutated,1
male,56.03,white,not_mutated,not_mutated,not_mutated,not_mutated,not_mutated,not_mutated,not_mutated,not_mutated,not_mutated,mutated,not_mutated,not_mutated,not_mutated,not_mutated,not_mutated,not_mutated,not_mutated,not_mutated,not_mutated,not_mutated,1
female,76.47,white,not_mutated,mutated,not_mutated,mutated,mutated,not_mutated,mutated,not_mutated,not_mutated,not_mutated,not_mutated,mutated,not_mutated,not_mutated,not_mutated,not_mutated,not_mutated,not_mutated,not_mutated,not_mutated,1
male,70.32,white,not_mutated,mutated,not_mutated,not_mutated,not_mutated,not_mutated,not_mutated,not_mutated,not_mutated,not_mutated,not_mutated,not_mutated,not_mutated,not_mutated,not_mutated,not_mutated,mutated,not_mutated,not_mutated,not_mutated,1
male,34.73,white,mutated,mutated,mutated,not_mutated,not_mutated,mutated,not_mutated,not_mutated,not_mutated,not_mutated,not_mutated,not_mutated,not_mutated,not_mutated,not_mutated,not_mutated,not_mutated,not_mutated,not_mutated,not_mutated,1
male,68.93,black_or_african_american,not_mutated,not_mutated,not_mutated,mutated,mutated,not_mutated,not_mutated,not_mutated,not_mutated,not_mutated,not_mutated,not_mutated,not_mutated,not_mutated,not_mutated,not_mutated,not_mutated,not_mutated,not_mutated,not_mutated,1
male,54.59,white,mutated,mutated,mutated,not_mutated,mutated,not_mutated,not_mutated,not_mutated,not_mutated,not_mutated,not_mutated,not_mutated,not_mutated,not_mutated,not_mutated,not_mutated,not_mutated,not_mutated,not_mutated,not_mutated,1
male,74.86,white,not_mutated,not_mutated,not_mutated,mutated,not_mutated,not_mutated,not_mutated,not_mutated,mutated,mutated,not_mutated,not_mutated,not_mutated,not_mutated,not_mutated,not_mutated,not_mutated,not_mutated,not_mutated,not_mutated,1
male,73.53,white,not_mutated,not_mutated,not_mutated,not_mutated,mutated,not_mutated,not_mutated,not_mutated,not_mutated,not_mutated,not_mutated,not_mutated,not_mutated,not_mutated,not_mutated,not_mutated,not_mutated,not_mutated,not_mutated,not_mutated,1
male,57.31,white,not_mutated,not_mutated,not_mutated,not_mutated,not_mutated,not_mutated,not_mutated,not_mutated,not_mutated,mutated,not_mutated,not_mutated,not_mutated,not_mutated,not_mutated,not_mutated,not_mutated,not_mutated,not_mutated,not_mutated,1
male,44.63,white,not_mutated,not_mutated,not_mutated,not_mutated,mutated,not_mutated,mutated,not_mutated,not_mutated,not_mutated,not_mutated,not_mutated,not_mutated,not_mutated,not_mutated,not_mutated,mutated,not_mutated,not_mutated,not_mutated,1
male,83.73,white,not_mutated,mutated,not_mutated,mutated,not_mutated,not_mutated,not_mutated,not_mutated,not_mutated,not_mutated,not_mutated,not_mutated,not_mutated,mutated,not_mutated,not_mutated,not_mutated,not_mutated,not_mutated,mutated,1
male,74.8,white,not_mutated,not_mutated,not_mutated,not_mutated,not_mutated,not_mutated,not_mutated,not_mutated,not_mutated,not_mutated,not_mutated,not_mutated,not_mutated,not_mutated,not_mutated,not_mutated,not_mutated,not_mutated,not_mutated,not_mutated,1
male,51.75,white,not_mutated,not_mutated,not_mutated,mutated,not_mutated,not_mutated,not_mutated,mutated,not_mutated,not_mutated,not_mutated,not_mutated,not_mutated,mutated,not_mutated,not_mutated,not_mutated,not_mutated,not_mutated,not_mutated,1
male,52.16,white,not_mutated,not_mutated,not_mutated,not_mutated,not_mutated,not_mutated,not_mutated,not_mutated,mutated,not_mutated,not_mutated,not_mutated,not_mutated,not_mutated,not_mutated,not_mutated,mutated,not_mutated,not_mutated,not_mutated,1
male,73.28,white,not_mutated,not_mutated,not_mutated,mutated,mutated,not_mutated,not_mutated,not_mutated,not_mutated,not_mutated,not_mutated,not_mutated,not_mutated,not_mutated,not_mutated,not_mutated,not_mutated,not_mutated,not_mutated,not_mutated,1
male,81.84,white,not_mutated,not_mutated,not_mutated,mutated,not_mutated,not_mutated,not_mutated,not_mutated,not_mutated,not_mutated,not_mutated,not_mutated,not_mutated,not_mutated,not_mutated,not_mutated,not_mutated,not_mutated,not_mutated,not_mutated,1
female,78.26,white,not_mutated,not_mutated,not_mutated,not_mutated,not_mutated,not_mutated,not_mutated,not_mutated,not_mutated,not_mutated,not_mutated,not_mutated,not_mutated,not_mutated,not_mutated,not_mutated,not_mutated,not_mutated,not_mutated,not_mutated,1
male,57.85,white,not_mutated,mutated,not_mutated,not_mutated,not_mutated,not_mutated,not_mutated,not_mutated,not_mutated,not_mutated,not_mutated,not_mutated,not_mutated,not_mutated,not_mutated,not_mutated,not_mutated,not_mutated,not_mutated,not_mutated,1
female,53.4,white,not_mutated,not_mutated,not_mutated,mutated,mutated,not_mutated,not_mutated,not_mutated,not_mutated,not_mutated,not_mutated,not_mutated,not_mutated,not_mutated,not_mutated,not_mutated,not_mutated,not_mutated,not_mutated,not_mutated,1
female,50.9,white,not_mutated,not_mutated,not_mutated,not_mutated,mutated,not_mutated,not_mutated,not_mutated,not_mutated,not_mutated,not_mutated,not_mutated,not_mutated,not_mutated,not_mutated,not_mutated,not_mutated,not_mutated,not_mutated,not_mutated,1
female,78.15,black_or_african_american,not_mutated,not_mutated,not_mutated,not_mutated,not_mutated,not_mutated,not_mutated,not_mutated,not_mutated,not_mutated,not_mutated,not_mutated,not_mutated,not_mutated,not_mutated,not_mutated,not_mutated,not_mutated,not_mutated,mutated,1
female,76.65,white,not_mutated,not_mutated,not_mutated,not_mutated,not_mutated,not_mutated,not_mutated,not_mutated,not_mutated,mutated,not_mutated,not_mutated,not_mutated,not_mutated,not_mutated,not_mutated,not_mutated,not_mutated,mutated,not_mutated,1
male,57.32,white,not_mutated,not_mutated,not_mutated,mutated,mutated,not_mutated,not_mutated,not_mutated,not_mutated,not_mutated,not_mutated,not_mutated,not_mutated,not_mutated,not_mutated,not_mutated,mutated,not_mutated,not_mutated,not_mutated,1
male,36.3,white,not_mutated,mutated,not_mutated,mutated,not_mutated,not_mutated,not_mutated,not_mutated,not_mutated,not_mutated,not_mutated,not_mutated,not_mutated,not_mutated,not_mutated,not_mutated,not_mutated,not_mutated,not_mutated,not_mutated,1
female,72.78,black_or_african_american,not_mutated,not_mutated,not_mutated,not_mutated,not_mutated,not_mutated,not_mutated,mutated,not_mutated,not_mutated,not_mutated,not_mutated,not_mutated,not_mutated,not_mutated,not_mutated,not_mutated,not_mutated,not_mutated,not_mutated,1
male,31.03,white,mutated,mutated,mutated,not_mutated,not_mutated,not_mutated,not_mutated,not_mutated,not_mutated,not_mutated,not_mutated,not_mutated,not_mutated,not_mutated,not_mutated,not_mutated,not_mutated,not_mutated,not_mutated,not_mutated,1
male,65.18,white,not_mutated,not_mutated,not_mutated,mutated,not_mutated,not_mutated,not_mutated,not_mutated,mutated,not_mutated,not_mutated,not_mutated,not_mutated,not_mutated,not_mutated,not_mutated,not_mutated,not_mutated,not_mutated,not_mutated,1
male,63.55,white,not_mutated,not_mutated,not_mutated,not_mutated,not_mutated,not_mutated,not_mutated,not_mutated,not_mutated,not_mutated,not_mutated,not_mutated,not_mutated,not_mutated,not_mutated,not_mutated,not_mutated,not_mutated,not_mutated,not_mutated,1
female,49.96,white,mutated,mutated,not_mutated,not_mutated,not_mutated,not_mutated,not_mutated,not_mutated,not_mutated,not_mutated,not_mutated,not_mutated,not_mutated,not_mutated,not_mutated,not_mutated,not_mutated,not_mutated,not_mutated,not_mutated,1
female,59.85,white,not_mutated,not_mutated,not_mutated,mutated,not_mutated,not_mutated,not_mutated,not_mutated,not_mutated,not_mutated,not_mutated,not_mutated,not_mutated,not_mutated,not_mutated,not_mutated,not_mutated,not_mutated,not_mutated,not_mutated,1
male,69.64,white,not_mutated,mutated,not_mutated,mutated,mutated,not_mutated,not_mutated,not_mutated,not_mutated,not_mutated,not_mutated,not_mutated,not_mutated,not_mutated,mutated,not_mutated,not_mutated,not_mutated,not_mutated,not_mutated,1
male,62.83,white,not_mutated,not_mutated,not_mutated,not_mutated,not_mutated,not_mutated,not_mutated,mutated,not_mutated,not_mutated,not_mutated,not_mutated,not_mutated,not_mutated,not_mutated,not_mutated,not_mutated,not_mutated,not_mutated,not_mutated,1
female,52.74,white,not_mutated,not_mutated,not_mutated,not_mutated,not_mutated,not_mutated,not_mutated,not_mutated,not_mutated,not_mutated,not_mutated,not_mutated,not_mutated,not_mutated,not_mutated,not_mutated,not_mutated,not_mutated,not_mutated,not_mutated,1
male,56.81,white,not_mutated,not_mutated,not_mutated,mutated,not_mutated,not_mutated,not_mutated,not_mutated,not_mutated,not_mutated,not_mutated,not_mutated,not_mutated,not_mutated,not_mutated,not_mutated,not_mutated,not_mutated,not_mutated,not_mutated,1
male,81.46,white,not_mutated,not_mutated,not_mutated,not_mutated,not_mutated,not_mutated,not_mutated,not_mutated,mutated,mutated,not_mutated,not_mutated,not_mutated,not_mutated,not_mutated,not_mutated,not_mutated,not_mutated,not_mutated,not_mutated,1
male,40.8,white,not_mutated,not_mutated,not_mutated,not_mutated,not_mutated,not_mutated,not_mutated,not_mutated,not_mutated,not_mutated,not_mutated,not_mutated,not_mutated,not_mutated,not_mutated,not_mutated,not_mutated,not_mutated,not_mutated,not_mutated,1
female,81.87,white,not_mutated,not_mutated,not_mutated,not_mutated,not_mutated,not_mutated,mutated,not_mutated,not_mutated,not_mutated,not_mutated,not_mutated,not_mutated,not_mutated,not_mutated,not_mutated,not_mutated,not_mutated,not_mutated,not_mutated,1
female,50.47,white,not_mutated,not_mutated,not_mutated,not_mutated,not_mutated,not_mutated,not_mutated,not_mutated,not_mutated,not_mutated,not_mutated,not_mutated,not_mutated,not_mutated,not_mutated,not_mutated,not_mutated,not_mutated,not_mutated,not_mutated,1
female,38.02,white,not_mutated,not_mutated,not_mutated,not_mutated,not_mutated,not_mutated,not_mutated,not_mutated,not_mutated,not_mutated,not_mutated,not_mutated,not_mutated,not_mutated,not_mutated,not_mutated,not_mutated,not_mutated,not_mutated,not_mutated,1
male,48.5,white,not_mutated,mutated,not_mutated,mutated,not_mutated,not_mutated,not_mutated,not_mutated,not_mutated,not_mutated,not_mutated,not_mutated,not_mutated,not_mutated,not_mutated,not_mutated,not_mutated,not_mutated,not_mutated,not_mutated,1
male,51.24,black_or_african_american,not_mutated,not_mutated,not_mutated,not_mutated,not_mutated,not_mutated,not_mutated,not_mutated,not_mutated,mutated,not_mutated,not_mutated,not_mutated,not_mutated,not_mutated,not_mutated,not_mutated,not_mutated,not_mutated,not_mutated,1
male,66.93,white,not_mutated,not_mutated,not_mutated,not_mutated,mutated,not_mutated,mutated,not_mutated,not_mutated,not_mutated,not_mutated,not_mutated,not_mutated,not_mutated,not_mutated,not_mutated,not_mutated,not_mutated,not_mutated,mutated,1
male,71.86,black_or_african_american,not_mutated,mutated,not_mutated,mutated,not_mutated,not_mutated,not_mutated,not_mutated,not_mutated,not_mutated,not_mutated,not_mutated,not_mutated,not_mutated,not_mutated,not_mutated,not_mutated,not_mutated,not_mutated,not_mutated,1
female,24.43,black_or_african_american,not_mutated,mutated,not_mutated,not_mutated,not_mutated,not_mutated,not_mutated,not_mutated,mutated,not_mutated,not_mutated,not_mutated,not_mutated,not_mutated,not_mutated,not_mutated,not_mutated,not_mutated,not_mutated,not_mutated,1
female,63.53,white,not_mutated,not_mutated,not_mutated,mutated,not_mutated,not_mutated,not_mutated,not_mutated,not_mutated,not_mutated,not_mutated,not_mutated,not_mutated,not_mutated,not_mutated,not_mutated,not_mutated,not_mutated,not_mutated,not_mutated,1
male,69.32,white,not_mutated,not_mutated,not_mutated,mutated,not_mutated,not_mutated,not_mutated,not_mutated,not_mutated,not_mutated,not_mutated,not_mutated,not_mutated,not_mutated,not_mutated,not_mutated,not_mutated,not_mutated,not_mutated,not_mutated,1
female,78.02,white,not_mutated,mutated,not_mutated,not_mutated,not_mutated,not_mutated,not_mutated,mutated,not_mutated,not_mutated,not_mutated,not_mutated,not_mutated,not_mutated,not_mutated,not_mutated,not_mutated,not_mutated,not_mutated,not_mutated,1
male,30.42,white,not_mutated,not_mutated,not_mutated,mutated,not_mutated,not_mutated,not_mutated,not_mutated,not_mutated,not_mutated,not_mutated,not_mutated,not_mutated,not_mutated,not_mutated,not_mutated,not_mutated,not_mutated,not_mutated,not_mutated,1
female,52.79,white,mutated,mutated,not_mutated,not_mutated,not_mutated,not_mutated,not_mutated,not_mutated,not_mutated,not_mutated,not_mutated,not_mutated,not_mutated,not_mutated,not_mutated,not_mutated,not_mutated,not_mutated,mutated,not_mutated,1
male,65.16,white,not_mutated,not_mutated,not_mutated,mutated,not_mutated,not_mutated,not_mutated,not_mutated,not_mutated,mutated,not_mutated,not_mutated,not_mutated,not_mutated,not_mutated,not_mutated,not_mutated,not_mutated,not_mutated,not_mutated,1
male,78.74,white,not_mutated,not_mutated,not_mutated,not_mutated,not_mutated,not_mutated,not_mutated,not_mutated,not_mutated,mutated,not_mutated,not_mutated,not_mutated,not_mutated,not_mutated,not_mutated,not_mutated,not_mutated,not_mutated,not_mutated,1
male,61.1,black_or_african_american,not_mutated,mutated,not_mutated,mutated,not_mutated,not_mutated,mutated,not_mutated,not_mutated,not_mutated,not_mutated,not_mutated,not_mutated,not_mutated,not_mutated,not_mutated,not_mutated,not_mutated,not_mutated,not_mutated,1
male,50.47,white,not_mutated,not_mutated,not_mutated,not_mutated,not_mutated,not_mutated,not_mutated,not_mutated,not_mutated,not_mutated,not_mutated,not_mutated,not_mutated,not_mutated,not_mutated,not_mutated,not_mutated,not_mutated,not_mutated,not_mutated,1
male,39.16,white,mutated,mutated,mutated,not_mutated,not_mutated,not_mutated,not_mutated,not_mutated,not_mutated,not_mutated,not_mutated,not_mutated,not_mutated,not_mutated,not_mutated,not_mutated,not_mutated,not_mutated,not_mutated,not_mutated,1
male,55.13,white,not_mutated,mutated,not_mutated,mutated,mutated,not_mutated,not_mutated,not_mutated,not_mutated,not_mutated,not_mutated,not_mutated,not_mutated,not_mutated,mutated,not_mutated,not_mutated,not_mutated,not_mutated,not_mutated,1
male,66.22,white,not_mutated,not_mutated,not_mutated,not_mutated,not_mutated,not_mutated,mutated,not_mutated,mutated,not_mutated,not_mutated,not_mutated,not_mutated,not_mutated,not_mutated,not_mutated,not_mutated,not_mutated,not_mutated,mutated,1
male,49.02,black_or_african_american,not_mutated,not_mutated,not_mutated,mutated,not_mutated,not_mutated,not_mutated,not_mutated,not_mutated,not_mutated,not_mutated,not_mutated,not_mutated,not_mutated,not_mutated,not_mutated,not_mutated,not_mutated,not_mutated,not_mutated,1
female,54.21,black_or_african_american,not_mutated,not_mutated,mutated,mutated,mutated,not_mutated,not_mutated,not_mutated,not_mutated,not_mutated,not_mutated,not_mutated,not_mutated,not_mutated,not_mutated,not_mutated,not_mutated,not_mutated,not_mutated,not_mutated,1
male,58.13,white,not_mutated,not_mutated,not_mutated,not_mutated,mutated,not_mutated,not_mutated,not_mutated,not_mutated,not_mutated,not_mutated,not_mutated,not_mutated,not_mutated,not_mutated,not_mutated,not_mutated,not_mutated,not_mutated,not_mutated,1
female,73.01,white,not_mutated,not_mutated,not_mutated,not_mutated,not_mutated,not_mutated,not_mutated,not_mutated,mutated,not_mutated,not_mutated,not_mutated,not_mutated,not_mutated,not_mutated,not_mutated,not_mutated,not_mutated,not_mutated,not_mutated,1
female,53.83,white,not_mutated,not_mutated,not_mutated,not_mutated,not_mutated,not_mutated,not_mutated,not_mutated,not_mutated,not_mutated,not_mutated,not_mutated,not_mutated,not_mutated,not_mutated,not_mutated,not_mutated,not_mutated,not_mutated,not_mutated,1
male,63.8,white,not_mutated,not_mutated,not_mutated,not_mutated,mutated,not_mutated,not_mutated,not_mutated,not_mutated,not_mutated,not_mutated,not_mutated,not_mutated,not_mutated,not_mutated,not_mutated,not_mutated,not_mutated,not_mutated,not_mutated,1
female,66.52,white,not_mutated,not_mutated,not_mutated,mutated,not_mutated,not_mutated,not_mutated,not_mutated,not_mutated,not_mutated,not_mutated,not_mutated,not_mutated,not_mutated,not_mutated,not_mutated,not_mutated,not_mutated,not_mutated,not_mutated,1
male,49.88,black_or_african_american,not_mutated,not_mutated,not_mutated,mutated,not_mutated,not_mutated,not_mutated,not_mutated,not_mutated,not_mutated,not_mutated,not_mutated,not_mutated,not_mutated,not_mutated,not_mutated,not_mutated,not_mutated,not_mutated,not_mutated,1
male,59.92,white,not_mutated,not_mutated,not_mutated,not_mutated,not_mutated,not_mutated,mutated,not_mutated,not_mutated,not_mutated,not_mutated,not_mutated,not_mutated,not_mutated,not_mutated,not_mutated,not_mutated,not_mutated,not_mutated,not_mutated,1
male,54.9,white,not_mutated,not_mutated,not_mutated,not_mutated,mutated,not_mutated,not_mutated,not_mutated,mutated,not_mutated,not_mutated,not_mutated,not_mutated,not_mutated,not_mutated,not_mutated,not_mutated,not_mutated,not_mutated,not_mutated,1
male,57.75,white,not_mutated,not_mutated,not_mutated,not_mutated,not_mutated,not_mutated,not_mutated,not_mutated,not_mutated,not_mutated,not_mutated,not_mutated,not_mutated,not_mutated,not_mutated,not_mutated,not_mutated,not_mutated,not_mutated,not_mutated,1
female,59.43,white,not_mutated,mutated,not_mutated,mutated,mutated,not_mutated,not_mutated,mutated,not_mutated,not_mutated,not_mutated,not_mutated,not_mutated,not_mutated,not_mutated,not_mutated,not_mutated,not_mutated,not_mutated,not_mutated,1
female,44.15,white,not_mutated,not_mutated,not_mutated,not_mutated,not_mutated,not_mutated,not_mutated,not_mutated,mutated,not_mutated,not_mutated,mutated,not_mutated,not_mutated,not_mutated,not_mutated,not_mutated,not_mutated,not_mutated,not_mutated,1
female,58.04,white,not_mutated,not_mutated,not_mutated,not_mutated,not_mutated,not_mutated,not_mutated,not_mutated,not_mutated,not_mutated,not_mutated,not_mutated,not_mutated,not_mutated,not_mutated,not_mutated,not_mutated,not_mutated,not_mutated,not_mutated,1
male,65.05,white,not_mutated,mutated,not_mutated,not_mutated,mutated,not_mutated,not_mutated,not_mutated,not_mutated,not_mutated,not_mutated,not_mutated,not_mutated,not_mutated,mutated,not_mutated,not_mutated,not_mutated,not_mutated,not_mutated,1
male,67.09,white,not_mutated,not_mutated,not_mutated,not_mutated,not_mutated,not_mutated,not_mutated,mutated,not_mutated,not_mutated,not_mutated,not_mutated,not_mutated,not_mutated,not_mutated,not_mutated,not_mutated,not_mutated,not_mutated,not_mutated,1
female,75.47,black_or_african_american,not_mutated,not_mutated,not_mutated,not_mutated,not_mutated,not_mutated,not_mutated,not_mutated,not_mutated,not_mutated,not_mutated,not_mutated,not_mutated,not_mutated,not_mutated,not_mutated,not_mutated,not_mutated,mutated,not_mutated,1
male,88.57,white,not_mutated,not_mutated,not_mutated,not_mutated,not_mutated,not_mutated,not_mutated,not_mutated,mutated,not_mutated,not_mutated,not_mutated,not_mutated,not_mutated,not_mutated,not_mutated,not_mutated,not_mutated,not_mutated,not_mutated,1
female,38.56,black_or_african_american,not_mutated,mutated,not_mutated,not_mutated,not_mutated,not_mutated,not_mutated,not_mutated,not_mutated,not_mutated,not_mutated,not_mutated,not_mutated,not_mutated,not_mutated,not_mutated,not_mutated,not_mutated,not_mutated,not_mutated,1
female,53.23,black_or_african_american,not_mutated,not_mutated,not_mutated,not_mutated,mutated,not_mutated,not_mutated,not_mutated,not_mutated,not_mutated,not_mutated,not_mutated,not_mutated,not_mutated,not_mutated,not_mutated,not_mutated,not_mutated,not_mutated,not_mutated,1
female,75.35,white,not_mutated,not_mutated,not_mutated,not_mutated,not_mutated,not_mutated,not_mutated,not_mutated,not_mutated,not_mutated,not_mutated,not_mutated,not_mutated,not_mutated,not_mutated,not_mutated,not_mutated,not_mutated,not_mutated,not_mutated,1
male,66.74,white,not_mutated,mutated,not_mutated,mutated,not_mutated,not_mutated,not_mutated,not_mutated,mutated,not_mutated,not_mutated,not_mutated,not_mutated,not_mutated,not_mutated,not_mutated,mutated,not_mutated,not_mutated,not_mutated,1
male,51.14,white,not_mutated,not_mutated,not_mutated,not_mutated,not_mutated,not_mutated,not_mutated,not_mutated,not_mutated,not_mutated,not_mutated,not_mutated,not_mutated,not_mutated,not_mutated,not_mutated,not_mutated,not_mutated,not_mutated,not_mutated,1
male,40.99,black_or_african_american,mutated,mutated,mutated,mutated,not_mutated,not_mutated,not_mutated,not_mutated,not_mutated,not_mutated,not_mutated,not_mutated,not_mutated,not_mutated,not_mutated,not_mutated,not_mutated,not_mutated,not_mutated,not_mutated,1
female,58.02,white,not_mutated,not_mutated,not_mutated,not_mutated,not_mutated,not_mutated,mutated,not_mutated,not_mutated,not_mutated,not_mutated,not_mutated,not_mutated,not_mutated,not_mutated,not_mutated,not_mutated,not_mutated,not_mutated,not_mutated,1
male,57.08,white,not_mutated,mutated,not_mutated,mutated,not_mutated,not_mutated,not_mutated,not_mutated,not_mutated,not_mutated,not_mutated,not_mutated,not_mutated,not_mutated,not_mutated,not_mutated,not_mutated,not_mutated,not_mutated,not_mutated,1
male,40.73,white,not_mutated,not_mutated,not_mutated,not_mutated,not_mutated,not_mutated,not_mutated,not_mutated,not_mutated,not_mutated,not_mutated,not_mutated,not_mutated,not_mutated,not_mutated,not_mutated,not_mutated,not_mutated,not_mutated,not_mutated,1
male,40.56,black_or_african_american,mutated,mutated,mutated,not_mutated,not_mutated,not_mutated,not_mutated,not_mutated,not_mutated,not_mutated,not_mutated,not_mutated,not_mutated,not_mutated,not_mutated,not_mutated,not_mutated,not_mutated,not_mutated,not_mutated,1
male,54.24,white,not_mutated,mutated,not_mutated,not_mutated,not_mutated,not_mutated,not_mutated,not_mutated,not_mutated,not_mutated,not_mutated,mutated,not_mutated,not_mutated,not_mutated,not_mutated,not_mutated,not_mutated,not_mutated,not_mutated,1
male,53.37,black_or_african_american,not_mutated,mutated,not_mutated,not_mutated,mutated,not_mutated,mutated,mutated,not_mutated,not_mutated,not_mutated,not_mutated,not_mutated,not_mutated,not_mutated,not_mutated,not_mutated,not_mutated,not_mutated,not_mutated,1
female,56.02,white,not_mutated,not_mutated,not_mutated,not_mutated,not_mutated,not_mutated,not_mutated,not_mutated,not_mutated,not_mutated,not_mutated,not_mutated,not_mutated,not_mutated,not_mutated,not_mutated,not_mutated,not_mutated,not_mutated,not_mutated,1
female,59.84,white,not_mutated,not_mutated,not_mutated,not_mutated,not_mutated,not_mutated,not_mutated,not_mutated,not_mutated,not_mutated,not_mutated,not_mutated,not_mutated,not_mutated,not_mutated,not_mutated,not_mutated,not_mutated,not_mutated,not_mutated,1
female,75.32,white,not_mutated,mutated,not_mutated,mutated,not_mutated,not_mutated,not_mutated,not_mutated,not_mutated,not_mutated,not_mutated,not_mutated,not_mutated,mutated,not_mutated,not_mutated,not_mutated,not_mutated,not_mutated,not_mutated,1
male,59.03,asian,not_mutated,not_mutated,not_mutated,mutated,mutated,not_mutated,not_mutated,not_mutated,not_mutated,not_mutated,not_mutated,not_mutated,not_mutated,not_mutated,not_mutated,not_mutated,not_mutated,not_mutated,not_mutated,not_mutated,1
female,44.37,white,not_mutated,not_mutated,mutated,not_mutated,not_mutated,not_mutated,not_mutated,mutated,not_mutated,not_mutated,not_mutated,not_mutated,not_mutated,not_mutated,not_mutated,not_mutated,not_mutated,not_mutated,not_mutated,not_mutated,1
male,46.65,white,not_mutated,mutated,not_mutated,not_mutated,not_mutated,not_mutated,not_mutated,not_mutated,not_mutated,not_mutated,not_mutated,not_mutated,not_mutated,not_mutated,not_mutated,not_mutated,not_mutated,not_mutated,not_mutated,not_mutated,1
male,68.68,white,not_mutated,not_mutated,not_mutated,not_mutated,mutated,not_mutated,not_mutated,not_mutated,not_mutated,not_mutated,not_mutated,not_mutated,not_mutated,not_mutated,not_mutated,not_mutated,not_mutated,not_mutated,not_mutated,not_mutated,1
female,30.93,black_or_african_american,mutated,mutated,mutated,not_mutated,not_mutated,not_mutated,not_mutated,not_mutated,not_mutated,not_mutated,not_mutated,not_mutated,not_mutated,not_mutated,not_mutated,not_mutated,not_mutated,not_mutated,not_mutated,not_mutated,1
female,64.82,white,not_mutated,not_mutated,not_mutated,not_mutated,mutated,not_mutated,not_mutated,not_mutated,not_mutated,mutated,not_mutated,not_mutated,not_mutated,not_mutated,not_mutated,not_mutated,mutated,not_mutated,not_mutated,not_mutated,1
female,36.83,white,not_mutated,not_mutated,not_mutated,not_mutated,mutated,not_mutated,not_mutated,not_mutated,not_mutated,not_mutated,not_mutated,not_mutated,not_mutated,not_mutated,not_mutated,not_mutated,not_mutated,not_mutated,not_mutated,not_mutated,1
male,78.74,white,not_mutated,not_mutated,not_mutated,not_mutated,not_mutated,not_mutated,not_mutated,mutated,not_mutated,not_mutated,not_mutated,not_mutated,not_mutated,not_mutated,not_mutated,not_mutated,not_mutated,not_mutated,not_mutated,not_mutated,1
male,83.64,white,not_mutated,not_mutated,not_mutated,mutated,not_mutated,not_mutated,mutated,not_mutated,not_mutated,mutated,not_mutated,not_mutated,not_mutated,not_mutated,not_mutated,not_mutated,not_mutated,not_mutated,not_mutated,not_mutated,1
male,51.55,white,not_mutated,not_mutated,not_mutated,not_mutated,mutated,not_mutated,not_mutated,not_mutated,not_mutated,not_mutated,not_mutated,not_mutated,not_mutated,not_mutated,not_mutated,not_mutated,not_mutated,not_mutated,not_mutated,not_mutated,1
female,63.32,white,not_mutated,not_mutated,not_mutated,mutated,mutated,not_mutated,mutated,not_mutated,not_mutated,not_mutated,not_mutated,not_mutated,not_mutated,not_mutated,not_mutated,not_mutated,not_mutated,not_mutated,not_mutated,not_mutated,1
female,59.62,white,not_mutated,not_mutated,not_mutated,mutated,not_mutated,not_mutated,not_mutated,not_mutated,not_mutated,not_mutated,not_mutated,not_mutated,not_mutated,not_mutated,not_mutated,not_mutated,not_mutated,not_mutated,not_mutated,not_mutated,1
female,72.53,white,not_mutated,not_mutated,not_mutated,not_mutated,not_mutated,not_mutated,not_mutated,not_mutated,not_mutated,not_mutated,not_mutated,not_mutated,not_mutated,not_mutated,not_mutated,not_mutated,not_mutated,not_mutated,not_mutated,mutated,1
female,53.64,white,not_mutated,mutated,not_mutated,not_mutated,not_mutated,not_mutated,not_mutated,not_mutated,mutated,not_mutated,not_mutated,mutated,not_mutated,not_mutated,not_mutated,not_mutated,mutated,not_mutated,not_mutated,not_mutated,1
male,74.23,white,not_mutated,not_mutated,not_mutated,not_mutated,not_mutated,not_mutated,not_mutated,not_mutated,not_mutated,not_mutated,not_mutated,not_mutated,not_mutated,not_mutated,not_mutated,not_mutated,not_mutated,not_mutated,not_mutated,mutated,1
female,60.67,white,not_mutated,not_mutated,not_mutated,not_mutated,not_mutated,not_mutated,mutated,not_mutated,not_mutated,not_mutated,not_mutated,not_mutated,not_mutated,not_mutated,not_mutated,not_mutated,not_mutated,not_mutated,not_mutated,not_mutated,1
male,54.81,white,not_mutated,not_mutated,not_mutated,not_mutated,mutated,not_mutated,not_mutated,not_mutated,not_mutated,not_mutated,not_mutated,not_mutated,not_mutated,not_mutated,not_mutated,not_mutated,not_mutated,not_mutated,not_mutated,not_mutated,1
male,63.02,white,not_mutated,mutated,not_mutated,not_mutated,mutated,not_mutated,not_mutated,not_mutated,not_mutated,not_mutated,not_mutated,not_mutated,not_mutated,not_mutated,not_mutated,not_mutated,not_mutated,not_mutated,not_mutated,not_mutated,1
male,58.84,white,not_mutated,not_mutated,not_mutated,not_mutated,not_mutated,not_mutated,not_mutated,not_mutated,not_mutated,not_mutated,not_mutated,not_mutated,not_mutated,not_mutated,not_mutated,not_mutated,not_mutated,not_mutated,not_mutated,not_mutated,1
male,60.75,white,not_mutated,not_mutated,not_mutated,not_mutated,mutated,not_mutated,mutated,not_mutated,not_mutated,not_mutated,not_mutated,not_mutated,not_mutated,not_mutated,not_mutated,not_mutated,not_mutated,not_mutated,not_mutated,not_mutated,1
male,71.7,white,not_mutated,not_mutated,not_mutated,not_mutated,mutated,not_mutated,not_mutated,mutated,not_mutated,not_mutated,not_mutated,not_mutated,not_mutated,not_mutated,not_mutated,not_mutated,not_mutated,not_mutated,not_mutated,not_mutated,1
male,75.21,black_or_african_american,not_mutated,not_mutated,not_mutated,not_mutated,mutated,not_mutated,mutated,not_mutated,not_mutated,not_mutated,not_mutated,not_mutated,not_mutated,not_mutated,not_mutated,not_mutated,not_mutated,not_mutated,not_mutated,not_mutated,1
male,50.85,black_or_african_american,not_mutated,not_mutated,mutated,mutated,mutated,not_mutated,mutated,not_mutated,not_mutated,not_mutated,not_mutated,not_mutated,not_mutated,not_mutated,not_mutated,not_mutated,not_mutated,not_mutated,not_mutated,not_mutated,1
male,67.02,white,not_mutated,not_mutated,not_mutated,not_mutated,not_mutated,not_mutated,not_mutated,mutated,not_mutated,not_mutated,not_mutated,not_mutated,not_mutated,not_mutated,not_mutated,not_mutated,not_mutated,not_mutated,not_mutated,not_mutated,1
male,60.98,white,not_mutated,not_mutated,not_mutated,not_mutated,not_mutated,not_mutated,mutated,not_mutated,not_mutated,not_mutated,not_mutated,not_mutated,not_mutated,not_mutated,not_mutated,not_mutated,not_mutated,not_mutated,not_mutated,not_mutated,1
female,65.39,white,not_mutated,not_mutated,not_mutated,mutated,not_mutated,not_mutated,not_mutated,not_mutated,not_mutated,mutated,not_mutated,not_mutated,not_mutated,not_mutated,not_mutated,not_mutated,not_mutated,not_mutated,not_mutated,not_mutated,1
male,51.25,white,not_mutated,mutated,not_mutated,not_mutated,not_mutated,not_mutated,not_mutated,not_mutated,not_mutated,not_mutated,not_mutated,not_mutated,not_mutated,not_mutated,not_mutated,not_mutated,not_mutated,not_mutated,not_mutated,not_mutated,1
male,45.82,asian,not_mutated,not_mutated,not_mutated,not_mutated,not_mutated,not_mutated,not_mutated,not_mutated,not_mutated,not_mutated,not_mutated,not_mutated,not_mutated,not_mutated,not_mutated,not_mutated,not_mutated,not_mutated,not_mutated,not_mutated,1
female,39.87,white,not_mutated,not_mutated,not_mutated,mutated,not_mutated,not_mutated,not_mutated,not_mutated,not_mutated,not_mutated,not_mutated,not_mutated,not_mutated,not_mutated,not_mutated,not_mutated,not_mutated,not_mutated,not_mutated,not_mutated,1
female,70.67,white,not_mutated,not_mutated,not_mutated,mutated,mutated,not_mutated,not_mutated,not_mutated,not_mutated,not_mutated,not_mutated,not_mutated,not_mutated,not_mutated,not_mutated,not_mutated,not_mutated,not_mutated,not_mutated,not_mutated,1
female,73.36,black_or_african_american,not_mutated,not_mutated,not_mutated,not_mutated,not_mutated,not_mutated,not_mutated,not_mutated,not_mutated,not_mutated,not_mutated,not_mutated,not_mutated,not_mutated,not_mutated,not_mutated,not_mutated,not_mutated,not_mutated,not_mutated,1
female,65.99,white,not_mutated,mutated,mutated,not_mutated,not_mutated,not_mutated,not_mutated,not_mutated,not_mutated,not_mutated,not_mutated,not_mutated,not_mutated,not_mutated,not_mutated,not_mutated,not_mutated,not_mutated,not_mutated,not_mutated,1
female,53.64,white,not_mutated,mutated,mutated,mutated,mutated,mutated,mutated,not_mutated,mutated,mutated,not_mutated,mutated,not_mutated,not_mutated,mutated,not_mutated,mutated,not_mutated,mutated,mutated,1
female,72.69,white,not_mutated,not_mutated,not_mutated,not_mutated,not_mutated,not_mutated,mutated,not_mutated,not_mutated,not_mutated,not_mutated,not_mutated,not_mutated,not_mutated,not_mutated,not_mutated,not_mutated,not_mutated,not_mutated,not_mutated,1
male,61.48,white,not_mutated,not_mutated,not_mutated,not_mutated,mutated,not_mutated,mutated,not_mutated,not_mutated,not_mutated,not_mutated,not_mutated,not_mutated,not_mutated,mutated,mutated,not_mutated,not_mutated,not_mutated,not_mutated,1
male,65.06,white,not_mutated,not_mutated,not_mutated,not_mutated,not_mutated,not_mutated,not_mutated,not_mutated,not_mutated,not_mutated,not_mutated,not_mutated,not_mutated,not_mutated,not_mutated,not_mutated,not_mutated,not_mutated,not_mutated,not_mutated,1
male,30.9,asian,mutated,mutated,mutated,not_mutated,not_mutated,not_mutated,not_mutated,not_mutated,not_mutated,mutated,not_mutated,not_mutated,not_mutated,not_mutated,not_mutated,not_mutated,not_mutated,not_mutated,not_mutated,not_mutated,1
male,64.14,white,not_mutated,not_mutated,not_mutated,not_mutated,mutated,not_mutated,not_mutated,not_mutated,not_mutated,mutated,not_mutated,not_mutated,not_mutated,not_mutated,not_mutated,not_mutated,not_mutated,not_mutated,not_mutated,not_mutated,1
male,55.73,white,not_mutated,not_mutated,not_mutated,not_mutated,not_mutated,not_mutated,not_mutated,not_mutated,not_mutated,not_mutated,not_mutated,not_mutated,not_mutated,not_mutated,not_mutated,not_mutated,not_mutated,not_mutated,mutated,not_mutated,1
female,79.34,white,not_mutated,not_mutated,not_mutated,mutated,not_mutated,not_mutated,mutated,not_mutated,not_mutated,not_mutated,not_mutated,not_mutated,not_mutated,not_mutated,mutated,not_mutated,not_mutated,not_mutated,not_mutated,not_mutated,1
male,74.81,white,not_mutated,not_mutated,not_mutated,mutated,not_mutated,not_mutated,not_mutated,not_mutated,not_mutated,not_mutated,not_mutated,not_mutated,not_mutated,not_mutated,not_mutated,not_mutated,not_mutated,not_mutated,not_mutated,not_mutated,1
male,63.07,white,not_mutated,not_mutated,not_mutated,not_mutated,not_mutated,not_mutated,mutated,not_mutated,not_mutated,not_mutated,not_mutated,not_mutated,not_mutated,not_mutated,not_mutated,not_mutated,not_mutated,not_mutated,not_mutated,not_mutated,1
female,81.06,white,not_mutated,not_mutated,not_mutated,not_mutated,not_mutated,not_mutated,not_mutated,not_mutated,mutated,not_mutated,not_mutated,not_mutated,not_mutated,not_mutated,not_mutated,not_mutated,not_mutated,not_mutated,not_mutated,not_mutated,1
female,53.24,white,not_mutated,mutated,not_mutated,not_mutated,not_mutated,not_mutated,not_mutated,not_mutated,not_mutated,not_mutated,not_mutated,not_mutated,not_mutated,not_mutated,not_mutated,not_mutated,not_mutated,not_mutated,not_mutated,not_mutated,1
male,69.94,black_or_african_american,not_mutated,not_mutated,not_mutated,not_mutated,not_mutated,not_mutated,not_mutated,not_mutated,mutated,not_mutated,not_mutated,not_mutated,not_mutated,not_mutated,not_mutated,not_mutated,not_mutated,not_mutated,not_mutated,not_mutated,1
male,60.94,white,mutated,not_mutated,mutated,not_mutated,not_mutated,not_mutated,not_mutated,not_mutated,not_mutated,mutated,not_mutated,not_mutated,not_mutated,not_mutated,not_mutated,not_mutated,not_mutated,not_mutated,not_mutated,not_mutated,1
male,55.59,black_or_african_american,not_mutated,not_mutated,not_mutated,not_mutated,mutated,not_mutated,not_mutated,mutated,not_mutated,not_mutated,not_mutated,not_mutated,not_mutated,not_mutated,not_mutated,not_mutated,not_mutated,not_mutated,not_mutated,not_mutated,1
female,75.94,white,not_mutated,mutated,not_mutated,not_mutated,mutated,not_mutated,not_mutated,not_mutated,not_mutated,not_mutated,not_mutated,not_mutated,not_mutated,not_mutated,not_mutated,not_mutated,not_mutated,not_mutated,not_mutated,not_mutated,1
male,47.96,white,not_mutated,not_mutated,not_mutated,not_mutated,mutated,not_mutated,mutated,not_mutated,not_mutated,not_mutated,not_mutated,not_mutated,not_mutated,not_mutated,not_mutated,not_mutated,not_mutated,not_mutated,not_mutated,not_mutated,1
female,71.19,white,not_mutated,mutated,not_mutated,mutated,not_mutated,not_mutated,not_mutated,not_mutated,not_mutated,not_mutated,not_mutated,mutated,not_mutated,not_mutated,not_mutated,not_mutated,not_mutated,not_mutated,not_mutated,not_mutated,1
male,71.41,white,not_mutated,mutated,not_mutated,mutated,not_mutated,not_mutated,not_mutated,not_mutated,not_mutated,not_mutated,not_mutated,not_mutated,not_mutated,not_mutated,not_mutated,not_mutated,not_mutated,not_mutated,not_mutated,not_mutated,1
male,25.22,white,mutated,mutated,mutated,not_mutated,not_mutated,not_mutated,not_mutated,not_mutated,not_mutated,not_mutated,not_mutated,not_mutated,not_mutated,not_mutated,not_mutated,not_mutated,not_mutated,not_mutated,not_mutated,not_mutated,1
male,61.68,white,not_mutated,not_mutated,not_mutated,not_mutated,not_mutated,not_mutated,not_mutated,not_mutated,not_mutated,not_mutated,not_mutated,not_mutated,not_mutated,not_mutated,not_mutated,not_mutated,not_mutated,not_mutated,not_mutated,not_mutated,1
female,47.83,white,not_mutated,mutated,not_mutated,mutated,not_mutated,not_mutated,not_mutated,not_mutated,not_mutated,not_mutated,not_mutated,mutated,not_mutated,not_mutated,not_mutated,not_mutated,not_mutated,not_mutated,not_mutated,not_mutated,1
female,50.35,white,not_mutated,not_mutated,not_mutated,not_mutated,not_mutated,not_mutated,not_mutated,not_mutated,not_mutated,not_mutated,not_mutated,not_mutated,not_mutated,mutated,not_mutated,not_mutated,not_mutated,not_mutated,not_mutated,not_mutated,1
female,72.27,white,not_mutated,not_mutated,not_mutated,not_mutated,not_mutated,not_mutated,not_mutated,not_mutated,mutated,not_mutated,not_mutated,not_mutated,not_mutated,not_mutated,not_mutated,not_mutated,not_mutated,not_mutated,not_mutated,not_mutated,1
male,31.02,white,mutated,mutated,mutated,not_mutated,not_mutated,not_mutated,not_mutated,not_mutated,not_mutated,not_mutated,not_mutated,not_mutated,not_mutated,not_mutated,not_mutated,not_mutated,not_mutated,not_mutated,not_mutated,mutated,1
male,86.59,white,not_mutated,not_mutated,not_mutated,not_mutated,not_mutated,not_mutated,mutated,not_mutated,not_mutated,not_mutated,not_mutated,not_mutated,not_mutated,not_mutated,not_mutated,not_mutated,not_mutated,not_mutated,not_mutated,not_mutated,1
female,38.59,white,mutated,mutated,not_mutated,not_mutated,not_mutated,not_mutated,not_mutated,not_mutated,not_mutated,not_mutated,not_mutated,not_mutated,not_mutated,not_mutated,not_mutated,not_mutated,not_mutated,not_mutated,not_mutated,not_mutated,1
female,72.83,white,not_mutated,mutated,not_mutated,not_mutated,not_mutated,not_mutated,not_mutated,mutated,mutated,not_mutated,not_mutated,not_mutated,not_mutated,not_mutated,not_mutated,not_mutated,not_mutated,not_mutated,not_mutated,not_mutated,1
female,55.13,white,not_mutated,not_mutated,mutated,mutated,not_mutated,not_mutated,not_mutated,not_mutated,not_mutated,not_mutated,not_mutated,mutated,not_mutated,not_mutated,not_mutated,not_mutated,not_mutated,not_mutated,not_mutated,not_mutated,1
female,66.88,white,not_mutated,not_mutated,not_mutated,not_mutated,not_mutated,not_mutated,not_mutated,not_mutated,not_mutated,not_mutated,not_mutated,mutated,not_mutated,not_mutated,not_mutated,not_mutated,not_mutated,not_mutated,not_mutated,not_mutated,1
female,55.99,white,not_mutated,not_mutated,not_mutated,not_mutated,not_mutated,not_mutated,not_mutated,not_mutated,not_mutated,not_mutated,not_mutated,not_mutated,not_mutated,not_mutated,not_mutated,not_mutated,not_mutated,not_mutated,not_mutated,not_mutated,1
male,65.94,white,not_mutated,not_mutated,not_mutated,not_mutated,not_mutated,not_mutated,not_mutated,mutated,not_mutated,not_mutated,not_mutated,not_mutated,not_mutated,not_mutated,not_mutated,not_mutated,not_mutated,not_mutated,not_mutated,not_mutated,1
female,72.16,white,not_mutated,not_mutated,not_mutated,not_mutated,not_mutated,not_mutated,mutated,mutated,not_mutated,not_mutated,not_mutated,not_mutated,not_mutated,not_mutated,not_mutated,not_mutated,not_mutated,not_mutated,not_mutated,not_mutated,1
female,33.02,white,not_mutated,mutated,not_mutated,not_mutated,not_mutated,not_mutated,not_mutated,not_mutated,not_mutated,not_mutated,not_mutated,not_mutated,not_mutated,not_mutated,not_mutated,not_mutated,not_mutated,not_mutated,not_mutated,not_mutated,1
male,83.31,white,not_mutated,not_mutated,mutated,mutated,mutated,not_mutated,not_mutated,not_mutated,not_mutated,not_mutated,not_mutated,not_mutated,not_mutated,not_mutated,not_mutated,not_mutated,not_mutated,not_mutated,not_mutated,not_mutated,1
male,43.71,asian,mutated,mutated,mutated,not_mutated,not_mutated,not_mutated,not_mutated,not_mutated,not_mutated,not_mutated,not_mutated,not_mutated,not_mutated,not_mutated,not_mutated,not_mutated,not_mutated,not_mutated,not_mutated,not_mutated,1
male,68.61,white,not_mutated,not_mutated,not_mutated,not_mutated,not_mutated,not_mutated,not_mutated,not_mutated,mutated,not_mutated,not_mutated,not_mutated,not_mutated,not_mutated,not_mutated,not_mutated,not_mutated,not_mutated,not_mutated,not_mutated,1
female,47.73,white,not_mutated,not_mutated,not_mutated,mutated,not_mutated,not_mutated,not_mutated,not_mutated,mutated,not_mutated,not_mutated,not_mutated,not_mutated,not_mutated,not_mutated,not_mutated,not_mutated,not_mutated,not_mutated,not_mutated,1
male,79.5,black_or_african_american,not_mutated,not_mutated,not_mutated,not_mutated,not_mutated,not_mutated,not_mutated,mutated,not_mutated,not_mutated,not_mutated,not_mutated,not_mutated,not_mutated,not_mutated,not_mutated,not_mutated,not_mutated,not_mutated,not_mutated,1
male,67.89,white,not_mutated,not_mutated,not_mutated,not_mutated,not_mutated,not_mutated,not_mutated,not_mutated,not_mutated,not_mutated,not_mutated,not_mutated,not_mutated,not_mutated,not_mutated,not_mutated,not_mutated,not_mutated,not_mutated,mutated,1
female,49.82,white,not_mutated,not_mutated,not_mutated,mutated,mutated,not_mutated,not_mutated,not_mutated,not_mutated,not_mutated,not_mutated,not_mutated,not_mutated,not_mutated,not_mutated,not_mutated,not_mutated,not_mutated,not_mutated,not_mutated,1
female,66.7,white,not_mutated,not_mutated,not_mutated,mutated,mutated,not_mutated,not_mutated,not_mutated,not_mutated,not_mutated,not_mutated,not_mutated,not_mutated,not_mutated,not_mutated,not_mutated,not_mutated,not_mutated,not_mutated,not_mutated,1
male,68.61,black_or_african_american,not_mutated,not_mutated,not_mutated,not_mutated,not_mutated,not_mutated,not_mutated,not_mutated,not_mutated,not_mutated,not_mutated,not_mutated,not_mutated,not_mutated,not_mutated,not_mutated,not_mutated,not_mutated,not_mutated,not_mutated,1
female,47.14,black_or_african_american,not_mutated,not_mutated,not_mutated,not_mutated,not_mutated,not_mutated,not_mutated,mutated,not_mutated,not_mutated,not_mutated,not_mutated,not_mutated,not_mutated,not_mutated,not_mutated,not_mutated,not_mutated,not_mutated,not_mutated,1
male,61.6,white,not_mutated,not_mutated,not_mutated,mutated,mutated,not_mutated,not_mutated,not_mutated,not_mutated,not_mutated,not_mutated,not_mutated,not_mutated,not_mutated,not_mutated,not_mutated,not_mutated,not_mutated,not_mutated,not_mutated,1
female,49.43,white,not_mutated,mutated,not_mutated,mutated,not_mutated,not_mutated,mutated,not_mutated,not_mutated,not_mutated,not_mutated,not_mutated,not_mutated,not_mutated,not_mutated,not_mutated,not_mutated,not_mutated,not_mutated,not_mutated,1
male,67.33,white,not_mutated,not_mutated,not_mutated,mutated,not_mutated,not_mutated,not_mutated,not_mutated,mutated,not_mutated,not_mutated,not_mutated,not_mutated,not_mutated,not_mutated,not_mutated,not_mutated,not_mutated,not_mutated,not_mutated,1
female,32.73,white,not_mutated,not_mutated,not_mutated,not_mutated,not_mutated,not_mutated,not_mutated,not_mutated,not_mutated,not_mutated,not_mutated,not_mutated,not_mutated,not_mutated,not_mutated,not_mutated,not_mutated,not_mutated,not_mutated,not_mutated,1
female,65.11,white,not_mutated,not_mutated,not_mutated,not_mutated,mutated,not_mutated,not_mutated,not_mutated,not_mutated,mutated,not_mutated,not_mutated,not_mutated,not_mutated,not_mutated,not_mutated,not_mutated,not_mutated,mutated,not_mutated,1
female,66.58,white,not_mutated,mutated,not_mutated,mutated,not_mutated,not_mutated,not_mutated,not_mutated,not_mutated,not_mutated,not_mutated,not_mutated,not_mutated,not_mutated,not_mutated,not_mutated,not_mutated,not_mutated,not_mutated,not_mutated,1
male,62.77,white,not_mutated,not_mutated,not_mutated,not_mutated,not_mutated,not_mutated,not_mutated,not_mutated,not_mutated,not_mutated,not_mutated,not_mutated,not_mutated,not_mutated,not_mutated,not_mutated,not_mutated,not_mutated,not_mutated,not_mutated,1
male,50.04,white,not_mutated,not_mutated,not_mutated,mutated,mutated,not_mutated,not_mutated,not_mutated,not_mutated,not_mutated,not_mutated,not_mutated,not_mutated,not_mutated,not_mutated,not_mutated,not_mutated,not_mutated,not_mutated,not_mutated,1
female,34.3,white,not_mutated,not_mutated,not_mutated,not_mutated,not_mutated,not_mutated,not_mutated,not_mutated,not_mutated,not_mutated,not_mutated,not_mutated,not_mutated,not_mutated,not_mutated,not_mutated,not_mutated,not_mutated,not_mutated,not_mutated,1
female,61.03,white,not_mutated,not_mutated,not_mutated,not_mutated,not_mutated,not_mutated,not_mutated,not_mutated,not_mutated,not_mutated,not_mutated,not_mutated,not_mutated,not_mutated,not_mutated,not_mutated,not_mutated,not_mutated,not_mutated,not_mutated,1
male,77.97,white,not_mutated,not_mutated,not_mutated,not_mutated,not_mutated,not_mutated,not_mutated,not_mutated,not_mutated,not_mutated,not_mutated,not_mutated,not_mutated,not_mutated,not_mutated,not_mutated,not_mutated,not_mutated,not_mutated,not_mutated,1
male,54.28,white,not_mutated,not_mutated,not_mutated,not_mutated,not_mutated,not_mutated,not_mutated,not_mutated,not_mutated,not_mutated,not_mutated,not_mutated,not_mutated,not_mutated,not_mutated,not_mutated,not_mutated,not_mutated,not_mutated,mutated,1
male,51.09,white,not_mutated,not_mutated,not_mutated,not_mutated,not_mutated,not_mutated,not_mutated,not_mutated,not_mutated,not_mutated,not_mutated,not_mutated,not_mutated,not_mutated,not_mutated,not_mutated,not_mutated,not_mutated,not_mutated,not_mutated,1
male,53.02,white,not_mutated,mutated,not_mutated,mutated,not_mutated,not_mutated,not_mutated,not_mutated,not_mutated,not_mutated,not_mutated,not_mutated,not_mutated,not_mutated,not_mutated,not_mutated,not_mutated,not_mutated,not_mutated,not_mutated,1
male,46.92,white,not_mutated,not_mutated,not_mutated,not_mutated,not_mutated,not_mutated,mutated,not_mutated,not_mutated,not_mutated,not_mutated,not_mutated,not_mutated,not_mutated,not_mutated,not_mutated,not_mutated,not_mutated,not_mutated,not_mutated,1
male,52.67,white,not_mutated,not_mutated,not_mutated,mutated,mutated,not_mutated,not_mutated,not_mutated,not_mutated,not_mutated,not_mutated,not_mutated,not_mutated,not_mutated,not_mutated,not_mutated,not_mutated,not_mutated,not_mutated,not_mutated,1
female,48.68,white,not_mutated,mutated,mutated,mutated,not_mutated,not_mutated,not_mutated,mutated,mutated,not_mutated,not_mutated,mutated,not_mutated,mutated,mutated,mutated,not_mutated,not_mutated,not_mutated,not_mutated,1
male,51.56,white,not_mutated,not_mutated,not_mutated,mutated,not_mutated,not_mutated,not_mutated,not_mutated,not_mutated,not_mutated,not_mutated,not_mutated,not_mutated,not_mutated,not_mutated,not_mutated,not_mutated,not_mutated,not_mutated,not_mutated,1
female,62.11,white,not_mutated,mutated,not_mutated,not_mutated,not_mutated,not_mutated,not_mutated,not_mutated,not_mutated,not_mutated,not_mutated,not_mutated,not_mutated,not_mutated,not_mutated,not_mutated,not_mutated,not_mutated,not_mutated,not_mutated,1
male,58.05,white,not_mutated,not_mutated,not_mutated,mutated,not_mutated,not_mutated,not_mutated,not_mutated,mutated,not_mutated,not_mutated,not_mutated,not_mutated,not_mutated,not_mutated,not_mutated,not_mutated,not_mutated,not_mutated,not_mutated,1
male,61.31,white,not_mutated,not_mutated,not_mutated,not_mutated,not_mutated,not_mutated,not_mutated,not_mutated,mutated,not_mutated,not_mutated,not_mutated,not_mutated,not_mutated,not_mutated,not_mutated,not_mutated,not_mutated,not_mutated,not_mutated,1
male,66.3,white,mutated,mutated,not_mutated,not_mutated,not_mutated,not_mutated,not_mutated,not_mutated,not_mutated,not_mutated,not_mutated,not_mutated,not_mutated,not_mutated,not_mutated,not_mutated,not_mutated,not_mutated,not_mutated,not_mutated,1
male,64.12,white,not_mutated,not_mutated,not_mutated,mutated,not_mutated,not_mutated,not_mutated,not_mutated,not_mutated,not_mutated,not_mutated,not_mutated,not_mutated,not_mutated,not_mutated,not_mutated,not_mutated,not_mutated,not_mutated,not_mutated,1
male,56.31,white,not_mutated,not_mutated,not_mutated,not_mutated,not_mutated,not_mutated,not_mutated,not_mutated,not_mutated,not_mutated,not_mutated,not_mutated,not_mutated,not_mutated,not_mutated,not_mutated,not_mutated,not_mutated,not_mutated,not_mutated,1
female,77.89,white,not_mutated,not_mutated,not_mutated,mutated,not_mutated,not_mutated,not_mutated,not_mutated,not_mutated,not_mutated,not_mutated,not_mutated,not_mutated,not_mutated,not_mutated,not_mutated,not_mutated,not_mutated,not_mutated,not_mutated,1
male,85.18,white,not_mutated,mutated,not_mutated,mutated,not_mutated,not_mutated,not_mutated,not_mutated,not_mutated,not_mutated,not_mutated,not_mutated,not_mutated,not_mutated,not_mutated,not_mutated,not_mutated,not_mutated,not_mutated,not_mutated,1
female,77.49,white,not_mutated,mutated,not_mutated,mutated,not_mutated,not_mutated,not_mutated,not_mutated,not_mutated,not_mutated,not_mutated,not_mutated,not_mutated,not_mutated,not_mutated,not_mutated,not_mutated,not_mutated,not_mutated,not_mutated,1
male,63.33,white,not_mutated,mutated,not_mutated,not_mutated,not_mutated,not_mutated,mutated,mutated,not_mutated,not_mutated,not_mutated,mutated,not_mutated,not_mutated,not_mutated,not_mutated,not_mutated,not_mutated,not_mutated,not_mutated,1
male,76.61,black_or_african_american,not_mutated,not_mutated,not_mutated,not_mutated,not_mutated,not_mutated,not_mutated,not_mutated,not_mutated,not_mutated,not_mutated,not_mutated,not_mutated,not_mutated,not_mutated,not_mutated,not_mutated,not_mutated,not_mutated,not_mutated,1
